arm,seed,block,evaluation_set,n_days,energy_score_mean,variogram_score_mean
climatology,1,activation,main_211,211,3.067019774140074,139.69926748559246
climatology,1,all,main_211,211,5.917217811653563,1257.3046955166312
climatology,1,prices,main_211,211,4.895902415232393,553.6376576229954
climatology,2,activation,main_211,211,3.0656401284335972,139.54889730079884
climatology,2,all,main_211,211,5.9153874580254255,1256.731445493885
climatology,2,prices,main_211,211,4.8944042337823035,553.7145272647095
climatology,3,activation,main_211,211,3.0667871935547026,139.6442192816129
climatology,3,all,main_211,211,5.916719732124011,1257.8991072102874
climatology,3,prices,main_211,211,4.8970958282018975,553.9043257026325
climatology,1,activation,common_209,209,3.079802884538118,140.39883590336788
climatology,1,all,common_209,209,5.930158868237791,1262.2714320173366
climatology,1,prices,common_209,209,4.902283018237936,555.6004500785209
climatology,2,activation,common_209,209,3.078924107219767,140.26070211815738
climatology,2,all,common_209,209,5.92884864236861,1261.7802948782607
climatology,2,prices,common_209,209,4.901072703175416,555.7215204367866
climatology,3,activation,common_209,209,3.0799324557396206,140.35732860022017
climatology,3,all,common_209,209,5.930444227544209,1263.0224965550115
climatology,3,prices,common_209,209,4.904034086936106,555.9581091807287
empirical_copula,1,activation,main_211,211,3.100368306583273,140.3362161419092
empirical_copula,1,all,main_211,211,5.293170672423051,1050.1240133733684
empirical_copula,1,prices,main_211,211,4.0320519275269335,407.6720492444524
empirical_copula,2,activation,main_211,211,3.0940884550045245,139.94350221891884
empirical_copula,2,all,main_211,211,5.291362966894417,1047.2230760549821
empirical_copula,2,prices,main_211,211,4.026464536592525,407.2880386244709
empirical_copula,3,activation,main_211,211,3.1095079745281864,140.86106332363534
empirical_copula,3,all,main_211,211,5.31150465826024,1053.1386946552423
empirical_copula,3,prices,main_211,211,4.048181441480456,409.0006984083208
empirical_copula,1,activation,common_209,209,3.110489878460525,140.82345904676438
empirical_copula,1,all,common_209,209,5.301660518710465,1053.3420746745778
empirical_copula,1,prices,common_209,209,4.03464999772446,408.6002724929367
empirical_copula,2,activation,common_209,209,3.103943868720254,140.38878631990391
empirical_copula,2,all,common_209,209,5.299115453623557,1050.4024827483722
empirical_copula,2,prices,common_209,209,4.027955091821441,408.2020045074565
empirical_copula,3,activation,common_209,209,3.116958839309698,141.1558903755372
empirical_copula,3,all,common_209,209,5.317857930510562,1055.867715077304
empirical_copula,3,prices,common_209,209,4.049908157186772,409.9596075601659
fb1_qr,1,activation,main_211,211,3.126916945054619,142.71478083452868
fb1_qr,1,all,main_211,211,5.295561813571712,1070.0019044407816
fb1_qr,1,prices,main_211,211,4.066456580116277,428.14298039586896
fb1_qr,2,activation,main_211,211,3.1139786394224966,141.96194866149418
fb1_qr,2,all,main_211,211,5.288341100130244,1069.0569164045833
fb1_qr,2,prices,main_211,211,4.065566687450389,428.51541219037057
fb1_qr,3,activation,main_211,211,3.11630901666127,141.9715817694429
fb1_qr,3,all,main_211,211,5.290927497661895,1067.8514774669377
fb1_qr,3,prices,main_211,211,4.064459210274105,427.76350964662043
fb1_qr,1,activation,common_209,209,3.1336466548396698,143.00144897008
fb1_qr,1,all,common_209,209,5.301965721030697,1072.604212907807
fb1_qr,1,prices,common_209,209,4.068622736938106,428.8294802774449
fb1_qr,2,activation,common_209,209,3.1213930070311755,142.26276542819156
fb1_qr,2,all,common_209,209,5.295088087998089,1071.6156636650348
fb1_qr,2,prices,common_209,209,4.067430742504442,429.1737169629384
fb1_qr,3,activation,common_209,209,3.1239945116757784,142.2832173297632
fb1_qr,3,all,common_209,209,5.297915047187812,1070.4823940058063
fb1_qr,3,prices,common_209,209,4.066626873210761,428.44704652396877
fb2_gate,1,activation,main_211,211,3.1109466425695973,141.78791515604362
fb2_gate,1,all,main_211,211,5.259680078852911,1049.5577343538234
fb2_gate,1,prices,main_211,211,4.0145956040689175,409.75162573555656
fb2_gate,2,activation,main_211,211,3.1120416696113025,141.68610697981924
fb2_gate,2,all,main_211,211,5.258522516585707,1050.1224936450478
fb2_gate,2,prices,main_211,211,4.010417890015663,409.92158020824456
fb2_gate,3,activation,main_211,211,3.1124944551709968,141.76475562464975
fb2_gate,3,all,main_211,211,5.267020904034684,1051.9855130245196
fb2_gate,3,prices,main_211,211,4.019644033199132,411.2401724843984
fb2_gate,1,activation,common_209,209,3.119077086566232,142.111547825356
fb2_gate,1,all,common_209,209,5.267439382235435,1052.302455214148
fb2_gate,1,prices,common_209,209,4.017407887873778,410.58565509060026
fb2_gate,2,activation,common_209,209,3.120715469692402,142.06960896178944
fb2_gate,2,all,common_209,209,5.266047439471362,1052.9045871308854
fb2_gate,2,prices,common_209,209,4.01228889045142,410.68605312209746
fb2_gate,3,activation,common_209,209,3.120906739517527,142.117164935803
fb2_gate,3,all,common_209,209,5.273594047637125,1054.6873764579464
fb2_gate,3,prices,common_209,209,4.021137487766764,412.05019265917616
fb2_no_cross_target,1,activation,main_211,211,3.104184962347096,141.30711745580066
fb2_no_cross_target,1,all,main_211,211,5.27028876829697,1054.7235751630858
fb2_no_cross_target,1,prices,main_211,211,4.034604484351749,414.354852727556
fb2_no_cross_target,2,activation,main_211,211,3.1025891544884137,141.37408780891838
fb2_no_cross_target,2,all,main_211,211,5.26893378234067,1054.5265829703305
fb2_no_cross_target,2,prices,main_211,211,4.038319282127158,414.171347183157
fb2_no_cross_target,3,activation,main_211,211,3.1080588543128416,141.57521509422506
fb2_no_cross_target,3,all,main_211,211,5.271499303731036,1054.3482888048634
fb2_no_cross_target,3,prices,main_211,211,4.034430071536499,414.20363449417886
fb2_no_cross_target,1,activation,common_209,209,3.113206871537094,141.70264190727195
fb2_no_cross_target,1,all,common_209,209,5.277973204206373,1057.760725701883
fb2_no_cross_target,1,prices,common_209,209,4.036902664416911,415.28585844003993
fb2_no_cross_target,2,activation,common_209,209,3.110251664015797,141.70003181414629
fb2_no_cross_target,2,all,common_209,209,5.275492532586904,1057.3002119371204
fb2_no_cross_target,2,prices,common_209,209,4.040590377199754,415.0659280308723
fb2_no_cross_target,3,activation,common_209,209,3.115435559215604,141.85097090242994
fb2_no_cross_target,3,all,common_209,209,5.278240387264657,1056.9989902666505
fb2_no_cross_target,3,prices,common_209,209,4.037115898144452,415.0558963504699
fb2_no_temporal,1,activation,main_211,211,3.1130274683403254,142.116197679258
fb2_no_temporal,1,all,main_211,211,5.280450269903507,1064.2030649742082
fb2_no_temporal,1,prices,main_211,211,4.040823626995377,421.8867204876568
fb2_no_temporal,2,activation,main_211,211,3.1090333622414534,141.5211513333019
fb2_no_temporal,2,all,main_211,211,5.277840456555745,1062.4801336152932
fb2_no_temporal,2,prices,main_211,211,4.040043696260047,422.0602066376233
fb2_no_temporal,3,activation,main_211,211,3.111793097053479,141.78842888022282
fb2_no_temporal,3,all,main_211,211,5.260446460906167,1058.2727965377712
fb2_no_temporal,3,prices,main_211,211,4.019518343996437,419.3682702961296
fb2_no_temporal,1,activation,common_209,209,3.1212539133520116,142.49199961374686
fb2_no_temporal,1,all,common_209,209,5.287621952214624,1066.9413169389366
fb2_no_temporal,1,prices,common_209,209,4.042662405835878,422.55446507080563
fb2_no_temporal,2,activation,common_209,209,3.1176159919107436,141.8647042503369
fb2_no_temporal,2,all,common_209,209,5.285707710060177,1065.1941856762787
fb2_no_temporal,2,prices,common_209,209,4.042511251116428,422.7485764261167
fb2_no_temporal,3,activation,common_209,209,3.1187069158566243,142.06704490081273
fb2_no_temporal,3,all,common_209,209,5.265991272679072,1060.724501298692
fb2_no_temporal,3,prices,common_209,209,4.020438344120535,419.94039617291264
fb2_plus_weather,1,activation,common_209,209,3.48994807136041,164.25266465111798
fb2_plus_weather,1,all,common_209,209,5.474682104461235,1098.924928902639
fb2_plus_weather,1,prices,common_209,209,3.971465354979711,408.4074025827307
fb2_plus_weather,2,activation,common_209,209,3.4885866498511575,164.25780752723054
fb2_plus_weather,2,all,common_209,209,5.466971782299617,1098.1659624394558
fb2_plus_weather,2,prices,common_209,209,3.967765987252522,407.6229688941758
fb2_plus_weather,3,activation,common_209,209,3.5011122337042844,164.62133632411
fb2_plus_weather,3,all,common_209,209,5.463324744329402,1095.3117495529723
fb2_plus_weather,3,prices,common_209,209,3.946942911140368,405.4532321997294
hist_independent,1,activation,main_211,211,3.0428547648261115,138.6211100737349
hist_independent,1,all,main_211,211,5.890993388092374,1248.8946534386375
hist_independent,1,prices,main_211,211,4.8561571351242625,544.1159587955833
hist_independent,2,activation,main_211,211,3.03461380156083,138.15045192135975
hist_independent,2,all,main_211,211,5.8984674281963905,1249.475906609968
hist_independent,2,prices,main_211,211,4.870514382968073,545.3032047999455
hist_independent,3,activation,main_211,211,3.0288935158196337,137.48972717385507
hist_independent,3,all,main_211,211,5.9101708503571615,1253.5004573381561
hist_independent,3,prices,main_211,211,4.892208943793259,550.0308393823864
hist_independent,1,activation,common_209,209,3.057352638768373,139.40858392015645
hist_independent,1,all,common_209,209,5.904205903354541,1253.98084514462
hist_independent,1,prices,common_209,209,4.861486560114071,546.0272801578924
hist_independent,2,activation,common_209,209,3.04941717704705,138.938941105597
hist_independent,2,all,common_209,209,5.911918280674971,1254.6377403238125
hist_independent,2,prices,common_209,209,4.876043582342174,547.2404583248116
hist_independent,3,activation,common_209,209,3.043294992088417,138.29544366759765
hist_independent,3,all,common_209,209,5.922706999840049,1258.5427349682707
hist_independent,3,prices,common_209,209,4.896970938496563,551.9640689084599
hist_paired,1,activation,main_211,211,3.040542497134663,138.2101620349849
hist_paired,1,all,main_211,211,5.9352661779798686,1257.8457798028726
hist_paired,1,prices,main_211,211,4.909745991234545,554.9252126015851
hist_paired,2,activation,main_211,211,3.040066844034704,138.00371742855313
hist_paired,2,all,main_211,211,5.933444391259285,1255.7452636939051
hist_paired,2,prices,main_211,211,4.908946783592051,554.2008779379664
hist_paired,3,activation,main_211,211,3.038684552555888,138.1223431053634
hist_paired,3,all,main_211,211,5.941278489260743,1258.9355354397019
hist_paired,3,prices,main_211,211,4.919360816160901,556.7057396451218
hist_paired,1,activation,common_209,209,3.0548376650200946,138.99874873268212
hist_paired,1,all,common_209,209,5.949490125809031,1263.243720897035
hist_paired,1,prices,common_209,209,4.91595607341145,557.0371865877169
hist_paired,2,activation,common_209,209,3.053538205078948,138.72426872576253
hist_paired,2,all,common_209,209,5.947179490283337,1260.885284488546
hist_paired,2,prices,common_209,209,4.915133284224383,556.2827887955896
hist_paired,3,activation,common_209,209,3.0523143749514707,138.85415444429333
hist_paired,3,all,common_209,209,5.954732861642414,1264.0185155502281
hist_paired,3,prices,common_209,209,4.925168316538751,558.7355252113164
x09_block_copula,1,activation,main_211,211,3.106669462500894,141.1562891449621
x09_block_copula,1,all,main_211,211,5.266004534969113,1049.2431793980115
x09_block_copula,1,prices,main_211,211,4.018992841461869,407.2236706074809
x09_block_copula,2,activation,main_211,211,3.0945110328283185,140.12514101063064
x09_block_copula,2,all,main_211,211,5.252570914754265,1046.3956434641175
x09_block_copula,2,prices,main_211,211,4.019226239798943,407.0104511870897
x09_block_copula,3,activation,main_211,211,3.096337308909129,140.2529935553322
x09_block_copula,3,all,main_211,211,5.266607224462501,1047.4861991442779
x09_block_copula,3,prices,main_211,211,4.028095767623553,406.9187463123108
x09_block_copula,1,activation,common_209,209,3.1140474995260656,141.46030262044826
x09_block_copula,1,all,common_209,209,5.271824869346033,1051.8477325201993
x09_block_copula,1,prices,common_209,209,4.020891180740512,408.0563892283118
x09_block_copula,2,activation,common_209,209,3.1042270031675896,140.59144216853923
x09_block_copula,2,all,common_209,209,5.259589332592797,1049.2661728160947
x09_block_copula,2,prices,common_209,209,4.020862093818895,407.8436975000071
x09_block_copula,3,activation,common_209,209,3.104424691778352,140.59152117861473
x09_block_copula,3,all,common_209,209,5.2727577005267054,1050.2560083874694
x09_block_copula,3,prices,common_209,209,4.029825266970999,407.8163355403218
