arm,method_name,target,evaluation_set,n_days,month,interval_level,coverage,coverage_deviation,average_width,n_valid
climatology,Rolling climatological scenarios,day_ahead_price,main_211,211,2026-02,0.9,0.9107142857142856,0.0107142857142856,112.32187255344222,672
climatology,Rolling climatological scenarios,day_ahead_price,main_211,211,2026-03,0.9,0.5228494623655914,-0.3771505376344086,100.4327475328599,744
climatology,Rolling climatological scenarios,day_ahead_price,main_211,211,2026-04,0.9,0.5819444444444445,-0.3180555555555555,95.43025760124128,720
climatology,Rolling climatological scenarios,day_ahead_price,main_211,211,2026-05,0.9,0.7903225806451613,-0.1096774193548387,120.49427337667028,744
climatology,Rolling climatological scenarios,day_ahead_price,main_211,211,2026-06,0.9,0.7888888888888889,-0.1111111111111111,124.70607329944036,720
climatology,Rolling climatological scenarios,day_ahead_price,main_211,211,2026-07,0.9,0.7311827956989247,-0.1688172043010752,121.64342530467307,744
climatology,Rolling climatological scenarios,day_ahead_price,main_211,211,2026-08,0.9,0.6137820512820513,-0.2862179487179487,124.87980217335128,624
climatology,Rolling climatological scenarios,capacity_price,main_211,211,2026-02,0.9,0.5059523809523809,-0.3940476190476191,61.06642963687467,672
climatology,Rolling climatological scenarios,capacity_price,main_211,211,2026-03,0.9,0.7002688172043011,-0.1997311827956989,56.0522771763485,744
climatology,Rolling climatological scenarios,capacity_price,main_211,211,2026-04,0.9,0.6486111111111111,-0.2513888888888889,47.03348108873495,720
climatology,Rolling climatological scenarios,capacity_price,main_211,211,2026-05,0.9,0.8172043010752689,-0.0827956989247311,46.375426094701645,744
climatology,Rolling climatological scenarios,capacity_price,main_211,211,2026-06,0.9,0.85,-0.05,50.10714459944256,720
climatology,Rolling climatological scenarios,capacity_price,main_211,211,2026-07,0.9,0.8051075268817204,-0.0948924731182796,43.73045167020141,744
climatology,Rolling climatological scenarios,capacity_price,main_211,211,2026-08,0.9,0.8782051282051282,-0.0217948717948718,46.953604076738245,624
climatology,Rolling climatological scenarios,activation_volume,main_211,211,2026-02,0.9,0.8854166666666666,-0.0145833333333333,47.46603877997258,672
climatology,Rolling climatological scenarios,activation_volume,main_211,211,2026-03,0.9,0.8897849462365591,-0.0102150537634408,39.52563235607342,744
climatology,Rolling climatological scenarios,activation_volume,main_211,211,2026-04,0.9,0.8833333333333333,-0.0166666666666667,45.33281658200222,720
climatology,Rolling climatological scenarios,activation_volume,main_211,211,2026-05,0.9,0.8951612903225806,-0.0048387096774193,48.89408065461545,744
climatology,Rolling climatological scenarios,activation_volume,main_211,211,2026-06,0.9,0.9166666666666666,0.0166666666666666,50.53963618207423,720
climatology,Rolling climatological scenarios,activation_volume,main_211,211,2026-07,0.9,0.9408602150537636,0.0408602150537634,45.606327446146295,744
climatology,Rolling climatological scenarios,activation_volume,main_211,211,2026-08,0.9,0.9214743589743588,0.0214743589743588,41.58679587077975,624
climatology,Rolling climatological scenarios,activation_price,main_211,211,2026-02,0.9,0.8887043189368771,-0.0112956810631229,402.51173500361216,602
climatology,Rolling climatological scenarios,activation_price,main_211,211,2026-03,0.9,0.8196480938416423,-0.0803519061583577,355.7180830998154,682
climatology,Rolling climatological scenarios,activation_price,main_211,211,2026-04,0.9,0.8080357142857143,-0.0919642857142857,417.5904116613877,672
climatology,Rolling climatological scenarios,activation_price,main_211,211,2026-05,0.9,0.8277310924369747,-0.0722689075630252,413.556544376154,714
climatology,Rolling climatological scenarios,activation_price,main_211,211,2026-06,0.9,0.7825464949928469,-0.1174535050071531,380.4418556484924,699
climatology,Rolling climatological scenarios,activation_price,main_211,211,2026-07,0.9,0.847672778561354,-0.0523272214386459,330.6712758196361,709
climatology,Rolling climatological scenarios,activation_price,main_211,211,2026-08,0.9,0.8512396694214877,-0.0487603305785123,391.88036151688686,605
climatology,Rolling climatological scenarios,day_ahead_price,common_209,209,2026-02,0.9,0.9107142857142856,0.0107142857142856,112.32187255344222,672
climatology,Rolling climatological scenarios,day_ahead_price,common_209,209,2026-03,0.9,0.5228494623655914,-0.3771505376344086,100.4327475328599,744
climatology,Rolling climatological scenarios,day_ahead_price,common_209,209,2026-04,0.9,0.5819444444444445,-0.3180555555555555,95.43025760124128,720
climatology,Rolling climatological scenarios,day_ahead_price,common_209,209,2026-05,0.9,0.7830459770114943,-0.1169540229885057,121.04515461785944,696
climatology,Rolling climatological scenarios,day_ahead_price,common_209,209,2026-06,0.9,0.7888888888888889,-0.1111111111111111,124.70607329944036,720
climatology,Rolling climatological scenarios,day_ahead_price,common_209,209,2026-07,0.9,0.7311827956989247,-0.1688172043010752,121.64342530467307,744
climatology,Rolling climatological scenarios,day_ahead_price,common_209,209,2026-08,0.9,0.6137820512820513,-0.2862179487179487,124.87980217335128,624
climatology,Rolling climatological scenarios,capacity_price,common_209,209,2026-02,0.9,0.5059523809523809,-0.3940476190476191,61.06642963687467,672
climatology,Rolling climatological scenarios,capacity_price,common_209,209,2026-03,0.9,0.7002688172043011,-0.1997311827956989,56.0522771763485,744
climatology,Rolling climatological scenarios,capacity_price,common_209,209,2026-04,0.9,0.6486111111111111,-0.2513888888888889,47.03348108873495,720
climatology,Rolling climatological scenarios,capacity_price,common_209,209,2026-05,0.9,0.8204022988505747,-0.0795977011494253,46.12612215171235,696
climatology,Rolling climatological scenarios,capacity_price,common_209,209,2026-06,0.9,0.85,-0.05,50.10714459944256,720
climatology,Rolling climatological scenarios,capacity_price,common_209,209,2026-07,0.9,0.8051075268817204,-0.0948924731182796,43.73045167020141,744
climatology,Rolling climatological scenarios,capacity_price,common_209,209,2026-08,0.9,0.8782051282051282,-0.0217948717948718,46.953604076738245,624
climatology,Rolling climatological scenarios,activation_volume,common_209,209,2026-02,0.9,0.8854166666666666,-0.0145833333333333,47.46603877997258,672
climatology,Rolling climatological scenarios,activation_volume,common_209,209,2026-03,0.9,0.8897849462365591,-0.0102150537634408,39.52563235607342,744
climatology,Rolling climatological scenarios,activation_volume,common_209,209,2026-04,0.9,0.8833333333333333,-0.0166666666666667,45.33281658200222,720
climatology,Rolling climatological scenarios,activation_volume,common_209,209,2026-05,0.9,0.8936781609195402,-0.0063218390804598,48.94028234745592,696
climatology,Rolling climatological scenarios,activation_volume,common_209,209,2026-06,0.9,0.9166666666666666,0.0166666666666666,50.53963618207423,720
climatology,Rolling climatological scenarios,activation_volume,common_209,209,2026-07,0.9,0.9408602150537636,0.0408602150537634,45.606327446146295,744
climatology,Rolling climatological scenarios,activation_volume,common_209,209,2026-08,0.9,0.9214743589743588,0.0214743589743588,41.58679587077975,624
climatology,Rolling climatological scenarios,activation_price,common_209,209,2026-02,0.9,0.8887043189368771,-0.0112956810631229,402.51173500361216,602
climatology,Rolling climatological scenarios,activation_price,common_209,209,2026-03,0.9,0.8196480938416423,-0.0803519061583577,355.7180830998154,682
climatology,Rolling climatological scenarios,activation_price,common_209,209,2026-04,0.9,0.8080357142857143,-0.0919642857142857,417.5904116613877,672
climatology,Rolling climatological scenarios,activation_price,common_209,209,2026-05,0.9,0.8260869565217391,-0.0739130434782608,414.42834045114887,667
climatology,Rolling climatological scenarios,activation_price,common_209,209,2026-06,0.9,0.7825464949928469,-0.1174535050071531,380.4418556484924,699
climatology,Rolling climatological scenarios,activation_price,common_209,209,2026-07,0.9,0.847672778561354,-0.0523272214386459,330.6712758196361,709
climatology,Rolling climatological scenarios,activation_price,common_209,209,2026-08,0.9,0.8512396694214877,-0.0487603305785123,391.88036151688686,605
fb1_qr,Independent quantile-regression scenarios,day_ahead_price,main_211,211,2026-02,0.9,0.8125,-0.0875,73.26281528644806,672
fb1_qr,Independent quantile-regression scenarios,day_ahead_price,main_211,211,2026-03,0.9,0.553763440860215,-0.346236559139785,98.2526214112768,744
fb1_qr,Independent quantile-regression scenarios,day_ahead_price,main_211,211,2026-04,0.9,0.7958333333333333,-0.1041666666666667,132.2267928299918,720
fb1_qr,Independent quantile-regression scenarios,day_ahead_price,main_211,211,2026-05,0.9,0.8602150537634409,-0.0397849462365591,118.00601464111148,744
fb1_qr,Independent quantile-regression scenarios,day_ahead_price,main_211,211,2026-06,0.9,0.7986111111111112,-0.1013888888888888,109.51630178881898,720
fb1_qr,Independent quantile-regression scenarios,day_ahead_price,main_211,211,2026-07,0.9,0.7983870967741935,-0.1016129032258065,107.63305647855285,744
fb1_qr,Independent quantile-regression scenarios,day_ahead_price,main_211,211,2026-08,0.9,0.7435897435897436,-0.1564102564102564,111.5985713145092,624
fb1_qr,Independent quantile-regression scenarios,capacity_price,main_211,211,2026-02,0.9,0.7886904761904762,-0.1113095238095238,42.81525494508275,672
fb1_qr,Independent quantile-regression scenarios,capacity_price,main_211,211,2026-03,0.9,0.7728494623655914,-0.1271505376344086,45.67190875112359,744
fb1_qr,Independent quantile-regression scenarios,capacity_price,main_211,211,2026-04,0.9,0.8222222222222222,-0.0777777777777778,47.78540386053005,720
fb1_qr,Independent quantile-regression scenarios,capacity_price,main_211,211,2026-05,0.9,0.8467741935483871,-0.0532258064516129,47.61302847636094,744
fb1_qr,Independent quantile-regression scenarios,capacity_price,main_211,211,2026-06,0.9,0.8791666666666667,-0.0208333333333333,34.73159978105523,720
fb1_qr,Independent quantile-regression scenarios,capacity_price,main_211,211,2026-07,0.9,0.8723118279569892,-0.0276881720430107,36.29844528351549,744
fb1_qr,Independent quantile-regression scenarios,capacity_price,main_211,211,2026-08,0.9,0.8493589743589743,-0.0506410256410256,25.689006153353333,624
fb1_qr,Independent quantile-regression scenarios,activation_volume,main_211,211,2026-02,0.9,0.8541666666666666,-0.0458333333333333,44.32813996449857,672
fb1_qr,Independent quantile-regression scenarios,activation_volume,main_211,211,2026-03,0.9,0.875,-0.025,53.89372167455668,744
fb1_qr,Independent quantile-regression scenarios,activation_volume,main_211,211,2026-04,0.9,0.8722222222222222,-0.0277777777777777,62.1374970187215,720
fb1_qr,Independent quantile-regression scenarios,activation_volume,main_211,211,2026-05,0.9,0.8978494623655914,-0.0021505376344086,64.01485641802365,744
fb1_qr,Independent quantile-regression scenarios,activation_volume,main_211,211,2026-06,0.9,0.9027777777777778,0.0027777777777777,55.46116745650268,720
fb1_qr,Independent quantile-regression scenarios,activation_volume,main_211,211,2026-07,0.9,0.9166666666666666,0.0166666666666666,46.42362951437993,744
fb1_qr,Independent quantile-regression scenarios,activation_volume,main_211,211,2026-08,0.9,0.9150641025641024,0.0150641025641025,28.352164599041654,624
fb1_qr,Independent quantile-regression scenarios,activation_price,main_211,211,2026-02,0.9,0.8255813953488372,-0.0744186046511627,306.1074861097176,602
fb1_qr,Independent quantile-regression scenarios,activation_price,main_211,211,2026-03,0.9,0.8504398826979472,-0.0495601173020527,668.5835875562162,682
fb1_qr,Independent quantile-regression scenarios,activation_price,main_211,211,2026-04,0.9,0.8779761904761905,-0.0220238095238095,319.8225277036862,672
fb1_qr,Independent quantile-regression scenarios,activation_price,main_211,211,2026-05,0.9,0.8879551820728291,-0.0120448179271709,416.7378078283896,714
fb1_qr,Independent quantile-regression scenarios,activation_price,main_211,211,2026-06,0.9,0.8512160228898427,-0.0487839771101573,456.2844919925007,699
fb1_qr,Independent quantile-regression scenarios,activation_price,main_211,211,2026-07,0.9,0.9125528913963328,0.0125528913963328,400.0517616935072,709
fb1_qr,Independent quantile-regression scenarios,activation_price,main_211,211,2026-08,0.9,0.8611570247933884,-0.0388429752066116,252.46712401015745,605
fb1_qr,Independent quantile-regression scenarios,day_ahead_price,common_209,209,2026-02,0.9,0.8125,-0.0875,73.26281528644806,672
fb1_qr,Independent quantile-regression scenarios,day_ahead_price,common_209,209,2026-03,0.9,0.553763440860215,-0.346236559139785,98.2526214112768,744
fb1_qr,Independent quantile-regression scenarios,day_ahead_price,common_209,209,2026-04,0.9,0.7958333333333333,-0.1041666666666667,132.2267928299918,720
fb1_qr,Independent quantile-regression scenarios,day_ahead_price,common_209,209,2026-05,0.9,0.853448275862069,-0.046551724137931,116.77616311283192,696
fb1_qr,Independent quantile-regression scenarios,day_ahead_price,common_209,209,2026-06,0.9,0.7986111111111112,-0.1013888888888888,109.51630178881898,720
fb1_qr,Independent quantile-regression scenarios,day_ahead_price,common_209,209,2026-07,0.9,0.7983870967741935,-0.1016129032258065,107.63305647855285,744
fb1_qr,Independent quantile-regression scenarios,day_ahead_price,common_209,209,2026-08,0.9,0.7435897435897436,-0.1564102564102564,111.5985713145092,624
fb1_qr,Independent quantile-regression scenarios,capacity_price,common_209,209,2026-02,0.9,0.7886904761904762,-0.1113095238095238,42.81525494508275,672
fb1_qr,Independent quantile-regression scenarios,capacity_price,common_209,209,2026-03,0.9,0.7728494623655914,-0.1271505376344086,45.67190875112359,744
fb1_qr,Independent quantile-regression scenarios,capacity_price,common_209,209,2026-04,0.9,0.8222222222222222,-0.0777777777777778,47.78540386053005,720
fb1_qr,Independent quantile-regression scenarios,capacity_price,common_209,209,2026-05,0.9,0.8520114942528736,-0.0479885057471264,46.706613673784354,696
fb1_qr,Independent quantile-regression scenarios,capacity_price,common_209,209,2026-06,0.9,0.8791666666666667,-0.0208333333333333,34.73159978105523,720
fb1_qr,Independent quantile-regression scenarios,capacity_price,common_209,209,2026-07,0.9,0.8723118279569892,-0.0276881720430107,36.29844528351549,744
fb1_qr,Independent quantile-regression scenarios,capacity_price,common_209,209,2026-08,0.9,0.8493589743589743,-0.0506410256410256,25.689006153353333,624
fb1_qr,Independent quantile-regression scenarios,activation_volume,common_209,209,2026-02,0.9,0.8541666666666666,-0.0458333333333333,44.32813996449857,672
fb1_qr,Independent quantile-regression scenarios,activation_volume,common_209,209,2026-03,0.9,0.875,-0.025,53.89372167455668,744
fb1_qr,Independent quantile-regression scenarios,activation_volume,common_209,209,2026-04,0.9,0.8722222222222222,-0.0277777777777777,62.1374970187215,720
fb1_qr,Independent quantile-regression scenarios,activation_volume,common_209,209,2026-05,0.9,0.896551724137931,-0.0034482758620689,63.851656429444056,696
fb1_qr,Independent quantile-regression scenarios,activation_volume,common_209,209,2026-06,0.9,0.9027777777777778,0.0027777777777777,55.46116745650268,720
fb1_qr,Independent quantile-regression scenarios,activation_volume,common_209,209,2026-07,0.9,0.9166666666666666,0.0166666666666666,46.42362951437993,744
fb1_qr,Independent quantile-regression scenarios,activation_volume,common_209,209,2026-08,0.9,0.9150641025641024,0.0150641025641025,28.352164599041654,624
fb1_qr,Independent quantile-regression scenarios,activation_price,common_209,209,2026-02,0.9,0.8255813953488372,-0.0744186046511627,306.1074861097176,602
fb1_qr,Independent quantile-regression scenarios,activation_price,common_209,209,2026-03,0.9,0.8504398826979472,-0.0495601173020527,668.5835875562162,682
fb1_qr,Independent quantile-regression scenarios,activation_price,common_209,209,2026-04,0.9,0.8779761904761905,-0.0220238095238095,319.8225277036862,672
fb1_qr,Independent quantile-regression scenarios,activation_price,common_209,209,2026-05,0.9,0.8905547226386806,-0.0094452773613193,419.2873060060967,667
fb1_qr,Independent quantile-regression scenarios,activation_price,common_209,209,2026-06,0.9,0.8512160228898427,-0.0487839771101573,456.2844919925007,699
fb1_qr,Independent quantile-regression scenarios,activation_price,common_209,209,2026-07,0.9,0.9125528913963328,0.0125528913963328,400.0517616935072,709
fb1_qr,Independent quantile-regression scenarios,activation_price,common_209,209,2026-08,0.9,0.8611570247933884,-0.0388429752066116,252.46712401015745,605
hist_paired,Historical paired scenarios,day_ahead_price,main_211,211,2026-02,0.9,0.918154761904762,0.0181547619047618,112.53722152124556,672
hist_paired,Historical paired scenarios,day_ahead_price,main_211,211,2026-03,0.9,0.5309139784946236,-0.3690860215053764,102.25545019186951,744
hist_paired,Historical paired scenarios,day_ahead_price,main_211,211,2026-04,0.9,0.5611111111111111,-0.3388888888888889,94.19050367791336,720
hist_paired,Historical paired scenarios,day_ahead_price,main_211,211,2026-05,0.9,0.7849462365591398,-0.1150537634408602,120.23374221445188,744
hist_paired,Historical paired scenarios,day_ahead_price,main_211,211,2026-06,0.9,0.7722222222222223,-0.1277777777777777,124.6237613025391,720
hist_paired,Historical paired scenarios,day_ahead_price,main_211,211,2026-07,0.9,0.7244623655913979,-0.1755376344086021,119.61784839303036,744
hist_paired,Historical paired scenarios,day_ahead_price,main_211,211,2026-08,0.9,0.6089743589743589,-0.2910256410256411,120.09426359982616,624
hist_paired,Historical paired scenarios,capacity_price,main_211,211,2026-02,0.9,0.5252976190476191,-0.3747023809523809,59.25131216371386,672
hist_paired,Historical paired scenarios,capacity_price,main_211,211,2026-03,0.9,0.6922043010752689,-0.2077956989247311,56.17969244193204,744
hist_paired,Historical paired scenarios,capacity_price,main_211,211,2026-04,0.9,0.6486111111111111,-0.2513888888888889,47.749086145052885,720
hist_paired,Historical paired scenarios,capacity_price,main_211,211,2026-05,0.9,0.8051075268817204,-0.0948924731182796,47.10341873333227,744
hist_paired,Historical paired scenarios,capacity_price,main_211,211,2026-06,0.9,0.8430555555555556,-0.0569444444444444,50.41368359089311,720
hist_paired,Historical paired scenarios,capacity_price,main_211,211,2026-07,0.9,0.8145161290322581,-0.0854838709677419,44.74583140796611,744
hist_paired,Historical paired scenarios,capacity_price,main_211,211,2026-08,0.9,0.8942307692307693,-0.0057692307692307,45.58646693984523,624
hist_paired,Historical paired scenarios,activation_volume,main_211,211,2026-02,0.9,0.8720238095238095,-0.0279761904761904,47.28705294697512,672
hist_paired,Historical paired scenarios,activation_volume,main_211,211,2026-03,0.9,0.8951612903225806,-0.0048387096774193,39.207274760132,744
hist_paired,Historical paired scenarios,activation_volume,main_211,211,2026-04,0.9,0.8777777777777778,-0.0222222222222222,44.81073051944102,720
hist_paired,Historical paired scenarios,activation_volume,main_211,211,2026-05,0.9,0.8938172043010753,-0.0061827956989247,48.88677148207788,744
hist_paired,Historical paired scenarios,activation_volume,main_211,211,2026-06,0.9,0.9125,0.0124999999999999,50.095118020430014,720
hist_paired,Historical paired scenarios,activation_volume,main_211,211,2026-07,0.9,0.9422043010752688,0.0422043010752688,46.49661302472281,744
hist_paired,Historical paired scenarios,activation_volume,main_211,211,2026-08,0.9,0.9102564102564102,0.0102564102564102,42.30874864104537,624
hist_paired,Historical paired scenarios,activation_price,main_211,211,2026-02,0.9,0.9019933554817277,0.0019933554817275,413.20706327773394,602
hist_paired,Historical paired scenarios,activation_price,main_211,211,2026-03,0.9,0.8020527859237536,-0.0979472140762464,327.61813960886406,682
hist_paired,Historical paired scenarios,activation_price,main_211,211,2026-04,0.9,0.7961309523809523,-0.1038690476190477,435.4379559522227,672
hist_paired,Historical paired scenarios,activation_price,main_211,211,2026-05,0.9,0.8361344537815126,-0.0638655462184873,404.9421481826641,714
hist_paired,Historical paired scenarios,activation_price,main_211,211,2026-06,0.9,0.776824034334764,-0.123175965665236,383.0590555916696,699
hist_paired,Historical paired scenarios,activation_price,main_211,211,2026-07,0.9,0.8575458392101551,-0.0424541607898448,333.53315697369504,709
hist_paired,Historical paired scenarios,activation_price,main_211,211,2026-08,0.9,0.8512396694214877,-0.0487603305785123,351.17526874403546,605
hist_paired,Historical paired scenarios,day_ahead_price,common_209,209,2026-02,0.9,0.918154761904762,0.0181547619047618,112.53722152124556,672
hist_paired,Historical paired scenarios,day_ahead_price,common_209,209,2026-03,0.9,0.5309139784946236,-0.3690860215053764,102.25545019186951,744
hist_paired,Historical paired scenarios,day_ahead_price,common_209,209,2026-04,0.9,0.5611111111111111,-0.3388888888888889,94.19050367791336,720
hist_paired,Historical paired scenarios,day_ahead_price,common_209,209,2026-05,0.9,0.7758620689655172,-0.1241379310344827,121.1009619881206,696
hist_paired,Historical paired scenarios,day_ahead_price,common_209,209,2026-06,0.9,0.7722222222222223,-0.1277777777777777,124.6237613025391,720
hist_paired,Historical paired scenarios,day_ahead_price,common_209,209,2026-07,0.9,0.7244623655913979,-0.1755376344086021,119.61784839303036,744
hist_paired,Historical paired scenarios,day_ahead_price,common_209,209,2026-08,0.9,0.6089743589743589,-0.2910256410256411,120.09426359982616,624
hist_paired,Historical paired scenarios,capacity_price,common_209,209,2026-02,0.9,0.5252976190476191,-0.3747023809523809,59.25131216371386,672
hist_paired,Historical paired scenarios,capacity_price,common_209,209,2026-03,0.9,0.6922043010752689,-0.2077956989247311,56.17969244193204,744
hist_paired,Historical paired scenarios,capacity_price,common_209,209,2026-04,0.9,0.6486111111111111,-0.2513888888888889,47.749086145052885,720
hist_paired,Historical paired scenarios,capacity_price,common_209,209,2026-05,0.9,0.8089080459770115,-0.0910919540229885,46.8003484817409,696
hist_paired,Historical paired scenarios,capacity_price,common_209,209,2026-06,0.9,0.8430555555555556,-0.0569444444444444,50.41368359089311,720
hist_paired,Historical paired scenarios,capacity_price,common_209,209,2026-07,0.9,0.8145161290322581,-0.0854838709677419,44.74583140796611,744
hist_paired,Historical paired scenarios,capacity_price,common_209,209,2026-08,0.9,0.8942307692307693,-0.0057692307692307,45.58646693984523,624
hist_paired,Historical paired scenarios,activation_volume,common_209,209,2026-02,0.9,0.8720238095238095,-0.0279761904761904,47.28705294697512,672
hist_paired,Historical paired scenarios,activation_volume,common_209,209,2026-03,0.9,0.8951612903225806,-0.0048387096774193,39.207274760132,744
hist_paired,Historical paired scenarios,activation_volume,common_209,209,2026-04,0.9,0.8777777777777778,-0.0222222222222222,44.81073051944102,720
hist_paired,Historical paired scenarios,activation_volume,common_209,209,2026-05,0.9,0.8936781609195402,-0.0063218390804598,49.09845471684579,696
hist_paired,Historical paired scenarios,activation_volume,common_209,209,2026-06,0.9,0.9125,0.0124999999999999,50.095118020430014,720
hist_paired,Historical paired scenarios,activation_volume,common_209,209,2026-07,0.9,0.9422043010752688,0.0422043010752688,46.49661302472281,744
hist_paired,Historical paired scenarios,activation_volume,common_209,209,2026-08,0.9,0.9102564102564102,0.0102564102564102,42.30874864104537,624
hist_paired,Historical paired scenarios,activation_price,common_209,209,2026-02,0.9,0.9019933554817277,0.0019933554817275,413.20706327773394,602
hist_paired,Historical paired scenarios,activation_price,common_209,209,2026-03,0.9,0.8020527859237536,-0.0979472140762464,327.61813960886406,682
hist_paired,Historical paired scenarios,activation_price,common_209,209,2026-04,0.9,0.7961309523809523,-0.1038690476190477,435.4379559522227,672
hist_paired,Historical paired scenarios,activation_price,common_209,209,2026-05,0.9,0.8335832083958021,-0.0664167916041978,406.88746242329256,667
hist_paired,Historical paired scenarios,activation_price,common_209,209,2026-06,0.9,0.776824034334764,-0.123175965665236,383.0590555916696,699
hist_paired,Historical paired scenarios,activation_price,common_209,209,2026-07,0.9,0.8575458392101551,-0.0424541607898448,333.53315697369504,709
hist_paired,Historical paired scenarios,activation_price,common_209,209,2026-08,0.9,0.8512396694214877,-0.0487603305785123,351.17526874403546,605
hist_independent,Historical independent scenarios,day_ahead_price,main_211,211,2026-02,0.9,0.90625,0.0062499999999999,113.6673623372368,672
hist_independent,Historical independent scenarios,day_ahead_price,main_211,211,2026-03,0.9,0.532258064516129,-0.367741935483871,101.69010935887214,744
hist_independent,Historical independent scenarios,day_ahead_price,main_211,211,2026-04,0.9,0.5819444444444445,-0.3180555555555555,93.85499694380276,720
hist_independent,Historical independent scenarios,day_ahead_price,main_211,211,2026-05,0.9,0.793010752688172,-0.106989247311828,118.06877492852696,744
hist_independent,Historical independent scenarios,day_ahead_price,main_211,211,2026-06,0.9,0.7722222222222223,-0.1277777777777777,125.30302740160069,720
hist_independent,Historical independent scenarios,day_ahead_price,main_211,211,2026-07,0.9,0.7271505376344086,-0.1728494623655914,123.65440464643363,744
hist_independent,Historical independent scenarios,day_ahead_price,main_211,211,2026-08,0.9,0.6266025641025641,-0.2733974358974359,125.5314790134798,624
hist_independent,Historical independent scenarios,capacity_price,main_211,211,2026-02,0.9,0.4985119047619047,-0.4014880952380952,61.53105110035587,672
hist_independent,Historical independent scenarios,capacity_price,main_211,211,2026-03,0.9,0.6827956989247311,-0.2172043010752689,53.5100716289413,744
hist_independent,Historical independent scenarios,capacity_price,main_211,211,2026-04,0.9,0.6486111111111111,-0.2513888888888889,47.83621659987399,720
hist_independent,Historical independent scenarios,capacity_price,main_211,211,2026-05,0.9,0.8131720430107527,-0.0868279569892472,46.04990178371818,744
hist_independent,Historical independent scenarios,capacity_price,main_211,211,2026-06,0.9,0.8541666666666666,-0.0458333333333333,50.33326887496488,720
hist_independent,Historical independent scenarios,capacity_price,main_211,211,2026-07,0.9,0.8185483870967742,-0.0814516129032257,43.44584013492929,744
hist_independent,Historical independent scenarios,capacity_price,main_211,211,2026-08,0.9,0.875,-0.025,47.24474508271742,624
hist_independent,Historical independent scenarios,activation_volume,main_211,211,2026-02,0.9,0.8839285714285714,-0.0160714285714286,46.94442261866351,672
hist_independent,Historical independent scenarios,activation_volume,main_211,211,2026-03,0.9,0.885752688172043,-0.014247311827957,39.26359198075463,744
hist_independent,Historical independent scenarios,activation_volume,main_211,211,2026-04,0.9,0.8819444444444444,-0.0180555555555556,46.11449998374794,720
hist_independent,Historical independent scenarios,activation_volume,main_211,211,2026-05,0.9,0.8911290322580645,-0.0088709677419355,48.67544621295539,744
hist_independent,Historical independent scenarios,activation_volume,main_211,211,2026-06,0.9,0.9138888888888888,0.0138888888888888,51.69008266632599,720
hist_independent,Historical independent scenarios,activation_volume,main_211,211,2026-07,0.9,0.9314516129032258,0.0314516129032257,45.27187917248022,744
hist_independent,Historical independent scenarios,activation_volume,main_211,211,2026-08,0.9,0.903846153846154,0.0038461538461538,41.915702122647176,624
hist_independent,Historical independent scenarios,activation_price,main_211,211,2026-02,0.9,0.893687707641196,-0.006312292358804,410.1458258659734,602
hist_independent,Historical independent scenarios,activation_price,main_211,211,2026-03,0.9,0.8049853372434017,-0.0950146627565983,343.90477373432185,682
hist_independent,Historical independent scenarios,activation_price,main_211,211,2026-04,0.9,0.7931547619047619,-0.1068452380952381,411.72908924679655,672
hist_independent,Historical independent scenarios,activation_price,main_211,211,2026-05,0.9,0.8319327731092437,-0.0680672268907562,408.1756159043109,714
hist_independent,Historical independent scenarios,activation_price,main_211,211,2026-06,0.9,0.7682403433476395,-0.1317596566523605,371.5697090828109,699
hist_independent,Historical independent scenarios,activation_price,main_211,211,2026-07,0.9,0.8547249647390691,-0.0452750352609309,316.7229073059899,709
hist_independent,Historical independent scenarios,activation_price,main_211,211,2026-08,0.9,0.8677685950413223,-0.0322314049586777,377.4756930908312,605
hist_independent,Historical independent scenarios,day_ahead_price,common_209,209,2026-02,0.9,0.90625,0.0062499999999999,113.6673623372368,672
hist_independent,Historical independent scenarios,day_ahead_price,common_209,209,2026-03,0.9,0.532258064516129,-0.367741935483871,101.69010935887214,744
hist_independent,Historical independent scenarios,day_ahead_price,common_209,209,2026-04,0.9,0.5819444444444445,-0.3180555555555555,93.85499694380276,720
hist_independent,Historical independent scenarios,day_ahead_price,common_209,209,2026-05,0.9,0.7844827586206896,-0.1155172413793104,118.8253694317184,696
hist_independent,Historical independent scenarios,day_ahead_price,common_209,209,2026-06,0.9,0.7722222222222223,-0.1277777777777777,125.30302740160069,720
hist_independent,Historical independent scenarios,day_ahead_price,common_209,209,2026-07,0.9,0.7271505376344086,-0.1728494623655914,123.65440464643363,744
hist_independent,Historical independent scenarios,day_ahead_price,common_209,209,2026-08,0.9,0.6266025641025641,-0.2733974358974359,125.5314790134798,624
hist_independent,Historical independent scenarios,capacity_price,common_209,209,2026-02,0.9,0.4985119047619047,-0.4014880952380952,61.53105110035587,672
hist_independent,Historical independent scenarios,capacity_price,common_209,209,2026-03,0.9,0.6827956989247311,-0.2172043010752689,53.5100716289413,744
hist_independent,Historical independent scenarios,capacity_price,common_209,209,2026-04,0.9,0.6486111111111111,-0.2513888888888889,47.83621659987399,720
hist_independent,Historical independent scenarios,capacity_price,common_209,209,2026-05,0.9,0.8189655172413793,-0.0810344827586206,46.23705737597159,696
hist_independent,Historical independent scenarios,capacity_price,common_209,209,2026-06,0.9,0.8541666666666666,-0.0458333333333333,50.33326887496488,720
hist_independent,Historical independent scenarios,capacity_price,common_209,209,2026-07,0.9,0.8185483870967742,-0.0814516129032257,43.44584013492929,744
hist_independent,Historical independent scenarios,capacity_price,common_209,209,2026-08,0.9,0.875,-0.025,47.24474508271742,624
hist_independent,Historical independent scenarios,activation_volume,common_209,209,2026-02,0.9,0.8839285714285714,-0.0160714285714286,46.94442261866351,672
hist_independent,Historical independent scenarios,activation_volume,common_209,209,2026-03,0.9,0.885752688172043,-0.014247311827957,39.26359198075463,744
hist_independent,Historical independent scenarios,activation_volume,common_209,209,2026-04,0.9,0.8819444444444444,-0.0180555555555556,46.11449998374794,720
hist_independent,Historical independent scenarios,activation_volume,common_209,209,2026-05,0.9,0.8908045977011494,-0.0091954022988506,48.97952152547832,696
hist_independent,Historical independent scenarios,activation_volume,common_209,209,2026-06,0.9,0.9138888888888888,0.0138888888888888,51.69008266632599,720
hist_independent,Historical independent scenarios,activation_volume,common_209,209,2026-07,0.9,0.9314516129032258,0.0314516129032257,45.27187917248022,744
hist_independent,Historical independent scenarios,activation_volume,common_209,209,2026-08,0.9,0.903846153846154,0.0038461538461538,41.915702122647176,624
hist_independent,Historical independent scenarios,activation_price,common_209,209,2026-02,0.9,0.893687707641196,-0.006312292358804,410.1458258659734,602
hist_independent,Historical independent scenarios,activation_price,common_209,209,2026-03,0.9,0.8049853372434017,-0.0950146627565983,343.90477373432185,682
hist_independent,Historical independent scenarios,activation_price,common_209,209,2026-04,0.9,0.7931547619047619,-0.1068452380952381,411.72908924679655,672
hist_independent,Historical independent scenarios,activation_price,common_209,209,2026-05,0.9,0.8290854572713643,-0.0709145427286357,405.6470957927616,667
hist_independent,Historical independent scenarios,activation_price,common_209,209,2026-06,0.9,0.7682403433476395,-0.1317596566523605,371.5697090828109,699
hist_independent,Historical independent scenarios,activation_price,common_209,209,2026-07,0.9,0.8547249647390691,-0.0452750352609309,316.7229073059899,709
hist_independent,Historical independent scenarios,activation_price,common_209,209,2026-08,0.9,0.8677685950413223,-0.0322314049586777,377.4756930908312,605
empirical_copula,Empirical-copula scenarios,day_ahead_price,main_211,211,2026-02,0.9,0.9107142857142856,0.0107142857142856,91.07816040399706,672
empirical_copula,Empirical-copula scenarios,day_ahead_price,main_211,211,2026-03,0.9,0.5967741935483871,-0.3032258064516129,109.19629049615192,744
empirical_copula,Empirical-copula scenarios,day_ahead_price,main_211,211,2026-04,0.9,0.7958333333333333,-0.1041666666666667,132.6429981222552,720
empirical_copula,Empirical-copula scenarios,day_ahead_price,main_211,211,2026-05,0.9,0.9045698924731184,0.0045698924731182,129.27899870971086,744
empirical_copula,Empirical-copula scenarios,day_ahead_price,main_211,211,2026-06,0.9,0.8208333333333333,-0.0791666666666667,122.636547584621,720
empirical_copula,Empirical-copula scenarios,day_ahead_price,main_211,211,2026-07,0.9,0.8145161290322581,-0.0854838709677419,112.5334017357108,744
empirical_copula,Empirical-copula scenarios,day_ahead_price,main_211,211,2026-08,0.9,0.7628205128205128,-0.1371794871794872,124.49301616654394,624
empirical_copula,Empirical-copula scenarios,capacity_price,main_211,211,2026-02,0.9,0.8005952380952381,-0.0994047619047618,56.25678724616285,672
empirical_copula,Empirical-copula scenarios,capacity_price,main_211,211,2026-03,0.9,0.8118279569892473,-0.0881720430107527,53.33902412179486,744
empirical_copula,Empirical-copula scenarios,capacity_price,main_211,211,2026-04,0.9,0.8277777777777777,-0.0722222222222223,50.72948886271036,720
empirical_copula,Empirical-copula scenarios,capacity_price,main_211,211,2026-05,0.9,0.8844086021505376,-0.0155913978494623,48.851005950562936,744
empirical_copula,Empirical-copula scenarios,capacity_price,main_211,211,2026-06,0.9,0.8958333333333334,-0.0041666666666666,38.12290372581624,720
empirical_copula,Empirical-copula scenarios,capacity_price,main_211,211,2026-07,0.9,0.8817204301075269,-0.0182795698924731,38.32072604893627,744
empirical_copula,Empirical-copula scenarios,capacity_price,main_211,211,2026-08,0.9,0.8653846153846154,-0.0346153846153846,27.93230733801759,624
empirical_copula,Empirical-copula scenarios,activation_volume,main_211,211,2026-02,0.9,0.8943452380952381,-0.0056547619047618,55.25109186570382,672
empirical_copula,Empirical-copula scenarios,activation_volume,main_211,211,2026-03,0.9,0.8991935483870968,-0.0008064516129032,54.59836083840141,744
empirical_copula,Empirical-copula scenarios,activation_volume,main_211,211,2026-04,0.9,0.8888888888888888,-0.0111111111111111,63.458806312841546,720
empirical_copula,Empirical-copula scenarios,activation_volume,main_211,211,2026-05,0.9,0.9193548387096774,0.0193548387096773,66.65640493215291,744
empirical_copula,Empirical-copula scenarios,activation_volume,main_211,211,2026-06,0.9,0.9194444444444444,0.0194444444444443,61.91911651202039,720
empirical_copula,Empirical-copula scenarios,activation_volume,main_211,211,2026-07,0.9,0.9448924731182796,0.0448924731182796,53.34454026032114,744
empirical_copula,Empirical-copula scenarios,activation_volume,main_211,211,2026-08,0.9,0.9326923076923076,0.0326923076923076,37.6752000862153,624
empirical_copula,Empirical-copula scenarios,activation_price,main_211,211,2026-02,0.9,0.8106312292358804,-0.0893687707641196,323.41019278586487,602
empirical_copula,Empirical-copula scenarios,activation_price,main_211,211,2026-03,0.9,0.8240469208211144,-0.0759530791788856,605.7731716152857,682
empirical_copula,Empirical-copula scenarios,activation_price,main_211,211,2026-04,0.9,0.8526785714285714,-0.0473214285714286,312.0556172494153,672
empirical_copula,Empirical-copula scenarios,activation_price,main_211,211,2026-05,0.9,0.8473389355742297,-0.0526610644257703,418.4000434914266,714
empirical_copula,Empirical-copula scenarios,activation_price,main_211,211,2026-06,0.9,0.8183118741058655,-0.0816881258941345,447.4131818071768,699
empirical_copula,Empirical-copula scenarios,activation_price,main_211,211,2026-07,0.9,0.8984485190409027,-0.0015514809590972,418.3236662345772,709
empirical_copula,Empirical-copula scenarios,activation_price,main_211,211,2026-08,0.9,0.8429752066115702,-0.0570247933884298,261.5420092766996,605
empirical_copula,Empirical-copula scenarios,day_ahead_price,common_209,209,2026-02,0.9,0.9107142857142856,0.0107142857142856,91.07816040399706,672
empirical_copula,Empirical-copula scenarios,day_ahead_price,common_209,209,2026-03,0.9,0.5967741935483871,-0.3032258064516129,109.19629049615192,744
empirical_copula,Empirical-copula scenarios,day_ahead_price,common_209,209,2026-04,0.9,0.7958333333333333,-0.1041666666666667,132.6429981222552,720
empirical_copula,Empirical-copula scenarios,day_ahead_price,common_209,209,2026-05,0.9,0.9022988505747126,0.0022988505747125,128.39549731736437,696
empirical_copula,Empirical-copula scenarios,day_ahead_price,common_209,209,2026-06,0.9,0.8208333333333333,-0.0791666666666667,122.636547584621,720
empirical_copula,Empirical-copula scenarios,day_ahead_price,common_209,209,2026-07,0.9,0.8145161290322581,-0.0854838709677419,112.5334017357108,744
empirical_copula,Empirical-copula scenarios,day_ahead_price,common_209,209,2026-08,0.9,0.7628205128205128,-0.1371794871794872,124.49301616654394,624
empirical_copula,Empirical-copula scenarios,capacity_price,common_209,209,2026-02,0.9,0.8005952380952381,-0.0994047619047618,56.25678724616285,672
empirical_copula,Empirical-copula scenarios,capacity_price,common_209,209,2026-03,0.9,0.8118279569892473,-0.0881720430107527,53.33902412179486,744
empirical_copula,Empirical-copula scenarios,capacity_price,common_209,209,2026-04,0.9,0.8277777777777777,-0.0722222222222223,50.72948886271036,720
empirical_copula,Empirical-copula scenarios,capacity_price,common_209,209,2026-05,0.9,0.8922413793103449,-0.0077586206896551,48.00499305958366,696
empirical_copula,Empirical-copula scenarios,capacity_price,common_209,209,2026-06,0.9,0.8958333333333334,-0.0041666666666666,38.12290372581624,720
empirical_copula,Empirical-copula scenarios,capacity_price,common_209,209,2026-07,0.9,0.8817204301075269,-0.0182795698924731,38.32072604893627,744
empirical_copula,Empirical-copula scenarios,capacity_price,common_209,209,2026-08,0.9,0.8653846153846154,-0.0346153846153846,27.93230733801759,624
empirical_copula,Empirical-copula scenarios,activation_volume,common_209,209,2026-02,0.9,0.8943452380952381,-0.0056547619047618,55.25109186570382,672
empirical_copula,Empirical-copula scenarios,activation_volume,common_209,209,2026-03,0.9,0.8991935483870968,-0.0008064516129032,54.59836083840141,744
empirical_copula,Empirical-copula scenarios,activation_volume,common_209,209,2026-04,0.9,0.8888888888888888,-0.0111111111111111,63.458806312841546,720
empirical_copula,Empirical-copula scenarios,activation_volume,common_209,209,2026-05,0.9,0.918103448275862,0.018103448275862,66.61373644148505,696
empirical_copula,Empirical-copula scenarios,activation_volume,common_209,209,2026-06,0.9,0.9194444444444444,0.0194444444444443,61.91911651202039,720
empirical_copula,Empirical-copula scenarios,activation_volume,common_209,209,2026-07,0.9,0.9448924731182796,0.0448924731182796,53.34454026032114,744
empirical_copula,Empirical-copula scenarios,activation_volume,common_209,209,2026-08,0.9,0.9326923076923076,0.0326923076923076,37.6752000862153,624
empirical_copula,Empirical-copula scenarios,activation_price,common_209,209,2026-02,0.9,0.8106312292358804,-0.0893687707641196,323.41019278586487,602
empirical_copula,Empirical-copula scenarios,activation_price,common_209,209,2026-03,0.9,0.8240469208211144,-0.0759530791788856,605.7731716152857,682
empirical_copula,Empirical-copula scenarios,activation_price,common_209,209,2026-04,0.9,0.8526785714285714,-0.0473214285714286,312.0556172494153,672
empirical_copula,Empirical-copula scenarios,activation_price,common_209,209,2026-05,0.9,0.8455772113943029,-0.0544227886056971,424.7132245940605,667
empirical_copula,Empirical-copula scenarios,activation_price,common_209,209,2026-06,0.9,0.8183118741058655,-0.0816881258941345,447.4131818071768,699
empirical_copula,Empirical-copula scenarios,activation_price,common_209,209,2026-07,0.9,0.8984485190409027,-0.0015514809590972,418.3236662345772,709
empirical_copula,Empirical-copula scenarios,activation_price,common_209,209,2026-08,0.9,0.8429752066115702,-0.0570247933884298,261.5420092766996,605
fb2_gate,Gate-conditioned Gaussian-copula scenarios,day_ahead_price,main_211,211,2026-02,0.9,0.8125,-0.0875,75.20451355842609,672
fb2_gate,Gate-conditioned Gaussian-copula scenarios,day_ahead_price,main_211,211,2026-03,0.9,0.5470430107526881,-0.3529569892473119,99.04699170976696,744
fb2_gate,Gate-conditioned Gaussian-copula scenarios,day_ahead_price,main_211,211,2026-04,0.9,0.7958333333333333,-0.1041666666666667,132.13775082942615,720
fb2_gate,Gate-conditioned Gaussian-copula scenarios,day_ahead_price,main_211,211,2026-05,0.9,0.8454301075268817,-0.0545698924731182,117.28829469761476,744
fb2_gate,Gate-conditioned Gaussian-copula scenarios,day_ahead_price,main_211,211,2026-06,0.9,0.8083333333333333,-0.0916666666666666,109.25658373598114,720
fb2_gate,Gate-conditioned Gaussian-copula scenarios,day_ahead_price,main_211,211,2026-07,0.9,0.7983870967741935,-0.1016129032258065,108.57341281100544,744
fb2_gate,Gate-conditioned Gaussian-copula scenarios,day_ahead_price,main_211,211,2026-08,0.9,0.7467948717948718,-0.1532051282051282,109.6964835520456,624
fb2_gate,Gate-conditioned Gaussian-copula scenarios,capacity_price,main_211,211,2026-02,0.9,0.7886904761904762,-0.1113095238095238,42.51525980045303,672
fb2_gate,Gate-conditioned Gaussian-copula scenarios,capacity_price,main_211,211,2026-03,0.9,0.7836021505376344,-0.1163978494623656,45.882847926822,744
fb2_gate,Gate-conditioned Gaussian-copula scenarios,capacity_price,main_211,211,2026-04,0.9,0.8208333333333333,-0.0791666666666667,48.71887777523287,720
fb2_gate,Gate-conditioned Gaussian-copula scenarios,capacity_price,main_211,211,2026-05,0.9,0.8575268817204301,-0.0424731182795699,48.05435070588238,744
fb2_gate,Gate-conditioned Gaussian-copula scenarios,capacity_price,main_211,211,2026-06,0.9,0.8722222222222222,-0.0277777777777777,34.78471340353431,720
fb2_gate,Gate-conditioned Gaussian-copula scenarios,capacity_price,main_211,211,2026-07,0.9,0.8776881720430108,-0.0223118279569892,35.864785693916815,744
fb2_gate,Gate-conditioned Gaussian-copula scenarios,capacity_price,main_211,211,2026-08,0.9,0.8413461538461539,-0.0586538461538461,26.56888524583307,624
fb2_gate,Gate-conditioned Gaussian-copula scenarios,activation_volume,main_211,211,2026-02,0.9,0.8526785714285714,-0.0473214285714286,43.775097406671314,672
fb2_gate,Gate-conditioned Gaussian-copula scenarios,activation_volume,main_211,211,2026-03,0.9,0.8736559139784946,-0.0263440860215053,53.20784237431584,744
fb2_gate,Gate-conditioned Gaussian-copula scenarios,activation_volume,main_211,211,2026-04,0.9,0.8625,-0.0374999999999999,61.24016312369369,720
fb2_gate,Gate-conditioned Gaussian-copula scenarios,activation_volume,main_211,211,2026-05,0.9,0.9086021505376344,0.0086021505376343,63.5040853053428,744
fb2_gate,Gate-conditioned Gaussian-copula scenarios,activation_volume,main_211,211,2026-06,0.9,0.9013888888888888,0.0013888888888888,55.3820199663361,720
fb2_gate,Gate-conditioned Gaussian-copula scenarios,activation_volume,main_211,211,2026-07,0.9,0.9166666666666666,0.0166666666666666,46.59198467765579,744
fb2_gate,Gate-conditioned Gaussian-copula scenarios,activation_volume,main_211,211,2026-08,0.9,0.9102564102564102,0.0102564102564102,28.35637233129412,624
fb2_gate,Gate-conditioned Gaussian-copula scenarios,activation_price,main_211,211,2026-02,0.9,0.813953488372093,-0.086046511627907,314.29138202492953,602
fb2_gate,Gate-conditioned Gaussian-copula scenarios,activation_price,main_211,211,2026-03,0.9,0.8519061583577713,-0.0480938416422287,671.9349773341104,682
fb2_gate,Gate-conditioned Gaussian-copula scenarios,activation_price,main_211,211,2026-04,0.9,0.8809523809523809,-0.019047619047619,323.9818009817572,672
fb2_gate,Gate-conditioned Gaussian-copula scenarios,activation_price,main_211,211,2026-05,0.9,0.8879551820728291,-0.0120448179271709,436.779865892152,714
fb2_gate,Gate-conditioned Gaussian-copula scenarios,activation_price,main_211,211,2026-06,0.9,0.8626609442060086,-0.0373390557939914,460.253174035398,699
fb2_gate,Gate-conditioned Gaussian-copula scenarios,activation_price,main_211,211,2026-07,0.9,0.9083215796897038,0.0083215796897038,389.4226489132113,709
fb2_gate,Gate-conditioned Gaussian-copula scenarios,activation_price,main_211,211,2026-08,0.9,0.859504132231405,-0.040495867768595,253.4009922979673,605
fb2_gate,Gate-conditioned Gaussian-copula scenarios,day_ahead_price,common_209,209,2026-02,0.9,0.8125,-0.0875,75.20451355842609,672
fb2_gate,Gate-conditioned Gaussian-copula scenarios,day_ahead_price,common_209,209,2026-03,0.9,0.5470430107526881,-0.3529569892473119,99.04699170976696,744
fb2_gate,Gate-conditioned Gaussian-copula scenarios,day_ahead_price,common_209,209,2026-04,0.9,0.7958333333333333,-0.1041666666666667,132.13775082942615,720
fb2_gate,Gate-conditioned Gaussian-copula scenarios,day_ahead_price,common_209,209,2026-05,0.9,0.8390804597701149,-0.0609195402298851,115.99195234194242,696
fb2_gate,Gate-conditioned Gaussian-copula scenarios,day_ahead_price,common_209,209,2026-06,0.9,0.8083333333333333,-0.0916666666666666,109.25658373598114,720
fb2_gate,Gate-conditioned Gaussian-copula scenarios,day_ahead_price,common_209,209,2026-07,0.9,0.7983870967741935,-0.1016129032258065,108.57341281100544,744
fb2_gate,Gate-conditioned Gaussian-copula scenarios,day_ahead_price,common_209,209,2026-08,0.9,0.7467948717948718,-0.1532051282051282,109.6964835520456,624
fb2_gate,Gate-conditioned Gaussian-copula scenarios,capacity_price,common_209,209,2026-02,0.9,0.7886904761904762,-0.1113095238095238,42.51525980045303,672
fb2_gate,Gate-conditioned Gaussian-copula scenarios,capacity_price,common_209,209,2026-03,0.9,0.7836021505376344,-0.1163978494623656,45.882847926822,744
fb2_gate,Gate-conditioned Gaussian-copula scenarios,capacity_price,common_209,209,2026-04,0.9,0.8208333333333333,-0.0791666666666667,48.71887777523287,720
fb2_gate,Gate-conditioned Gaussian-copula scenarios,capacity_price,common_209,209,2026-05,0.9,0.8620689655172413,-0.0379310344827586,47.120896056748805,696
fb2_gate,Gate-conditioned Gaussian-copula scenarios,capacity_price,common_209,209,2026-06,0.9,0.8722222222222222,-0.0277777777777777,34.78471340353431,720
fb2_gate,Gate-conditioned Gaussian-copula scenarios,capacity_price,common_209,209,2026-07,0.9,0.8776881720430108,-0.0223118279569892,35.864785693916815,744
fb2_gate,Gate-conditioned Gaussian-copula scenarios,capacity_price,common_209,209,2026-08,0.9,0.8413461538461539,-0.0586538461538461,26.56888524583307,624
fb2_gate,Gate-conditioned Gaussian-copula scenarios,activation_volume,common_209,209,2026-02,0.9,0.8526785714285714,-0.0473214285714286,43.775097406671314,672
fb2_gate,Gate-conditioned Gaussian-copula scenarios,activation_volume,common_209,209,2026-03,0.9,0.8736559139784946,-0.0263440860215053,53.20784237431584,744
fb2_gate,Gate-conditioned Gaussian-copula scenarios,activation_volume,common_209,209,2026-04,0.9,0.8625,-0.0374999999999999,61.24016312369369,720
fb2_gate,Gate-conditioned Gaussian-copula scenarios,activation_volume,common_209,209,2026-05,0.9,0.9080459770114944,0.0080459770114942,63.27368439384646,696
fb2_gate,Gate-conditioned Gaussian-copula scenarios,activation_volume,common_209,209,2026-06,0.9,0.9013888888888888,0.0013888888888888,55.3820199663361,720
fb2_gate,Gate-conditioned Gaussian-copula scenarios,activation_volume,common_209,209,2026-07,0.9,0.9166666666666666,0.0166666666666666,46.59198467765579,744
fb2_gate,Gate-conditioned Gaussian-copula scenarios,activation_volume,common_209,209,2026-08,0.9,0.9102564102564102,0.0102564102564102,28.35637233129412,624
fb2_gate,Gate-conditioned Gaussian-copula scenarios,activation_price,common_209,209,2026-02,0.9,0.813953488372093,-0.086046511627907,314.29138202492953,602
fb2_gate,Gate-conditioned Gaussian-copula scenarios,activation_price,common_209,209,2026-03,0.9,0.8519061583577713,-0.0480938416422287,671.9349773341104,682
fb2_gate,Gate-conditioned Gaussian-copula scenarios,activation_price,common_209,209,2026-04,0.9,0.8809523809523809,-0.019047619047619,323.9818009817572,672
fb2_gate,Gate-conditioned Gaussian-copula scenarios,activation_price,common_209,209,2026-05,0.9,0.8875562218890555,-0.0124437781109445,438.3267914129417,667
fb2_gate,Gate-conditioned Gaussian-copula scenarios,activation_price,common_209,209,2026-06,0.9,0.8626609442060086,-0.0373390557939914,460.253174035398,699
fb2_gate,Gate-conditioned Gaussian-copula scenarios,activation_price,common_209,209,2026-07,0.9,0.9083215796897038,0.0083215796897038,389.4226489132113,709
fb2_gate,Gate-conditioned Gaussian-copula scenarios,activation_price,common_209,209,2026-08,0.9,0.859504132231405,-0.040495867768595,253.4009922979673,605
fb2_no_cross_target,Gaussian-copula scenarios without cross-target dependence,day_ahead_price,main_211,211,2026-02,0.9,0.8125,-0.0875,73.93670761194413,672
fb2_no_cross_target,Gaussian-copula scenarios without cross-target dependence,day_ahead_price,main_211,211,2026-03,0.9,0.5456989247311828,-0.3543010752688172,99.35498050110397,744
fb2_no_cross_target,Gaussian-copula scenarios without cross-target dependence,day_ahead_price,main_211,211,2026-04,0.9,0.7944444444444444,-0.1055555555555556,132.2303717859224,720
fb2_no_cross_target,Gaussian-copula scenarios without cross-target dependence,day_ahead_price,main_211,211,2026-05,0.9,0.864247311827957,-0.035752688172043,118.9133177733637,744
fb2_no_cross_target,Gaussian-copula scenarios without cross-target dependence,day_ahead_price,main_211,211,2026-06,0.9,0.7972222222222223,-0.1027777777777777,108.30801463734876,720
fb2_no_cross_target,Gaussian-copula scenarios without cross-target dependence,day_ahead_price,main_211,211,2026-07,0.9,0.7943548387096774,-0.1056451612903226,107.47300584313676,744
fb2_no_cross_target,Gaussian-copula scenarios without cross-target dependence,day_ahead_price,main_211,211,2026-08,0.9,0.7483974358974359,-0.1516025641025641,111.8887523303274,624
fb2_no_cross_target,Gaussian-copula scenarios without cross-target dependence,capacity_price,main_211,211,2026-02,0.9,0.7901785714285714,-0.1098214285714286,40.797726285324416,672
fb2_no_cross_target,Gaussian-copula scenarios without cross-target dependence,capacity_price,main_211,211,2026-03,0.9,0.7755376344086021,-0.1244623655913979,45.83163478915855,744
fb2_no_cross_target,Gaussian-copula scenarios without cross-target dependence,capacity_price,main_211,211,2026-04,0.9,0.8236111111111111,-0.0763888888888889,48.97424774993502,720
fb2_no_cross_target,Gaussian-copula scenarios without cross-target dependence,capacity_price,main_211,211,2026-05,0.9,0.8481182795698925,-0.0518817204301075,47.69229779077665,744
fb2_no_cross_target,Gaussian-copula scenarios without cross-target dependence,capacity_price,main_211,211,2026-06,0.9,0.8694444444444445,-0.0305555555555555,34.84130629244063,720
fb2_no_cross_target,Gaussian-copula scenarios without cross-target dependence,capacity_price,main_211,211,2026-07,0.9,0.8696236559139785,-0.0303763440860215,36.242943961416586,744
fb2_no_cross_target,Gaussian-copula scenarios without cross-target dependence,capacity_price,main_211,211,2026-08,0.9,0.8557692307692307,-0.0442307692307692,26.15226389060568,624
fb2_no_cross_target,Gaussian-copula scenarios without cross-target dependence,activation_volume,main_211,211,2026-02,0.9,0.8616071428571429,-0.0383928571428571,45.26159397462908,672
fb2_no_cross_target,Gaussian-copula scenarios without cross-target dependence,activation_volume,main_211,211,2026-03,0.9,0.8803763440860215,-0.0196236559139785,53.24113322132638,744
fb2_no_cross_target,Gaussian-copula scenarios without cross-target dependence,activation_volume,main_211,211,2026-04,0.9,0.8597222222222223,-0.0402777777777777,60.922461265606046,720
fb2_no_cross_target,Gaussian-copula scenarios without cross-target dependence,activation_volume,main_211,211,2026-05,0.9,0.8938172043010753,-0.0061827956989247,62.79793212569637,744
fb2_no_cross_target,Gaussian-copula scenarios without cross-target dependence,activation_volume,main_211,211,2026-06,0.9,0.9041666666666668,0.0041666666666666,55.07273397016221,720
fb2_no_cross_target,Gaussian-copula scenarios without cross-target dependence,activation_volume,main_211,211,2026-07,0.9,0.9193548387096774,0.0193548387096773,46.31499197536664,744
fb2_no_cross_target,Gaussian-copula scenarios without cross-target dependence,activation_volume,main_211,211,2026-08,0.9,0.9150641025641024,0.0150641025641025,28.042945735328782,624
fb2_no_cross_target,Gaussian-copula scenarios without cross-target dependence,activation_price,main_211,211,2026-02,0.9,0.8189368770764119,-0.081063122923588,304.31484485409175,602
fb2_no_cross_target,Gaussian-copula scenarios without cross-target dependence,activation_price,main_211,211,2026-03,0.9,0.8372434017595308,-0.0627565982404692,677.7826385716273,682
fb2_no_cross_target,Gaussian-copula scenarios without cross-target dependence,activation_price,main_211,211,2026-04,0.9,0.8839285714285714,-0.0160714285714286,325.83448829995456,672
fb2_no_cross_target,Gaussian-copula scenarios without cross-target dependence,activation_price,main_211,211,2026-05,0.9,0.8753501400560224,-0.0246498599439776,416.630924938975,714
fb2_no_cross_target,Gaussian-copula scenarios without cross-target dependence,activation_price,main_211,211,2026-06,0.9,0.8469241773962805,-0.0530758226037195,440.0965620122714,699
fb2_no_cross_target,Gaussian-copula scenarios without cross-target dependence,activation_price,main_211,211,2026-07,0.9,0.8998589562764457,-0.0001410437235542,407.8344185218611,709
fb2_no_cross_target,Gaussian-copula scenarios without cross-target dependence,activation_price,main_211,211,2026-08,0.9,0.8545454545454545,-0.0454545454545455,250.07306246850115,605
fb2_no_cross_target,Gaussian-copula scenarios without cross-target dependence,day_ahead_price,common_209,209,2026-02,0.9,0.8125,-0.0875,73.93670761194413,672
fb2_no_cross_target,Gaussian-copula scenarios without cross-target dependence,day_ahead_price,common_209,209,2026-03,0.9,0.5456989247311828,-0.3543010752688172,99.35498050110397,744
fb2_no_cross_target,Gaussian-copula scenarios without cross-target dependence,day_ahead_price,common_209,209,2026-04,0.9,0.7944444444444444,-0.1055555555555556,132.2303717859224,720
fb2_no_cross_target,Gaussian-copula scenarios without cross-target dependence,day_ahead_price,common_209,209,2026-05,0.9,0.8577586206896551,-0.0422413793103448,117.56151790011796,696
fb2_no_cross_target,Gaussian-copula scenarios without cross-target dependence,day_ahead_price,common_209,209,2026-06,0.9,0.7972222222222223,-0.1027777777777777,108.30801463734876,720
fb2_no_cross_target,Gaussian-copula scenarios without cross-target dependence,day_ahead_price,common_209,209,2026-07,0.9,0.7943548387096774,-0.1056451612903226,107.47300584313676,744
fb2_no_cross_target,Gaussian-copula scenarios without cross-target dependence,day_ahead_price,common_209,209,2026-08,0.9,0.7483974358974359,-0.1516025641025641,111.8887523303274,624
fb2_no_cross_target,Gaussian-copula scenarios without cross-target dependence,capacity_price,common_209,209,2026-02,0.9,0.7901785714285714,-0.1098214285714286,40.797726285324416,672
fb2_no_cross_target,Gaussian-copula scenarios without cross-target dependence,capacity_price,common_209,209,2026-03,0.9,0.7755376344086021,-0.1244623655913979,45.83163478915855,744
fb2_no_cross_target,Gaussian-copula scenarios without cross-target dependence,capacity_price,common_209,209,2026-04,0.9,0.8236111111111111,-0.0763888888888889,48.97424774993502,720
fb2_no_cross_target,Gaussian-copula scenarios without cross-target dependence,capacity_price,common_209,209,2026-05,0.9,0.853448275862069,-0.046551724137931,46.8402952623846,696
fb2_no_cross_target,Gaussian-copula scenarios without cross-target dependence,capacity_price,common_209,209,2026-06,0.9,0.8694444444444445,-0.0305555555555555,34.84130629244063,720
fb2_no_cross_target,Gaussian-copula scenarios without cross-target dependence,capacity_price,common_209,209,2026-07,0.9,0.8696236559139785,-0.0303763440860215,36.242943961416586,744
fb2_no_cross_target,Gaussian-copula scenarios without cross-target dependence,capacity_price,common_209,209,2026-08,0.9,0.8557692307692307,-0.0442307692307692,26.15226389060568,624
fb2_no_cross_target,Gaussian-copula scenarios without cross-target dependence,activation_volume,common_209,209,2026-02,0.9,0.8616071428571429,-0.0383928571428571,45.26159397462908,672
fb2_no_cross_target,Gaussian-copula scenarios without cross-target dependence,activation_volume,common_209,209,2026-03,0.9,0.8803763440860215,-0.0196236559139785,53.24113322132638,744
fb2_no_cross_target,Gaussian-copula scenarios without cross-target dependence,activation_volume,common_209,209,2026-04,0.9,0.8597222222222223,-0.0402777777777777,60.922461265606046,720
fb2_no_cross_target,Gaussian-copula scenarios without cross-target dependence,activation_volume,common_209,209,2026-05,0.9,0.8922413793103449,-0.0077586206896551,62.848418094200746,696
fb2_no_cross_target,Gaussian-copula scenarios without cross-target dependence,activation_volume,common_209,209,2026-06,0.9,0.9041666666666668,0.0041666666666666,55.07273397016221,720
fb2_no_cross_target,Gaussian-copula scenarios without cross-target dependence,activation_volume,common_209,209,2026-07,0.9,0.9193548387096774,0.0193548387096773,46.31499197536664,744
fb2_no_cross_target,Gaussian-copula scenarios without cross-target dependence,activation_volume,common_209,209,2026-08,0.9,0.9150641025641024,0.0150641025641025,28.042945735328782,624
fb2_no_cross_target,Gaussian-copula scenarios without cross-target dependence,activation_price,common_209,209,2026-02,0.9,0.8189368770764119,-0.081063122923588,304.31484485409175,602
fb2_no_cross_target,Gaussian-copula scenarios without cross-target dependence,activation_price,common_209,209,2026-03,0.9,0.8372434017595308,-0.0627565982404692,677.7826385716273,682
fb2_no_cross_target,Gaussian-copula scenarios without cross-target dependence,activation_price,common_209,209,2026-04,0.9,0.8839285714285714,-0.0160714285714286,325.83448829995456,672
fb2_no_cross_target,Gaussian-copula scenarios without cross-target dependence,activation_price,common_209,209,2026-05,0.9,0.8770614692653673,-0.0229385307346327,420.7459895706975,667
fb2_no_cross_target,Gaussian-copula scenarios without cross-target dependence,activation_price,common_209,209,2026-06,0.9,0.8469241773962805,-0.0530758226037195,440.0965620122714,699
fb2_no_cross_target,Gaussian-copula scenarios without cross-target dependence,activation_price,common_209,209,2026-07,0.9,0.8998589562764457,-0.0001410437235542,407.8344185218611,709
fb2_no_cross_target,Gaussian-copula scenarios without cross-target dependence,activation_price,common_209,209,2026-08,0.9,0.8545454545454545,-0.0454545454545455,250.07306246850115,605
fb2_no_temporal,Gaussian-copula scenarios without temporal dependence,day_ahead_price,main_211,211,2026-02,0.9,0.8184523809523809,-0.081547619047619,73.56088784157876,672
fb2_no_temporal,Gaussian-copula scenarios without temporal dependence,day_ahead_price,main_211,211,2026-03,0.9,0.5456989247311828,-0.3543010752688172,98.186355715936,744
fb2_no_temporal,Gaussian-copula scenarios without temporal dependence,day_ahead_price,main_211,211,2026-04,0.9,0.7958333333333333,-0.1041666666666667,132.25294578128495,720
fb2_no_temporal,Gaussian-copula scenarios without temporal dependence,day_ahead_price,main_211,211,2026-05,0.9,0.8561827956989247,-0.0438172043010752,118.42228686245411,744
fb2_no_temporal,Gaussian-copula scenarios without temporal dependence,day_ahead_price,main_211,211,2026-06,0.9,0.7972222222222223,-0.1027777777777777,108.54364102660612,720
fb2_no_temporal,Gaussian-copula scenarios without temporal dependence,day_ahead_price,main_211,211,2026-07,0.9,0.8051075268817204,-0.0948924731182796,108.30170179692104,744
fb2_no_temporal,Gaussian-copula scenarios without temporal dependence,day_ahead_price,main_211,211,2026-08,0.9,0.7451923076923077,-0.1548076923076923,110.9397447236978,624
fb2_no_temporal,Gaussian-copula scenarios without temporal dependence,capacity_price,main_211,211,2026-02,0.9,0.7886904761904762,-0.1113095238095238,42.16474746743402,672
fb2_no_temporal,Gaussian-copula scenarios without temporal dependence,capacity_price,main_211,211,2026-03,0.9,0.7741935483870968,-0.1258064516129032,47.25199465897511,744
fb2_no_temporal,Gaussian-copula scenarios without temporal dependence,capacity_price,main_211,211,2026-04,0.9,0.8180555555555555,-0.0819444444444444,47.45132904750612,720
fb2_no_temporal,Gaussian-copula scenarios without temporal dependence,capacity_price,main_211,211,2026-05,0.9,0.8481182795698925,-0.0518817204301075,47.83552747425384,744
fb2_no_temporal,Gaussian-copula scenarios without temporal dependence,capacity_price,main_211,211,2026-06,0.9,0.8763888888888889,-0.0236111111111111,34.139490027680786,720
fb2_no_temporal,Gaussian-copula scenarios without temporal dependence,capacity_price,main_211,211,2026-07,0.9,0.8736559139784946,-0.0263440860215053,36.217715612844486,744
fb2_no_temporal,Gaussian-copula scenarios without temporal dependence,capacity_price,main_211,211,2026-08,0.9,0.8573717948717948,-0.0426282051282052,26.118452893144696,624
fb2_no_temporal,Gaussian-copula scenarios without temporal dependence,activation_volume,main_211,211,2026-02,0.9,0.8526785714285714,-0.0473214285714286,44.06253927686832,672
fb2_no_temporal,Gaussian-copula scenarios without temporal dependence,activation_volume,main_211,211,2026-03,0.9,0.8830645161290323,-0.0169354838709677,53.141543147703445,744
fb2_no_temporal,Gaussian-copula scenarios without temporal dependence,activation_volume,main_211,211,2026-04,0.9,0.8597222222222223,-0.0402777777777777,61.73955026723084,720
fb2_no_temporal,Gaussian-copula scenarios without temporal dependence,activation_volume,main_211,211,2026-05,0.9,0.8978494623655914,-0.0021505376344086,63.24733277505078,744
fb2_no_temporal,Gaussian-copula scenarios without temporal dependence,activation_volume,main_211,211,2026-06,0.9,0.8902777777777777,-0.0097222222222222,55.277186346421736,720
fb2_no_temporal,Gaussian-copula scenarios without temporal dependence,activation_volume,main_211,211,2026-07,0.9,0.9112903225806452,0.0112903225806451,46.25116795987464,744
fb2_no_temporal,Gaussian-copula scenarios without temporal dependence,activation_volume,main_211,211,2026-08,0.9,0.9166666666666666,0.0166666666666666,28.44848172694611,624
fb2_no_temporal,Gaussian-copula scenarios without temporal dependence,activation_price,main_211,211,2026-02,0.9,0.8205980066445183,-0.0794019933554817,302.8962994635698,602
fb2_no_temporal,Gaussian-copula scenarios without temporal dependence,activation_price,main_211,211,2026-03,0.9,0.8504398826979472,-0.0495601173020527,692.9046894899421,682
fb2_no_temporal,Gaussian-copula scenarios without temporal dependence,activation_price,main_211,211,2026-04,0.9,0.8839285714285714,-0.0160714285714286,321.386082010124,672
fb2_no_temporal,Gaussian-copula scenarios without temporal dependence,activation_price,main_211,211,2026-05,0.9,0.8851540616246498,-0.0148459383753501,439.709186622822,714
fb2_no_temporal,Gaussian-copula scenarios without temporal dependence,activation_price,main_211,211,2026-06,0.9,0.8483547925608012,-0.0516452074391988,440.4899567130776,699
fb2_no_temporal,Gaussian-copula scenarios without temporal dependence,activation_price,main_211,211,2026-07,0.9,0.8984485190409027,-0.0015514809590972,401.33524998075154,709
fb2_no_temporal,Gaussian-copula scenarios without temporal dependence,activation_price,main_211,211,2026-08,0.9,0.856198347107438,-0.0438016528925619,250.30838184678564,605
fb2_no_temporal,Gaussian-copula scenarios without temporal dependence,day_ahead_price,common_209,209,2026-02,0.9,0.8184523809523809,-0.081547619047619,73.56088784157876,672
fb2_no_temporal,Gaussian-copula scenarios without temporal dependence,day_ahead_price,common_209,209,2026-03,0.9,0.5456989247311828,-0.3543010752688172,98.186355715936,744
fb2_no_temporal,Gaussian-copula scenarios without temporal dependence,day_ahead_price,common_209,209,2026-04,0.9,0.7958333333333333,-0.1041666666666667,132.25294578128495,720
fb2_no_temporal,Gaussian-copula scenarios without temporal dependence,day_ahead_price,common_209,209,2026-05,0.9,0.8520114942528736,-0.0479885057471264,116.97842356741464,696
fb2_no_temporal,Gaussian-copula scenarios without temporal dependence,day_ahead_price,common_209,209,2026-06,0.9,0.7972222222222223,-0.1027777777777777,108.54364102660612,720
fb2_no_temporal,Gaussian-copula scenarios without temporal dependence,day_ahead_price,common_209,209,2026-07,0.9,0.8051075268817204,-0.0948924731182796,108.30170179692104,744
fb2_no_temporal,Gaussian-copula scenarios without temporal dependence,day_ahead_price,common_209,209,2026-08,0.9,0.7451923076923077,-0.1548076923076923,110.9397447236978,624
fb2_no_temporal,Gaussian-copula scenarios without temporal dependence,capacity_price,common_209,209,2026-02,0.9,0.7886904761904762,-0.1113095238095238,42.16474746743402,672
fb2_no_temporal,Gaussian-copula scenarios without temporal dependence,capacity_price,common_209,209,2026-03,0.9,0.7741935483870968,-0.1258064516129032,47.25199465897511,744
fb2_no_temporal,Gaussian-copula scenarios without temporal dependence,capacity_price,common_209,209,2026-04,0.9,0.8180555555555555,-0.0819444444444444,47.45132904750612,720
fb2_no_temporal,Gaussian-copula scenarios without temporal dependence,capacity_price,common_209,209,2026-05,0.9,0.853448275862069,-0.046551724137931,46.92401394189309,696
fb2_no_temporal,Gaussian-copula scenarios without temporal dependence,capacity_price,common_209,209,2026-06,0.9,0.8763888888888889,-0.0236111111111111,34.139490027680786,720
fb2_no_temporal,Gaussian-copula scenarios without temporal dependence,capacity_price,common_209,209,2026-07,0.9,0.8736559139784946,-0.0263440860215053,36.217715612844486,744
fb2_no_temporal,Gaussian-copula scenarios without temporal dependence,capacity_price,common_209,209,2026-08,0.9,0.8573717948717948,-0.0426282051282052,26.118452893144696,624
fb2_no_temporal,Gaussian-copula scenarios without temporal dependence,activation_volume,common_209,209,2026-02,0.9,0.8526785714285714,-0.0473214285714286,44.06253927686832,672
fb2_no_temporal,Gaussian-copula scenarios without temporal dependence,activation_volume,common_209,209,2026-03,0.9,0.8830645161290323,-0.0169354838709677,53.141543147703445,744
fb2_no_temporal,Gaussian-copula scenarios without temporal dependence,activation_volume,common_209,209,2026-04,0.9,0.8597222222222223,-0.0402777777777777,61.73955026723084,720
fb2_no_temporal,Gaussian-copula scenarios without temporal dependence,activation_volume,common_209,209,2026-05,0.9,0.8951149425287356,-0.0048850574712644,63.03127476141557,696
fb2_no_temporal,Gaussian-copula scenarios without temporal dependence,activation_volume,common_209,209,2026-06,0.9,0.8902777777777777,-0.0097222222222222,55.277186346421736,720
fb2_no_temporal,Gaussian-copula scenarios without temporal dependence,activation_volume,common_209,209,2026-07,0.9,0.9112903225806452,0.0112903225806451,46.25116795987464,744
fb2_no_temporal,Gaussian-copula scenarios without temporal dependence,activation_volume,common_209,209,2026-08,0.9,0.9166666666666666,0.0166666666666666,28.44848172694611,624
fb2_no_temporal,Gaussian-copula scenarios without temporal dependence,activation_price,common_209,209,2026-02,0.9,0.8205980066445183,-0.0794019933554817,302.8962994635698,602
fb2_no_temporal,Gaussian-copula scenarios without temporal dependence,activation_price,common_209,209,2026-03,0.9,0.8504398826979472,-0.0495601173020527,692.9046894899421,682
fb2_no_temporal,Gaussian-copula scenarios without temporal dependence,activation_price,common_209,209,2026-04,0.9,0.8839285714285714,-0.0160714285714286,321.386082010124,672
fb2_no_temporal,Gaussian-copula scenarios without temporal dependence,activation_price,common_209,209,2026-05,0.9,0.8845577211394303,-0.0154422788605697,446.0102303296765,667
fb2_no_temporal,Gaussian-copula scenarios without temporal dependence,activation_price,common_209,209,2026-06,0.9,0.8483547925608012,-0.0516452074391988,440.4899567130776,699
fb2_no_temporal,Gaussian-copula scenarios without temporal dependence,activation_price,common_209,209,2026-07,0.9,0.8984485190409027,-0.0015514809590972,401.33524998075154,709
fb2_no_temporal,Gaussian-copula scenarios without temporal dependence,activation_price,common_209,209,2026-08,0.9,0.856198347107438,-0.0438016528925619,250.30838184678564,605
x09_block_copula,Sequential block-copula scenarios,day_ahead_price,main_211,211,2026-02,0.9,0.8869047619047619,-0.0130952380952381,88.20956045754608,672
x09_block_copula,Sequential block-copula scenarios,day_ahead_price,main_211,211,2026-03,0.9,0.6008064516129032,-0.2991935483870968,108.66229835429918,744
x09_block_copula,Sequential block-copula scenarios,day_ahead_price,main_211,211,2026-04,0.9,0.7958333333333333,-0.1041666666666667,133.07165407706984,720
x09_block_copula,Sequential block-copula scenarios,day_ahead_price,main_211,211,2026-05,0.9,0.8951612903225806,-0.0048387096774193,130.05514900978926,744
x09_block_copula,Sequential block-copula scenarios,day_ahead_price,main_211,211,2026-06,0.9,0.8055555555555556,-0.0944444444444444,119.01748385362949,720
x09_block_copula,Sequential block-copula scenarios,day_ahead_price,main_211,211,2026-07,0.9,0.8118279569892473,-0.0881720430107527,112.51182208072434,744
x09_block_copula,Sequential block-copula scenarios,day_ahead_price,main_211,211,2026-08,0.9,0.7580128205128205,-0.1419871794871795,118.3354531041233,624
x09_block_copula,Sequential block-copula scenarios,capacity_price,main_211,211,2026-02,0.9,0.7976190476190477,-0.1023809523809523,57.247653061984,672
x09_block_copula,Sequential block-copula scenarios,capacity_price,main_211,211,2026-03,0.9,0.8077956989247311,-0.0922043010752688,54.09616039694525,744
x09_block_copula,Sequential block-copula scenarios,capacity_price,main_211,211,2026-04,0.9,0.8333333333333334,-0.0666666666666666,51.026319208663125,720
x09_block_copula,Sequential block-copula scenarios,capacity_price,main_211,211,2026-05,0.9,0.8951612903225806,-0.0048387096774193,48.93593545149946,744
x09_block_copula,Sequential block-copula scenarios,capacity_price,main_211,211,2026-06,0.9,0.8944444444444445,-0.0055555555555555,38.267970269904254,720
x09_block_copula,Sequential block-copula scenarios,capacity_price,main_211,211,2026-07,0.9,0.8790322580645161,-0.0209677419354838,37.82562615666544,744
x09_block_copula,Sequential block-copula scenarios,capacity_price,main_211,211,2026-08,0.9,0.8830128205128205,-0.0169871794871795,28.376439190386098,624
x09_block_copula,Sequential block-copula scenarios,activation_volume,main_211,211,2026-02,0.9,0.9047619047619048,0.0047619047619047,55.35657612030396,672
x09_block_copula,Sequential block-copula scenarios,activation_volume,main_211,211,2026-03,0.9,0.8911290322580645,-0.0088709677419355,55.00156656375484,744
x09_block_copula,Sequential block-copula scenarios,activation_volume,main_211,211,2026-04,0.9,0.8875,-0.0125,64.28007321626109,720
x09_block_copula,Sequential block-copula scenarios,activation_volume,main_211,211,2026-05,0.9,0.9153225806451613,0.0153225806451612,65.9570356190435,744
x09_block_copula,Sequential block-copula scenarios,activation_volume,main_211,211,2026-06,0.9,0.9277777777777778,0.0277777777777777,60.82196529047314,720
x09_block_copula,Sequential block-copula scenarios,activation_volume,main_211,211,2026-07,0.9,0.935483870967742,0.0354838709677418,53.66628431375099,744
x09_block_copula,Sequential block-copula scenarios,activation_volume,main_211,211,2026-08,0.9,0.9407051282051282,0.0407051282051281,39.29361834307334,624
x09_block_copula,Sequential block-copula scenarios,activation_price,main_211,211,2026-02,0.9,0.7973421926910299,-0.1026578073089701,307.59757075000823,602
x09_block_copula,Sequential block-copula scenarios,activation_price,main_211,211,2026-03,0.9,0.8152492668621701,-0.0847507331378298,617.5783965414744,682
x09_block_copula,Sequential block-copula scenarios,activation_price,main_211,211,2026-04,0.9,0.8630952380952381,-0.0369047619047618,314.28517173953946,672
x09_block_copula,Sequential block-copula scenarios,activation_price,main_211,211,2026-05,0.9,0.8473389355742297,-0.0526610644257703,452.2965646600469,714
x09_block_copula,Sequential block-copula scenarios,activation_price,main_211,211,2026-06,0.9,0.8111587982832618,-0.0888412017167382,433.8138652322724,699
x09_block_copula,Sequential block-copula scenarios,activation_price,main_211,211,2026-07,0.9,0.9040902679830748,0.0040902679830747,404.0743538083756,709
x09_block_copula,Sequential block-copula scenarios,activation_price,main_211,211,2026-08,0.9,0.8446280991735537,-0.0553719008264462,260.28065727181354,605
x09_block_copula,Sequential block-copula scenarios,day_ahead_price,common_209,209,2026-02,0.9,0.8869047619047619,-0.0130952380952381,88.20956045754608,672
x09_block_copula,Sequential block-copula scenarios,day_ahead_price,common_209,209,2026-03,0.9,0.6008064516129032,-0.2991935483870968,108.66229835429918,744
x09_block_copula,Sequential block-copula scenarios,day_ahead_price,common_209,209,2026-04,0.9,0.7958333333333333,-0.1041666666666667,133.07165407706984,720
x09_block_copula,Sequential block-copula scenarios,day_ahead_price,common_209,209,2026-05,0.9,0.8922413793103449,-0.0077586206896551,129.43524167439793,696
x09_block_copula,Sequential block-copula scenarios,day_ahead_price,common_209,209,2026-06,0.9,0.8055555555555556,-0.0944444444444444,119.01748385362949,720
x09_block_copula,Sequential block-copula scenarios,day_ahead_price,common_209,209,2026-07,0.9,0.8118279569892473,-0.0881720430107527,112.51182208072434,744
x09_block_copula,Sequential block-copula scenarios,day_ahead_price,common_209,209,2026-08,0.9,0.7580128205128205,-0.1419871794871795,118.3354531041233,624
x09_block_copula,Sequential block-copula scenarios,capacity_price,common_209,209,2026-02,0.9,0.7976190476190477,-0.1023809523809523,57.247653061984,672
x09_block_copula,Sequential block-copula scenarios,capacity_price,common_209,209,2026-03,0.9,0.8077956989247311,-0.0922043010752688,54.09616039694525,744
x09_block_copula,Sequential block-copula scenarios,capacity_price,common_209,209,2026-04,0.9,0.8333333333333334,-0.0666666666666666,51.026319208663125,720
x09_block_copula,Sequential block-copula scenarios,capacity_price,common_209,209,2026-05,0.9,0.9022988505747126,0.0022988505747125,48.03418376310948,696
x09_block_copula,Sequential block-copula scenarios,capacity_price,common_209,209,2026-06,0.9,0.8944444444444445,-0.0055555555555555,38.267970269904254,720
x09_block_copula,Sequential block-copula scenarios,capacity_price,common_209,209,2026-07,0.9,0.8790322580645161,-0.0209677419354838,37.82562615666544,744
x09_block_copula,Sequential block-copula scenarios,capacity_price,common_209,209,2026-08,0.9,0.8830128205128205,-0.0169871794871795,28.376439190386098,624
x09_block_copula,Sequential block-copula scenarios,activation_volume,common_209,209,2026-02,0.9,0.9047619047619048,0.0047619047619047,55.35657612030396,672
x09_block_copula,Sequential block-copula scenarios,activation_volume,common_209,209,2026-03,0.9,0.8911290322580645,-0.0088709677419355,55.00156656375484,744
x09_block_copula,Sequential block-copula scenarios,activation_volume,common_209,209,2026-04,0.9,0.8875,-0.0125,64.28007321626109,720
x09_block_copula,Sequential block-copula scenarios,activation_volume,common_209,209,2026-05,0.9,0.9152298850574712,0.0152298850574712,65.72147742836195,696
x09_block_copula,Sequential block-copula scenarios,activation_volume,common_209,209,2026-06,0.9,0.9277777777777778,0.0277777777777777,60.82196529047314,720
x09_block_copula,Sequential block-copula scenarios,activation_volume,common_209,209,2026-07,0.9,0.935483870967742,0.0354838709677418,53.66628431375099,744
x09_block_copula,Sequential block-copula scenarios,activation_volume,common_209,209,2026-08,0.9,0.9407051282051282,0.0407051282051281,39.29361834307334,624
x09_block_copula,Sequential block-copula scenarios,activation_price,common_209,209,2026-02,0.9,0.7973421926910299,-0.1026578073089701,307.59757075000823,602
x09_block_copula,Sequential block-copula scenarios,activation_price,common_209,209,2026-03,0.9,0.8152492668621701,-0.0847507331378298,617.5783965414744,682
x09_block_copula,Sequential block-copula scenarios,activation_price,common_209,209,2026-04,0.9,0.8630952380952381,-0.0369047619047618,314.28517173953946,672
x09_block_copula,Sequential block-copula scenarios,activation_price,common_209,209,2026-05,0.9,0.848575712143928,-0.051424287856072,459.0153012058755,667
x09_block_copula,Sequential block-copula scenarios,activation_price,common_209,209,2026-06,0.9,0.8111587982832618,-0.0888412017167382,433.8138652322724,699
x09_block_copula,Sequential block-copula scenarios,activation_price,common_209,209,2026-07,0.9,0.9040902679830748,0.0040902679830747,404.0743538083756,709
x09_block_copula,Sequential block-copula scenarios,activation_price,common_209,209,2026-08,0.9,0.8446280991735537,-0.0553719008264462,260.28065727181354,605
fb2_plus_weather,Weather-augmented Gaussian-copula scenarios,day_ahead_price,common_209,209,2026-02,0.9,0.5163690476190477,-0.3836309523809523,44.97710388465784,672
fb2_plus_weather,Weather-augmented Gaussian-copula scenarios,day_ahead_price,common_209,209,2026-03,0.9,0.5766129032258065,-0.3233870967741935,82.42520763663954,744
fb2_plus_weather,Weather-augmented Gaussian-copula scenarios,day_ahead_price,common_209,209,2026-04,0.9,0.7194444444444444,-0.1805555555555555,90.20885871521094,720
fb2_plus_weather,Weather-augmented Gaussian-copula scenarios,day_ahead_price,common_209,209,2026-05,0.9,0.7212643678160919,-0.1787356321839081,86.64263138997464,696
fb2_plus_weather,Weather-augmented Gaussian-copula scenarios,day_ahead_price,common_209,209,2026-06,0.9,0.7666666666666667,-0.1333333333333333,82.80960504323167,720
fb2_plus_weather,Weather-augmented Gaussian-copula scenarios,day_ahead_price,common_209,209,2026-07,0.9,0.6841397849462365,-0.2158602150537635,80.03935983992609,744
fb2_plus_weather,Weather-augmented Gaussian-copula scenarios,day_ahead_price,common_209,209,2026-08,0.9,0.5913461538461539,-0.3086538461538461,77.38145665047594,624
fb2_plus_weather,Weather-augmented Gaussian-copula scenarios,capacity_price,common_209,209,2026-02,0.9,0.7663690476190477,-0.1336309523809523,46.59694041409242,672
fb2_plus_weather,Weather-augmented Gaussian-copula scenarios,capacity_price,common_209,209,2026-03,0.9,0.8010752688172043,-0.0989247311827957,48.87614862789688,744
fb2_plus_weather,Weather-augmented Gaussian-copula scenarios,capacity_price,common_209,209,2026-04,0.9,0.8083333333333333,-0.0916666666666666,49.58000802537271,720
fb2_plus_weather,Weather-augmented Gaussian-copula scenarios,capacity_price,common_209,209,2026-05,0.9,0.8089080459770115,-0.0910919540229885,43.89822842620374,696
fb2_plus_weather,Weather-augmented Gaussian-copula scenarios,capacity_price,common_209,209,2026-06,0.9,0.7777777777777778,-0.1222222222222222,36.53349873495304,720
fb2_plus_weather,Weather-augmented Gaussian-copula scenarios,capacity_price,common_209,209,2026-07,0.9,0.8373655913978495,-0.0626344086021505,33.49300751819205,744
fb2_plus_weather,Weather-augmented Gaussian-copula scenarios,capacity_price,common_209,209,2026-08,0.9,0.8301282051282052,-0.0698717948717948,26.44631508050435,624
fb2_plus_weather,Weather-augmented Gaussian-copula scenarios,activation_volume,common_209,209,2026-02,0.9,0.8601190476190477,-0.0398809523809523,56.0871978788019,672
fb2_plus_weather,Weather-augmented Gaussian-copula scenarios,activation_volume,common_209,209,2026-03,0.9,0.8293010752688172,-0.0706989247311827,56.77094003143995,744
fb2_plus_weather,Weather-augmented Gaussian-copula scenarios,activation_volume,common_209,209,2026-04,0.9,0.8208333333333333,-0.0791666666666667,67.71996215262199,720
fb2_plus_weather,Weather-augmented Gaussian-copula scenarios,activation_volume,common_209,209,2026-05,0.9,0.867816091954023,-0.032183908045977,81.72188369862177,696
fb2_plus_weather,Weather-augmented Gaussian-copula scenarios,activation_volume,common_209,209,2026-06,0.9,0.8805555555555555,-0.0194444444444444,50.90038700341746,720
fb2_plus_weather,Weather-augmented Gaussian-copula scenarios,activation_volume,common_209,209,2026-07,0.9,0.9260752688172044,0.0260752688172042,50.52495261841965,744
fb2_plus_weather,Weather-augmented Gaussian-copula scenarios,activation_volume,common_209,209,2026-08,0.9,0.9022435897435898,0.0022435897435897,32.40757554613612,624
fb2_plus_weather,Weather-augmented Gaussian-copula scenarios,activation_price,common_209,209,2026-02,0.9,0.7956810631229236,-0.1043189368770763,368.24259644931607,602
fb2_plus_weather,Weather-augmented Gaussian-copula scenarios,activation_price,common_209,209,2026-03,0.9,0.8328445747800587,-0.0671554252199413,620.610368819198,682
fb2_plus_weather,Weather-augmented Gaussian-copula scenarios,activation_price,common_209,209,2026-04,0.9,0.8690476190476191,-0.0309523809523809,336.6986260240688,672
fb2_plus_weather,Weather-augmented Gaussian-copula scenarios,activation_price,common_209,209,2026-05,0.9,0.8905547226386806,-0.0094452773613193,577.4179105958868,667
fb2_plus_weather,Weather-augmented Gaussian-copula scenarios,activation_price,common_209,209,2026-06,0.9,0.8540772532188842,-0.0459227467811158,460.5044585504904,699
fb2_plus_weather,Weather-augmented Gaussian-copula scenarios,activation_price,common_209,209,2026-07,0.9,0.8970380818053597,-0.0029619181946403,481.039275322621,709
fb2_plus_weather,Weather-augmented Gaussian-copula scenarios,activation_price,common_209,209,2026-08,0.9,0.8347107438016529,-0.0652892561983471,263.41794256010326,605
