arm,metric,target_x,target_y,lag_hours_y_after_x,observed_value,scenario_value,difference,n_observed_pairs,n_scenario_pairs
own_hourly__independent,spearman_rho,day_ahead_price,capacity_price,0,0.40412428709866505,0.23507259331909805,-0.169051693779567,5064,506400
own_hourly__independent,spearman_rho,day_ahead_price,capacity_price,1,0.37191554000304194,0.22113545806040183,-0.15078008194264012,4853,485300
own_hourly__independent,spearman_rho,day_ahead_price,activation_volume,0,-0.14447317533750653,-0.1002009338327993,0.04427224150470724,5064,506400
own_hourly__independent,spearman_rho,day_ahead_price,activation_volume,1,-0.18818550289917593,-0.13619922949382157,0.05198627340535436,4853,485300
own_hourly__independent,spearman_rho,capacity_price,activation_volume,0,-0.04987933514061485,-0.05345762176068436,-0.0035782866200695096,5064,506400
own_hourly__independent,spearman_rho,capacity_price,activation_volume,1,-0.04571657867105762,-0.06891149165044418,-0.023194912979386556,4853,485300
own_hourly__independent,spearman_rho,day_ahead_price,day_ahead_price,1,0.9363844099384151,0.4820150279502756,-0.4543693819881395,4853,485300
own_hourly__independent,spearman_rho,capacity_price,capacity_price,1,0.7832781047571382,0.41051651825001534,-0.3727615865071229,4853,485300
own_hourly__independent,spearman_rho,activation_volume,activation_volume,1,0.46886524499604004,0.11421319905455521,-0.3546520459414848,4853,485300
own_hourly__independent,upper_tail_conditional_probability,day_ahead_price,capacity_price,0,0.2583826429980276,0.25872827804107423,0.0003456350430466326,507,50640
own_hourly__gaussian,spearman_rho,day_ahead_price,capacity_price,0,0.40412428709866505,0.37991487964136095,-0.0242094074573041,5064,506400
own_hourly__gaussian,spearman_rho,day_ahead_price,capacity_price,1,0.37191554000304194,0.37243731955372916,0.000521779550687218,4853,485300
own_hourly__gaussian,spearman_rho,day_ahead_price,activation_volume,0,-0.14447317533750653,-0.0802235634894076,0.06424961184809894,5064,506400
own_hourly__gaussian,spearman_rho,day_ahead_price,activation_volume,1,-0.18818550289917593,-0.11702352628131851,0.07116197661785742,4853,485300
own_hourly__gaussian,spearman_rho,capacity_price,activation_volume,0,-0.04987933514061485,-0.042962712794363325,0.006916622346251525,5064,506400
own_hourly__gaussian,spearman_rho,capacity_price,activation_volume,1,-0.04571657867105762,-0.05500031305886438,-0.00928373438780676,4853,485300
own_hourly__gaussian,spearman_rho,day_ahead_price,day_ahead_price,1,0.9363844099384151,0.7618951447684386,-0.17448926516997654,4853,485300
own_hourly__gaussian,spearman_rho,capacity_price,capacity_price,1,0.7832781047571382,0.591879694192616,-0.19139841056452223,4853,485300
own_hourly__gaussian,spearman_rho,activation_volume,activation_volume,1,0.46886524499604004,0.1487933232843524,-0.32007192171168763,4853,485300
own_hourly__gaussian,upper_tail_conditional_probability,day_ahead_price,capacity_price,0,0.2583826429980276,0.356457345971564,0.09807470297353638,507,50640
own_hourly__empirical,spearman_rho,day_ahead_price,capacity_price,0,0.40412428709866505,0.39378617624200496,-0.010338110856660088,5064,506400
own_hourly__empirical,spearman_rho,day_ahead_price,capacity_price,1,0.37191554000304194,0.38499628487747956,0.013080744874437611,4853,485300
own_hourly__empirical,spearman_rho,day_ahead_price,activation_volume,0,-0.14447317533750653,-0.07121029161387946,0.07326288372362708,5064,506400
own_hourly__empirical,spearman_rho,day_ahead_price,activation_volume,1,-0.18818550289917593,-0.10616026246065015,0.08202524043852578,4853,485300
own_hourly__empirical,spearman_rho,capacity_price,activation_volume,0,-0.04987933514061485,-0.029902225882243876,0.019977109258370974,5064,506400
own_hourly__empirical,spearman_rho,capacity_price,activation_volume,1,-0.04571657867105762,-0.04098160695770894,0.004734971713348683,4853,485300
own_hourly__empirical,spearman_rho,day_ahead_price,day_ahead_price,1,0.9363844099384151,0.8983289147747457,-0.03805549516366935,4853,485300
own_hourly__empirical,spearman_rho,capacity_price,capacity_price,1,0.7832781047571382,0.7174671637827978,-0.06581094097434037,4853,485300
own_hourly__empirical,spearman_rho,activation_volume,activation_volume,1,0.46886524499604004,0.4169976741830306,-0.05186757081300947,4853,485300
own_hourly__empirical,upper_tail_conditional_probability,day_ahead_price,capacity_price,0,0.2583826429980276,0.3625394944707741,0.1041568514727465,507,50640
cross_hourly__independent,spearman_rho,day_ahead_price,capacity_price,0,0.40412428709866505,0.22559686199090564,-0.1785274251077594,5064,506400
cross_hourly__independent,spearman_rho,day_ahead_price,capacity_price,1,0.37191554000304194,0.20377559169171508,-0.16813994831132686,4853,485300
cross_hourly__independent,spearman_rho,day_ahead_price,activation_volume,0,-0.14447317533750653,-0.09957608326747934,0.04489709207002719,5064,506400
cross_hourly__independent,spearman_rho,day_ahead_price,activation_volume,1,-0.18818550289917593,-0.13263406577784492,0.05555143712133101,4853,485300
cross_hourly__independent,spearman_rho,capacity_price,activation_volume,0,-0.04987933514061485,-0.03484765573795499,0.015031679402659863,5064,506400
cross_hourly__independent,spearman_rho,capacity_price,activation_volume,1,-0.04571657867105762,-0.05069714102671458,-0.004980562355656963,4853,485300
cross_hourly__independent,spearman_rho,day_ahead_price,day_ahead_price,1,0.9363844099384151,0.4668794276990062,-0.4695049822394089,4853,485300
cross_hourly__independent,spearman_rho,capacity_price,capacity_price,1,0.7832781047571382,0.4414614235756215,-0.3418166811815167,4853,485300
cross_hourly__independent,spearman_rho,activation_volume,activation_volume,1,0.46886524499604004,0.11421319905455521,-0.3546520459414848,4853,485300
cross_hourly__independent,upper_tail_conditional_probability,day_ahead_price,capacity_price,0,0.2583826429980276,0.24924960505529226,-0.009133037942735345,507,50640
cross_hourly__gaussian,spearman_rho,day_ahead_price,capacity_price,0,0.40412428709866505,0.3525909677255534,-0.051533319373111675,5064,506400
cross_hourly__gaussian,spearman_rho,day_ahead_price,capacity_price,1,0.37191554000304194,0.3363824903853548,-0.03553304961768716,4853,485300
cross_hourly__gaussian,spearman_rho,day_ahead_price,activation_volume,0,-0.14447317533750653,-0.0802441691008994,0.06422900623660713,5064,506400
cross_hourly__gaussian,spearman_rho,day_ahead_price,activation_volume,1,-0.18818550289917593,-0.11299421828611643,0.0751912846130595,4853,485300
cross_hourly__gaussian,spearman_rho,capacity_price,activation_volume,0,-0.04987933514061485,-0.0251912762751793,0.02468805886543555,5064,506400
cross_hourly__gaussian,spearman_rho,capacity_price,activation_volume,1,-0.04571657867105762,-0.037465490439880976,0.008251088231176644,4853,485300
cross_hourly__gaussian,spearman_rho,day_ahead_price,day_ahead_price,1,0.9363844099384151,0.7246492457700052,-0.21173516416840987,4853,485300
cross_hourly__gaussian,spearman_rho,capacity_price,capacity_price,1,0.7832781047571382,0.5857559987051769,-0.1975221060519613,4853,485300
cross_hourly__gaussian,spearman_rho,activation_volume,activation_volume,1,0.46886524499604004,0.1519300732552326,-0.31693517174080743,4853,485300
cross_hourly__gaussian,upper_tail_conditional_probability,day_ahead_price,capacity_price,0,0.2583826429980276,0.33933649289099527,0.08095384989296767,507,50640
cross_hourly__empirical,spearman_rho,day_ahead_price,capacity_price,0,0.40412428709866505,0.3651305477509551,-0.038993739347709944,5064,506400
cross_hourly__empirical,spearman_rho,day_ahead_price,capacity_price,1,0.37191554000304194,0.34781448321799174,-0.0241010567850502,4853,485300
cross_hourly__empirical,spearman_rho,day_ahead_price,activation_volume,0,-0.14447317533750653,-0.06931275723505247,0.07516041810245407,5064,506400
cross_hourly__empirical,spearman_rho,day_ahead_price,activation_volume,1,-0.18818550289917593,-0.09952162306409451,0.08866387983508142,4853,485300
cross_hourly__empirical,spearman_rho,capacity_price,activation_volume,0,-0.04987933514061485,-0.013930251901906283,0.03594908323870857,5064,506400
cross_hourly__empirical,spearman_rho,capacity_price,activation_volume,1,-0.04571657867105762,-0.027701274797214497,0.018015303873843123,4853,485300
cross_hourly__empirical,spearman_rho,day_ahead_price,day_ahead_price,1,0.9363844099384151,0.8591845138705796,-0.0771998960678355,4853,485300
cross_hourly__empirical,spearman_rho,capacity_price,capacity_price,1,0.7832781047571382,0.7014003873768754,-0.08187771738026284,4853,485300
cross_hourly__empirical,spearman_rho,activation_volume,activation_volume,1,0.46886524499604004,0.4169976741830306,-0.05186757081300947,4853,485300
cross_hourly__empirical,upper_tail_conditional_probability,day_ahead_price,capacity_price,0,0.2583826429980276,0.3413116890811067,0.0829290460830791,507,50637
own_pooled__independent,spearman_rho,day_ahead_price,capacity_price,0,0.40412428709866505,0.21933152596402083,-0.1847927611346442,5064,506400
own_pooled__independent,spearman_rho,day_ahead_price,capacity_price,1,0.37191554000304194,0.18124556296075095,-0.190669977042291,4853,485300
own_pooled__independent,spearman_rho,day_ahead_price,activation_volume,0,-0.14447317533750653,-0.11100396033616478,0.03346921500134176,5064,506400
own_pooled__independent,spearman_rho,day_ahead_price,activation_volume,1,-0.18818550289917593,-0.13910086948307246,0.049084633416103474,4853,485300
own_pooled__independent,spearman_rho,capacity_price,activation_volume,0,-0.04987933514061485,-0.04671567102606722,0.003163664114547632,5064,506400
own_pooled__independent,spearman_rho,capacity_price,activation_volume,1,-0.04571657867105762,-0.06556944842134052,-0.0198528697502829,4853,485300
own_pooled__independent,spearman_rho,day_ahead_price,day_ahead_price,1,0.9363844099384151,0.46181636473046594,-0.47456804520794915,4853,485300
own_pooled__independent,spearman_rho,capacity_price,capacity_price,1,0.7832781047571382,0.4255945268825681,-0.3576835778745701,4853,485300
own_pooled__independent,spearman_rho,activation_volume,activation_volume,1,0.46886524499604004,0.11421319905455521,-0.3546520459414848,4853,485300
own_pooled__independent,upper_tail_conditional_probability,day_ahead_price,capacity_price,0,0.2583826429980276,0.23045023696682465,-0.02793240603120295,507,50640
own_pooled__gaussian,spearman_rho,day_ahead_price,capacity_price,0,0.40412428709866505,0.3821012950434178,-0.02202299205524727,5064,506400
own_pooled__gaussian,spearman_rho,day_ahead_price,capacity_price,1,0.37191554000304194,0.34983803190411006,-0.022077508098931886,4853,485300
own_pooled__gaussian,spearman_rho,day_ahead_price,activation_volume,0,-0.14447317533750653,-0.09651641651540785,0.04795675882209868,5064,506400
own_pooled__gaussian,spearman_rho,day_ahead_price,activation_volume,1,-0.18818550289917593,-0.12538433400587312,0.06280116889330281,4853,485300
own_pooled__gaussian,spearman_rho,capacity_price,activation_volume,0,-0.04987933514061485,-0.0412892712121963,0.008590063928418552,5064,506400
own_pooled__gaussian,spearman_rho,capacity_price,activation_volume,1,-0.04571657867105762,-0.0560235793837214,-0.010307000712663779,4853,485300
own_pooled__gaussian,spearman_rho,day_ahead_price,day_ahead_price,1,0.9363844099384151,0.7616156946505219,-0.17476871528789317,4853,485300
own_pooled__gaussian,spearman_rho,capacity_price,capacity_price,1,0.7832781047571382,0.6163824228386916,-0.16689568191844661,4853,485300
own_pooled__gaussian,spearman_rho,activation_volume,activation_volume,1,0.46886524499604004,0.14076794865436004,-0.32809729634168,4853,485300
own_pooled__gaussian,upper_tail_conditional_probability,day_ahead_price,capacity_price,0,0.2583826429980276,0.3286729857819905,0.0702903427839629,507,50640
own_pooled__empirical,spearman_rho,day_ahead_price,capacity_price,0,0.40412428709866505,0.40656378553590394,0.002439498437238896,5064,506400
own_pooled__empirical,spearman_rho,day_ahead_price,capacity_price,1,0.37191554000304194,0.37104914580153703,-0.0008663942015049164,4853,485300
own_pooled__empirical,spearman_rho,day_ahead_price,activation_volume,0,-0.14447317533750653,-0.09503425318990537,0.049438922147601164,5064,506400
own_pooled__empirical,spearman_rho,day_ahead_price,activation_volume,1,-0.18818550289917593,-0.12409007467217906,0.06409542822699688,4853,485300
own_pooled__empirical,spearman_rho,capacity_price,activation_volume,0,-0.04987933514061485,-0.030755034146077435,0.019124300994537415,5064,506400
own_pooled__empirical,spearman_rho,capacity_price,activation_volume,1,-0.04571657867105762,-0.04306724246323482,0.0026493362078228028,4853,485300
own_pooled__empirical,spearman_rho,day_ahead_price,day_ahead_price,1,0.9363844099384151,0.9193625592587342,-0.017021850679680872,4853,485300
own_pooled__empirical,spearman_rho,capacity_price,capacity_price,1,0.7832781047571382,0.7711351302892937,-0.012142974467844514,4853,485300
own_pooled__empirical,spearman_rho,activation_volume,activation_volume,1,0.46886524499604004,0.4169976741830306,-0.05186757081300947,4853,485300
own_pooled__empirical,upper_tail_conditional_probability,day_ahead_price,capacity_price,0,0.2583826429980276,0.32624407582938386,0.06786143283135626,507,50640
cross_pooled__independent,spearman_rho,day_ahead_price,capacity_price,0,0.40412428709866505,0.19879858803122544,-0.2053256990674396,5064,506400
cross_pooled__independent,spearman_rho,day_ahead_price,capacity_price,1,0.37191554000304194,0.1656565052527141,-0.20625903475032784,4853,485300
cross_pooled__independent,spearman_rho,day_ahead_price,activation_volume,0,-0.14447317533750653,-0.11042653872299105,0.034046636614515485,5064,506400
cross_pooled__independent,spearman_rho,day_ahead_price,activation_volume,1,-0.18818550289917593,-0.1371040386538046,0.05108146424537133,4853,485300
cross_pooled__independent,spearman_rho,capacity_price,activation_volume,0,-0.04987933514061485,-0.04331952280108531,0.006559812339529542,5064,506400
cross_pooled__independent,spearman_rho,capacity_price,activation_volume,1,-0.04571657867105762,-0.06508872555298872,-0.019372146881931104,4853,485300
cross_pooled__independent,spearman_rho,day_ahead_price,day_ahead_price,1,0.9363844099384151,0.45951646947572267,-0.47686794046269243,4853,485300
cross_pooled__independent,spearman_rho,capacity_price,capacity_price,1,0.7832781047571382,0.38320617260964396,-0.40007193214749426,4853,485300
cross_pooled__independent,spearman_rho,activation_volume,activation_volume,1,0.46886524499604004,0.11421319905455521,-0.3546520459414848,4853,485300
cross_pooled__independent,upper_tail_conditional_probability,day_ahead_price,capacity_price,0,0.2583826429980276,0.20778041074249606,-0.05060223225553154,507,50640
cross_pooled__gaussian,spearman_rho,day_ahead_price,capacity_price,0,0.40412428709866505,0.36053857788359395,-0.0435857092150711,5064,506400
cross_pooled__gaussian,spearman_rho,day_ahead_price,capacity_price,1,0.37191554000304194,0.3337509573156541,-0.03816458268738787,4853,485300
cross_pooled__gaussian,spearman_rho,day_ahead_price,activation_volume,0,-0.14447317533750653,-0.09558414923638739,0.04888902610111914,5064,506400
cross_pooled__gaussian,spearman_rho,day_ahead_price,activation_volume,1,-0.18818550289917593,-0.12274807992437882,0.06543742297479711,4853,485300
cross_pooled__gaussian,spearman_rho,capacity_price,activation_volume,0,-0.04987933514061485,-0.03686475624194949,0.013014578898665363,5064,506400
cross_pooled__gaussian,spearman_rho,capacity_price,activation_volume,1,-0.04571657867105762,-0.05497020110793246,-0.009253622436874838,4853,485300
cross_pooled__gaussian,spearman_rho,day_ahead_price,day_ahead_price,1,0.9363844099384151,0.7529742041183449,-0.18341020582007017,4853,485300
cross_pooled__gaussian,spearman_rho,capacity_price,capacity_price,1,0.7832781047571382,0.5732048621283173,-0.21007324262882088,4853,485300
cross_pooled__gaussian,spearman_rho,activation_volume,activation_volume,1,0.46886524499604004,0.1444809644827642,-0.32438428051327584,4853,485300
cross_pooled__gaussian,upper_tail_conditional_probability,day_ahead_price,capacity_price,0,0.2583826429980276,0.30063191153238544,0.04224926853435784,507,50640
cross_pooled__empirical,spearman_rho,day_ahead_price,capacity_price,0,0.40412428709866505,0.37985820060050857,-0.02426608649815648,5064,506400
cross_pooled__empirical,spearman_rho,day_ahead_price,capacity_price,1,0.37191554000304194,0.3501583258911648,-0.021757214111877143,4853,485300
cross_pooled__empirical,spearman_rho,day_ahead_price,activation_volume,0,-0.14447317533750653,-0.09440374263565664,0.050069432701849895,5064,506400
cross_pooled__empirical,spearman_rho,day_ahead_price,activation_volume,1,-0.18818550289917593,-0.12167409231822315,0.06651141058095278,4853,485300
cross_pooled__empirical,spearman_rho,capacity_price,activation_volume,0,-0.04987933514061485,-0.024499375503205984,0.025379959637408866,5064,506400
cross_pooled__empirical,spearman_rho,capacity_price,activation_volume,1,-0.04571657867105762,-0.04062174161807426,0.005094837052983359,4853,485300
cross_pooled__empirical,spearman_rho,day_ahead_price,day_ahead_price,1,0.9363844099384151,0.916947783266536,-0.019436626671879065,4853,485300
cross_pooled__empirical,spearman_rho,capacity_price,capacity_price,1,0.7832781047571382,0.7650611313959378,-0.018216973361200428,4853,485300
cross_pooled__empirical,spearman_rho,activation_volume,activation_volume,1,0.46886524499604004,0.4169976741830306,-0.05186757081300947,4853,485300
cross_pooled__empirical,upper_tail_conditional_probability,day_ahead_price,capacity_price,0,0.2583826429980276,0.29895930014415767,0.04057665714613007,507,50639
