family,target,arm,comparator,metric,mean_loss_difference_a_minus_b,dm_statistic,p_value,newey_west_lags,n_valid_days,confidence_lower,confidence_upper,confidence_level,block_days,bootstrap_repetitions,bootstrap_seed,block
marginal_pinball,capacity_price,cross_hourly,own_hourly,mean_pinball,0.13637022395719653,2.0667241239283936,0.038760156674050646,6,211,-0.006175933835896113,0.25481453474876214,0.95,7,2000,1,
marginal_pinball,capacity_price,cross_pooled,own_pooled,mean_pinball,-0.03283786180230295,-0.7431326869814026,0.4574013516737335,6,211,-0.12979771515845723,0.04093216296422684,0.95,7,2000,1,
marginal_pinball,capacity_price,own_pooled,own_hourly,mean_pinball,-0.25811870523425556,-5.038383192081043,4.6948079592210793e-07,6,211,-0.3782039772171272,-0.17628990112530304,0.95,7,2000,1,
marginal_pinball,capacity_price,cross_pooled,cross_hourly,mean_pinball,-0.42732679099375503,-5.554255997057873,2.7879664927842022e-08,6,211,-0.6039805229792515,-0.2936329513015762,0.95,7,2000,1,
marginal_pinball,day_ahead_price,cross_hourly,own_hourly,mean_pinball,0.3868269191898222,5.160607442282242,2.461498442438202e-07,6,211,0.23132882016131573,0.5239815288143322,0.95,7,2000,1,
marginal_pinball,day_ahead_price,cross_pooled,own_pooled,mean_pinball,0.12048156339046144,1.7788674859442275,0.07526148980924403,6,211,-0.003415846370612667,0.27253058569956784,0.95,7,2000,1,
marginal_pinball,day_ahead_price,own_pooled,own_hourly,mean_pinball,-0.5157064148042653,-3.8876188876303233,0.0001012324079114225,6,211,-0.8014564975987978,-0.282452407430687,0.95,7,2000,1,
marginal_pinball,day_ahead_price,cross_pooled,cross_hourly,mean_pinball,-0.782051770603626,-4.392559575441008,1.1202391882105954e-05,6,211,-1.1501290997110334,-0.4483272069628049,0.95,7,2000,1,
joint,,cross_hourly__gaussian,own_hourly__gaussian,energy_score,0.08939568123131784,2.4588755986635964,0.013937290270887132,6,211,0.01199787500004978,0.15767922549455796,0.95,7,2000,1,all
joint,,cross_hourly__gaussian,own_hourly__gaussian,variogram_score,36.42312699161475,3.9232654057416183,8.735682528576874e-05,6,211,18.22766244880604,55.144454000912546,0.95,7,2000,1,all
joint,,cross_pooled__gaussian,own_hourly__gaussian,energy_score,-0.15453147715162122,-3.8546765640833027,0.00011588272680646241,6,211,-0.23731651844456755,-0.08214306316391964,0.95,7,2000,1,all
joint,,cross_pooled__gaussian,own_hourly__gaussian,variogram_score,-40.478375558243044,-3.3439011005914825,0.0008260918111748512,6,211,-66.17748047597394,-18.675432017959036,0.95,7,2000,1,all
joint,,own_pooled__gaussian,own_hourly__gaussian,energy_score,-0.1672734215099958,-4.506592160704743,6.587707976814652e-06,6,211,-0.24782506247888075,-0.104996941281071,0.95,7,2000,1,all
joint,,own_pooled__gaussian,own_hourly__gaussian,variogram_score,-47.0328057251957,-4.243839250276883,2.1972777933920595e-05,6,211,-70.99626675289531,-28.21591448792986,0.95,7,2000,1,all
joint,,cross_hourly__empirical,own_hourly__empirical,energy_score,0.10038092719539052,2.7159105886126684,0.0066093765042952125,6,211,0.02494956974017241,0.17244566974245654,0.95,7,2000,1,all
joint,,cross_hourly__empirical,own_hourly__empirical,variogram_score,37.2539825324761,4.144367478855602,3.4075294101569095e-05,6,211,19.631896017379262,55.941807703346115,0.95,7,2000,1,all
joint,,cross_pooled__empirical,own_hourly__empirical,energy_score,-0.16560677255900338,-4.126724242990643,3.679671860642868e-05,6,211,-0.24790871919490765,-0.09163227664371007,0.95,7,2000,1,all
joint,,cross_pooled__empirical,own_hourly__empirical,variogram_score,-45.66578485534391,-3.7609273226535023,0.0001692846140576167,6,211,-71.0718856600818,-23.644576038488363,0.95,7,2000,1,all
joint,,own_pooled__empirical,own_hourly__empirical,energy_score,-0.181656027760845,-4.975950541373069,6.492822541859818e-07,6,211,-0.25938610835482784,-0.1169136242136507,0.95,7,2000,1,all
joint,,own_pooled__empirical,own_hourly__empirical,variogram_score,-51.88803913696389,-4.732370476855914,2.219129068396043e-06,6,211,-75.3994682783021,-33.43823165711929,0.95,7,2000,1,all
joint,,cross_hourly__gaussian,own_hourly__gaussian,energy_score,0.1118470667956015,2.289737695364035,0.02203652683810416,6,211,0.008551619848931519,0.2017308293669623,0.95,7,2000,1,prices
joint,,cross_hourly__gaussian,own_hourly__gaussian,variogram_score,28.2658093681064,4.613243286321869,3.964338185843044e-06,6,211,16.808358912428865,40.93839226178753,0.95,7,2000,1,prices
joint,,cross_pooled__gaussian,own_hourly__gaussian,energy_score,-0.20086263381172326,-4.011484849040852,6.03380498934049e-05,6,211,-0.30832373335297986,-0.11116089473690235,0.95,7,2000,1,prices
joint,,cross_pooled__gaussian,own_hourly__gaussian,variogram_score,-26.93801663933714,-3.271172191149586,0.0010710267636167812,6,211,-44.904351786154685,-12.471430152141819,0.95,7,2000,1,prices
joint,,own_pooled__gaussian,own_hourly__gaussian,energy_score,-0.2077015134643046,-4.405811181376144,1.0538873713176364e-05,6,211,-0.3102661834920451,-0.12599240932260594,0.95,7,2000,1,prices
joint,,own_pooled__gaussian,own_hourly__gaussian,variogram_score,-31.49693222001057,-4.214518693047373,2.5031142099750367e-05,6,211,-47.58766890962423,-18.837537503145278,0.95,7,2000,1,prices
joint,,cross_hourly__empirical,own_hourly__empirical,energy_score,0.12409901647310852,2.490664825940455,0.012750433948380739,6,211,0.023462451131397107,0.21880436777167073,0.95,7,2000,1,prices
joint,,cross_hourly__empirical,own_hourly__empirical,variogram_score,28.595711696848436,4.865161112792459,1.1436360855570178e-06,6,211,17.60932710053471,41.15491858582323,0.95,7,2000,1,prices
joint,,cross_pooled__empirical,own_hourly__empirical,energy_score,-0.19403867235694097,-3.8808928541438132,0.00010407368672529465,6,211,-0.2984396731475834,-0.1014753241465495,0.95,7,2000,1,prices
joint,,cross_pooled__empirical,own_hourly__empirical,variogram_score,-29.53359305561593,-3.6492521634499124,0.00026300484045982647,6,211,-46.63302865159362,-14.641259234029153,0.95,7,2000,1,prices
joint,,own_pooled__empirical,own_hourly__empirical,energy_score,-0.20580685023742565,-4.384043371873861,1.1649656369924592e-05,6,211,-0.3057136630586807,-0.1225029508275424,0.95,7,2000,1,prices
joint,,own_pooled__empirical,own_hourly__empirical,variogram_score,-33.56459446386407,-4.6162762529687935,3.906868112388939e-06,6,211,-48.95518731587389,-20.9871695774673,0.95,7,2000,1,prices
conditional_1200,day_ahead_price,cross_hourly__analog,own_hourly__unconditional,sample_crps,2.052255720497863,3.787355329305915,0.00015225928396257854,6,211,0.9508675611117825,3.1264699972520726,0.95,7,2000,1,
conditional_1200,day_ahead_price,cross_hourly__analog,own_hourly__gaussian_24_hour,sample_crps,-3.8369388937416447,-2.769750450216199,0.005609925602159273,6,211,-6.85632754112677,-1.1073544156395985,0.95,7,2000,1,
conditional_1200,day_ahead_price,cross_hourly__analog,cross_hourly__unconditional,sample_crps,1.1088706626521636,2.3035065343273655,0.021250359935403102,6,211,0.11733983432363716,2.066711640051344,0.95,7,2000,1,
conditional_1200,day_ahead_price,cross_hourly__direct_quantile_regression,own_hourly__unconditional,sample_crps,0.9204249101395142,1.7246787817938907,0.08458537694374942,6,211,-0.1350691714876703,2.0384041648979503,0.95,7,2000,1,
conditional_1200,day_ahead_price,cross_hourly__direct_quantile_regression,own_hourly__gaussian_24_hour,sample_crps,-4.968769704099993,-3.3695884096447535,0.0007528053727389445,6,211,-8.23474813824372,-2.1922574162719783,0.95,7,2000,1,
conditional_1200,day_ahead_price,cross_hourly__direct_quantile_regression,cross_hourly__unconditional,sample_crps,-0.02296014770618505,-0.05032865999178989,0.9598604853328316,6,211,-0.8937287067072256,0.9019805483164229,0.95,7,2000,1,
conditional_1200,day_ahead_price,cross_hourly__gaussian_24_hour,own_hourly__unconditional,sample_crps,5.979639565570762,5.504278747448188,3.706826577252077e-08,6,211,3.866374059655332,7.971770039187688,0.95,7,2000,1,
conditional_1200,day_ahead_price,cross_hourly__gaussian_24_hour,own_hourly__gaussian_24_hour,sample_crps,0.09044495133125428,0.07269647518482833,0.9420476535244654,6,211,-2.7222012513328555,2.2007441590128427,0.95,7,2000,1,
conditional_1200,day_ahead_price,cross_hourly__gaussian_24_hour,cross_hourly__unconditional,sample_crps,5.0362545077250624,4.536489285405072,5.71983939984189e-06,6,211,2.8703870279553976,7.117322262102697,0.95,7,2000,1,
conditional_1200,day_ahead_price,cross_hourly__gaussian_daily_mean_score,own_hourly__unconditional,sample_crps,3.2146374912033515,3.234576363943505,0.0012182333830340073,6,211,1.1804500402731537,5.064265999904599,0.95,7,2000,1,
conditional_1200,day_ahead_price,cross_hourly__gaussian_daily_mean_score,own_hourly__gaussian_24_hour,sample_crps,-2.6745571230361564,-1.8287548447294266,0.06743634229447557,6,211,-6.116617693193737,-0.21808616184361748,0.95,7,2000,1,
conditional_1200,day_ahead_price,cross_hourly__gaussian_daily_mean_score,cross_hourly__unconditional,sample_crps,2.2712524333576534,2.281994837041185,0.02248964507456744,6,211,0.2193207306787239,4.175595105748565,0.95,7,2000,1,
conditional_1200,day_ahead_price,cross_hourly__unconditional,own_hourly__unconditional,sample_crps,0.9433850578456993,5.157798090923895,2.498708524679023e-07,6,211,0.5697400237038791,1.2655666423738874,0.95,7,2000,1,
conditional_1200,day_ahead_price,cross_hourly__unconditional,own_hourly__gaussian_24_hour,sample_crps,-4.945809556393809,-3.853397442886739,0.00011649006926531828,6,211,-7.759122188759428,-2.561869495597237,0.95,7,2000,1,
conditional_1200,day_ahead_price,cross_pooled__analog,own_hourly__unconditional,sample_crps,0.15963081628950151,0.3242690491993482,0.7457343499179473,6,211,-0.8220536075838357,1.062710880197934,0.95,7,2000,1,
conditional_1200,day_ahead_price,cross_pooled__analog,own_hourly__gaussian_24_hour,sample_crps,-5.729563797950008,-4.240993403510987,2.225326775962304e-05,6,211,-8.723237513190663,-3.1810382024268073,0.95,7,2000,1,
conditional_1200,day_ahead_price,cross_pooled__analog,cross_pooled__unconditional,sample_crps,0.7317725078898626,1.708745087256445,0.08749817843965549,6,211,-0.12862252154302709,1.609984449892696,0.95,7,2000,1,
conditional_1200,day_ahead_price,cross_pooled__direct_quantile_regression,own_hourly__unconditional,sample_crps,-1.6826862362023947,-3.4129470459406015,0.0006426442818362891,6,211,-2.7801232746173166,-0.8242841295848276,0.95,7,2000,1,
conditional_1200,day_ahead_price,cross_pooled__direct_quantile_regression,own_hourly__gaussian_24_hour,sample_crps,-7.571880850441902,-5.173735084463828,2.2946010020649513e-07,6,211,-10.763311422903186,-4.886738838578409,0.95,7,2000,1,
conditional_1200,day_ahead_price,cross_pooled__direct_quantile_regression,cross_pooled__unconditional,sample_crps,-1.1105445446020337,-2.6598821071655068,0.007816800724226082,6,211,-2.038469309916785,-0.3596830840193665,0.95,7,2000,1,
conditional_1200,day_ahead_price,cross_pooled__gaussian_24_hour,own_hourly__unconditional,sample_crps,2.5273657966225587,2.433084515431335,0.014970806024243045,6,211,0.5139085948258564,4.661914417107364,0.95,7,2000,1,
conditional_1200,day_ahead_price,cross_pooled__gaussian_24_hour,own_hourly__gaussian_24_hour,sample_crps,-3.3618288176169497,-3.925075576407585,8.67025126450521e-05,6,211,-5.225256259608987,-1.8097697100550068,0.95,7,2000,1,
conditional_1200,day_ahead_price,cross_pooled__gaussian_24_hour,cross_pooled__unconditional,sample_crps,3.0995074882229194,2.9474595053090424,0.003203967129453941,6,211,1.171911977387075,5.345961970557324,0.95,7,2000,1,
conditional_1200,day_ahead_price,cross_pooled__gaussian_daily_mean_score,own_hourly__unconditional,sample_crps,0.7677177859145841,0.8060780457936229,0.42019784943958705,6,211,-1.2125891229315606,2.615706482262994,0.95,7,2000,1,
conditional_1200,day_ahead_price,cross_pooled__gaussian_daily_mean_score,own_hourly__gaussian_24_hour,sample_crps,-5.121476828324925,-3.367730002954045,0.0007578977893496084,6,211,-8.50226923334006,-2.4340726451347683,0.95,7,2000,1,
conditional_1200,day_ahead_price,cross_pooled__gaussian_daily_mean_score,cross_pooled__unconditional,sample_crps,1.339859477514945,1.5163124556811003,0.12944036357728844,6,211,-0.3878383214616103,3.0644106412625116,0.95,7,2000,1,
conditional_1200,day_ahead_price,cross_pooled__unconditional,own_hourly__unconditional,sample_crps,-0.572141691600361,-1.7018373423842148,0.08878586417625199,6,211,-1.2755410643201817,0.0417003671234237,0.95,7,2000,1,
conditional_1200,day_ahead_price,cross_pooled__unconditional,own_hourly__gaussian_24_hour,sample_crps,-6.46133630583987,-5.021401218440856,5.129588272296366e-07,6,211,-9.318956030237544,-4.17907656513561,0.95,7,2000,1,
conditional_1200,day_ahead_price,own_hourly__analog,own_hourly__unconditional,sample_crps,1.1686240929752494,2.6360197399595084,0.008388485143485539,6,211,0.26743147875780987,2.0225365893527814,0.95,7,2000,1,
conditional_1200,day_ahead_price,own_hourly__analog,own_hourly__gaussian_24_hour,sample_crps,-4.720570521264259,-3.680672989756051,0.0002326191788973565,6,211,-7.540290199121233,-2.2404207335894317,0.95,7,2000,1,
conditional_1200,day_ahead_price,own_hourly__direct_quantile_regression,own_hourly__unconditional,sample_crps,0.9150389700402368,1.7154833181683073,0.08625665129018419,6,211,-0.06931451615968526,2.044468154653944,0.95,7,2000,1,
conditional_1200,day_ahead_price,own_hourly__direct_quantile_regression,own_hourly__gaussian_24_hour,sample_crps,-4.974155644199271,-3.4316818937659974,0.000599850717426895,6,211,-8.203431820399418,-2.230148918805171,0.95,7,2000,1,
conditional_1200,day_ahead_price,own_hourly__gaussian_24_hour,own_hourly__unconditional,sample_crps,5.889194614239508,4.803456491937891,1.5594978793924516e-06,6,211,3.5990820211504233,8.559322801250662,0.95,7,2000,1,
conditional_1200,day_ahead_price,own_hourly__gaussian_daily_mean_score,own_hourly__unconditional,sample_crps,1.542727408859352,1.9522517692484673,0.05090832059192374,6,211,-0.16381046110607758,2.989916160307876,0.95,7,2000,1,
conditional_1200,day_ahead_price,own_hourly__gaussian_daily_mean_score,own_hourly__gaussian_24_hour,sample_crps,-4.346467205380157,-3.0060414253553005,0.0026467293750967328,6,211,-7.715854036732799,-1.9356665651486524,0.95,7,2000,1,
conditional_1200,day_ahead_price,own_hourly__unconditional,own_hourly__gaussian_24_hour,sample_crps,-5.889194614239508,-4.803456491937891,1.5594978793924516e-06,6,211,-8.559322801250662,-3.5990820211504233,0.95,7,2000,1,
conditional_1200,day_ahead_price,own_pooled__analog,own_hourly__unconditional,sample_crps,-0.15028067152350133,-0.30482042613144716,0.760502923617825,6,211,-1.1414250982668606,0.7785110619069969,0.95,7,2000,1,
conditional_1200,day_ahead_price,own_pooled__analog,own_hourly__gaussian_24_hour,sample_crps,-6.03947528576301,-4.381688232907645,1.1776324032644375e-05,6,211,-9.061497962255855,-3.4218318429161085,0.95,7,2000,1,
conditional_1200,day_ahead_price,own_pooled__analog,own_pooled__unconditional,sample_crps,0.7659616823900237,1.9909331667675483,0.046488235299507887,6,211,-0.010568286663810178,1.54914868116008,0.95,7,2000,1,
conditional_1200,day_ahead_price,own_pooled__direct_quantile_regression,own_hourly__unconditional,sample_crps,-1.2958316064310802,-2.5751962190077653,0.010018323414432475,6,211,-2.3851358861924234,-0.3735782373960709,0.95,7,2000,1,
conditional_1200,day_ahead_price,own_pooled__direct_quantile_regression,own_hourly__gaussian_24_hour,sample_crps,-7.185026220670588,-4.904389822567908,9.371820690526203e-07,6,211,-10.427821891267945,-4.524351670582967,0.95,7,2000,1,
conditional_1200,day_ahead_price,own_pooled__direct_quantile_regression,own_pooled__unconditional,sample_crps,-0.3795892525175551,-0.9420181605594445,0.3461833421806496,6,211,-1.1811051841770284,0.4317243663884264,0.95,7,2000,1,
conditional_1200,day_ahead_price,own_pooled__gaussian_24_hour,own_hourly__unconditional,sample_crps,1.9099884733136465,2.0509639891788347,0.040270453758391,6,211,0.1711824465568147,3.820337057326981,0.95,7,2000,1,
conditional_1200,day_ahead_price,own_pooled__gaussian_24_hour,own_hourly__gaussian_24_hour,sample_crps,-3.9792061409258626,-5.550986542972044,2.840619545518472e-08,6,211,-5.555904354900482,-2.652699509273738,0.95,7,2000,1,
conditional_1200,day_ahead_price,own_pooled__gaussian_24_hour,own_pooled__unconditional,sample_crps,2.826230827227171,3.005146232567856,0.0026545319272810912,6,211,1.102615141361479,4.7972298792371335,0.95,7,2000,1,
conditional_1200,day_ahead_price,own_pooled__gaussian_daily_mean_score,own_hourly__unconditional,sample_crps,-0.026715498317760728,-0.03439767209633097,0.9725600397729038,6,211,-1.7108457568181537,1.3782932636089469,0.95,7,2000,1,
conditional_1200,day_ahead_price,own_pooled__gaussian_daily_mean_score,own_hourly__gaussian_24_hour,sample_crps,-5.915910112557268,-4.026950671037349,5.650488116223248e-05,6,211,-9.293686463603473,-3.4944024481276177,0.95,7,2000,1,
conditional_1200,day_ahead_price,own_pooled__gaussian_daily_mean_score,own_pooled__unconditional,sample_crps,0.8895268555957645,1.237246314454725,0.2159956519752495,6,211,-0.5762318033323444,2.335998810347031,0.95,7,2000,1,
conditional_1200,day_ahead_price,own_pooled__unconditional,own_hourly__unconditional,sample_crps,-0.9162423539135249,-3.112154660889406,0.0018572716969512666,6,211,-1.547818134840497,-0.394452987881448,0.95,7,2000,1,
conditional_1200,day_ahead_price,own_pooled__unconditional,own_hourly__gaussian_24_hour,sample_crps,-6.805436968153033,-5.147989616751474,2.632930627759811e-07,6,211,-9.722559130969751,-4.442408811967168,0.95,7,2000,1,
