delivery_day,arm,neighbor_count,calibration_energy_score,selected,surface_history_days
2026-01-28,surface_full4,7,5.00496162360038,False,70
2026-01-28,surface_full4,14,4.939093484426766,False,70
2026-01-28,surface_full4,28,4.919923919935036,True,70
2026-01-28,surface_full4,56,4.920092812386267,False,70
2026-01-28,surface_prices2,7,4.982438952127793,False,70
2026-01-28,surface_prices2,14,4.933353146604257,False,70
2026-01-28,surface_prices2,28,4.8997898423019075,False,70
2026-01-28,surface_prices2,56,4.885984037255454,True,70
2026-01-29,surface_full4,7,5.055999856413656,False,71
2026-01-29,surface_full4,14,5.005395402511987,False,71
2026-01-29,surface_full4,28,4.988896708217988,False,71
2026-01-29,surface_full4,56,4.971380516309933,True,71
2026-01-29,surface_prices2,7,5.0828723979558434,False,71
2026-01-29,surface_prices2,14,5.046257901507914,False,71
2026-01-29,surface_prices2,28,5.01662718739263,False,71
2026-01-29,surface_prices2,56,4.993565638439323,True,71
2026-01-30,surface_full4,7,5.1377750083379965,False,72
2026-01-30,surface_full4,14,5.0914013492351335,False,72
2026-01-30,surface_full4,28,5.085365288519884,False,72
2026-01-30,surface_full4,56,5.070850740271609,True,72
2026-01-30,surface_prices2,7,5.192181401669946,False,72
2026-01-30,surface_prices2,14,5.156465442320786,False,72
2026-01-30,surface_prices2,28,5.121867346962213,False,72
2026-01-30,surface_prices2,56,5.110258033139417,True,72
2026-01-31,surface_full4,7,5.05551031629963,False,73
2026-01-31,surface_full4,14,4.989909422443681,False,73
2026-01-31,surface_full4,28,4.9765893529904845,False,73
2026-01-31,surface_full4,56,4.976265724352907,True,73
2026-01-31,surface_prices2,7,5.064805092646105,False,73
2026-01-31,surface_prices2,14,5.022384480417986,False,73
2026-01-31,surface_prices2,28,5.0067451899813715,False,73
2026-01-31,surface_prices2,56,4.9825268084085925,True,73
2026-02-01,surface_full4,7,5.252585530757964,False,74
2026-02-01,surface_full4,14,5.190417483000261,False,74
2026-02-01,surface_full4,28,5.1730233348505354,False,74
2026-02-01,surface_full4,56,5.169931975610782,True,74
2026-02-01,surface_prices2,7,5.25271805518328,False,74
2026-02-01,surface_prices2,14,5.207416776659761,False,74
2026-02-01,surface_prices2,28,5.179807706368683,False,74
2026-02-01,surface_prices2,56,5.161260914516238,True,74
2026-02-02,surface_full4,7,5.332458480847608,False,75
2026-02-02,surface_full4,14,5.291928977660844,False,75
2026-02-02,surface_full4,28,5.260954650679868,False,75
2026-02-02,surface_full4,56,5.243690437507487,True,75
2026-02-02,surface_prices2,7,5.320967261318051,False,75
2026-02-02,surface_prices2,14,5.284049475137983,False,75
2026-02-02,surface_prices2,28,5.261147402185671,False,75
2026-02-02,surface_prices2,56,5.232083853673308,True,75
2026-02-03,surface_full4,7,5.442361581823265,False,76
2026-02-03,surface_full4,14,5.399611168828369,False,76
2026-02-03,surface_full4,28,5.368658682842354,False,76
2026-02-03,surface_full4,56,5.349277879346169,True,76
2026-02-03,surface_prices2,7,5.468382400800549,False,76
2026-02-03,surface_prices2,14,5.408814156837315,False,76
2026-02-03,surface_prices2,28,5.393055745997462,False,76
2026-02-03,surface_prices2,56,5.357768752936447,True,76
2026-02-04,surface_full4,7,5.538275623220739,False,77
2026-02-04,surface_full4,14,5.4997410205551684,False,77
2026-02-04,surface_full4,28,5.464048508165865,False,77
2026-02-04,surface_full4,56,5.449364810356681,True,77
2026-02-04,surface_prices2,7,5.58111516948747,False,77
2026-02-04,surface_prices2,14,5.523494440941229,False,77
2026-02-04,surface_prices2,28,5.494125947597559,False,77
2026-02-04,surface_prices2,56,5.469677111023347,True,77
2026-02-05,surface_full4,7,5.5040630167415845,False,77
2026-02-05,surface_full4,14,5.464328208517129,False,77
2026-02-05,surface_full4,28,5.431388181004754,False,77
2026-02-05,surface_full4,56,5.418351487582191,True,77
2026-02-05,surface_prices2,7,5.539855931762141,False,77
2026-02-05,surface_prices2,14,5.49867184073113,False,77
2026-02-05,surface_prices2,28,5.462868919813724,False,77
2026-02-05,surface_prices2,56,5.444485655834795,True,77
2026-02-06,surface_full4,7,5.235956696318833,False,77
2026-02-06,surface_full4,14,5.18590700252524,False,77
2026-02-06,surface_full4,28,5.154181316256261,False,77
2026-02-06,surface_full4,56,5.146508065910715,True,77
2026-02-06,surface_prices2,7,5.296995246759629,False,77
2026-02-06,surface_prices2,14,5.2344337456974825,False,77
2026-02-06,surface_prices2,28,5.215284713561437,False,77
2026-02-06,surface_prices2,56,5.184444264967152,True,77
2026-02-07,surface_full4,7,4.990275494673398,False,77
2026-02-07,surface_full4,14,4.95363979543329,False,77
2026-02-07,surface_full4,28,4.92335023836641,False,77
2026-02-07,surface_full4,56,4.916566687028998,True,77
2026-02-07,surface_prices2,7,5.023813764916042,False,77
2026-02-07,surface_prices2,14,4.9749685754562964,False,77
2026-02-07,surface_prices2,28,4.945413617477668,False,77
2026-02-07,surface_prices2,56,4.920451135450767,True,77
2026-02-08,surface_full4,7,5.005074789858466,False,77
2026-02-08,surface_full4,14,4.964977936331008,False,77
2026-02-08,surface_full4,28,4.934426403302881,False,77
2026-02-08,surface_full4,56,4.930778117041108,True,77
2026-02-08,surface_prices2,7,5.01536072615484,False,77
2026-02-08,surface_prices2,14,4.980724380143014,False,77
2026-02-08,surface_prices2,28,4.938359989433273,False,77
2026-02-08,surface_prices2,56,4.924948214234878,True,77
2026-02-09,surface_full4,7,4.961299877525585,False,77
2026-02-09,surface_full4,14,4.914757313401694,False,77
2026-02-09,surface_full4,28,4.902188171793994,False,77
2026-02-09,surface_full4,56,4.894486829155858,True,77
2026-02-09,surface_prices2,7,5.011217178513037,False,77
2026-02-09,surface_prices2,14,4.9798882553284995,False,77
2026-02-09,surface_prices2,28,4.948059098131167,False,77
2026-02-09,surface_prices2,56,4.940083642160426,True,77
2026-02-10,surface_full4,7,4.6916371135238295,False,77
2026-02-10,surface_full4,14,4.644341487165927,False,77
2026-02-10,surface_full4,28,4.615604283384142,False,77
2026-02-10,surface_full4,56,4.608571752145805,True,77
2026-02-10,surface_prices2,7,4.694131628518886,False,77
2026-02-10,surface_prices2,14,4.655423730880563,False,77
2026-02-10,surface_prices2,28,4.6309094580941155,False,77
2026-02-10,surface_prices2,56,4.603553107254976,True,77
2026-02-11,surface_full4,7,4.604510076167664,False,77
2026-02-11,surface_full4,14,4.548526236090213,False,77
2026-02-11,surface_full4,28,4.550013926399336,False,77
2026-02-11,surface_full4,56,4.54099506902688,True,77
2026-02-11,surface_prices2,7,4.625157999235742,False,77
2026-02-11,surface_prices2,14,4.602357771213415,False,77
2026-02-11,surface_prices2,28,4.568085097274882,False,77
2026-02-11,surface_prices2,56,4.55190069498931,True,77
2026-02-12,surface_full4,7,4.619002207961153,False,77
2026-02-12,surface_full4,14,4.584576366419529,False,77
2026-02-12,surface_full4,28,4.558054709265178,True,77
2026-02-12,surface_full4,56,4.564136712130635,False,77
2026-02-12,surface_prices2,7,4.5956119528974275,False,77
2026-02-12,surface_prices2,14,4.565129499999547,False,77
2026-02-12,surface_prices2,28,4.539374650338939,False,77
2026-02-12,surface_prices2,56,4.527311105442249,True,77
2026-02-13,surface_full4,7,4.39278575135579,False,77
2026-02-13,surface_full4,14,4.353610647935677,False,77
2026-02-13,surface_full4,28,4.331827746545149,False,77
2026-02-13,surface_full4,56,4.329523408811775,True,77
2026-02-13,surface_prices2,7,4.386966276509674,False,77
2026-02-13,surface_prices2,14,4.359241166521422,False,77
2026-02-13,surface_prices2,28,4.32094196251974,False,77
2026-02-13,surface_prices2,56,4.304469980404194,True,77
2026-02-14,surface_full4,7,4.287010577474585,False,77
2026-02-14,surface_full4,14,4.254932869460487,False,77
2026-02-14,surface_full4,28,4.2459292313869,False,77
2026-02-14,surface_full4,56,4.236416139022562,True,77
2026-02-14,surface_prices2,7,4.289376340658655,False,77
2026-02-14,surface_prices2,14,4.253682102068075,False,77
2026-02-14,surface_prices2,28,4.2194511073453365,False,77
2026-02-14,surface_prices2,56,4.218588039922774,True,77
2026-02-15,surface_full4,7,4.223320685400805,False,77
2026-02-15,surface_full4,14,4.182475537463463,False,77
2026-02-15,surface_full4,28,4.165555649548765,True,77
2026-02-15,surface_full4,56,4.168399871167986,False,77
2026-02-15,surface_prices2,7,4.234848486606995,False,77
2026-02-15,surface_prices2,14,4.196761539056127,False,77
2026-02-15,surface_prices2,28,4.168267419313765,False,77
2026-02-15,surface_prices2,56,4.157132571261103,True,77
2026-02-16,surface_full4,7,4.200740920539698,False,77
2026-02-16,surface_full4,14,4.150146667008929,False,77
2026-02-16,surface_full4,28,4.1382208167947825,False,77
2026-02-16,surface_full4,56,4.126793915886428,True,77
2026-02-16,surface_prices2,7,4.218497275550134,False,77
2026-02-16,surface_prices2,14,4.179780559825731,False,77
2026-02-16,surface_prices2,28,4.144616746256548,False,77
2026-02-16,surface_prices2,56,4.129665125441066,True,77
2026-02-17,surface_full4,7,4.215544656519617,False,77
2026-02-17,surface_full4,14,4.162954666168863,False,77
2026-02-17,surface_full4,28,4.151436041933216,False,77
2026-02-17,surface_full4,56,4.1395748852143495,True,77
2026-02-17,surface_prices2,7,4.225224584563146,False,77
2026-02-17,surface_prices2,14,4.1858050379606775,False,77
2026-02-17,surface_prices2,28,4.164122032280809,False,77
2026-02-17,surface_prices2,56,4.148758700078149,True,77
2026-02-18,surface_full4,7,4.3065505531257005,False,77
2026-02-18,surface_full4,14,4.268456800539433,False,77
2026-02-18,surface_full4,28,4.2349619236274965,False,77
2026-02-18,surface_full4,56,4.23355326657564,True,77
2026-02-18,surface_prices2,7,4.306397033824665,False,77
2026-02-18,surface_prices2,14,4.272189805501118,False,77
2026-02-18,surface_prices2,28,4.234261096313502,False,77
2026-02-18,surface_prices2,56,4.231944100554645,True,77
2026-02-19,surface_full4,7,4.254024207258314,False,77
2026-02-19,surface_full4,14,4.204982487913482,False,77
2026-02-19,surface_full4,28,4.183008077307714,True,77
2026-02-19,surface_full4,56,4.187068134338243,False,77
2026-02-19,surface_prices2,7,4.23949885255879,False,77
2026-02-19,surface_prices2,14,4.2110362434950215,False,77
2026-02-19,surface_prices2,28,4.1803540092738904,False,77
2026-02-19,surface_prices2,56,4.174678693639932,True,77
2026-02-20,surface_full4,7,4.069356753578738,False,77
2026-02-20,surface_full4,14,4.031131256545515,False,77
2026-02-20,surface_full4,28,4.005548443575476,False,77
2026-02-20,surface_full4,56,3.992090038271602,True,77
2026-02-20,surface_prices2,7,4.101286242061291,False,77
2026-02-20,surface_prices2,14,4.052544299573624,False,77
2026-02-20,surface_prices2,28,4.027186041002247,False,77
2026-02-20,surface_prices2,56,4.020114840860468,True,77
2026-02-21,surface_full4,7,4.119482124855213,False,77
2026-02-21,surface_full4,14,4.086845583699307,False,77
2026-02-21,surface_full4,28,4.06424751898265,False,77
2026-02-21,surface_full4,56,4.058152603953426,True,77
2026-02-21,surface_prices2,7,4.119302864011867,False,77
2026-02-21,surface_prices2,14,4.082115350532316,False,77
2026-02-21,surface_prices2,28,4.049470007142781,False,77
2026-02-21,surface_prices2,56,4.040456476059574,True,77
2026-02-22,surface_full4,7,4.12957319437623,False,77
2026-02-22,surface_full4,14,4.09878821392521,False,77
2026-02-22,surface_full4,28,4.083794473079983,False,77
2026-02-22,surface_full4,56,4.077146653474342,True,77
2026-02-22,surface_prices2,7,4.148574624380436,False,77
2026-02-22,surface_prices2,14,4.104517651335725,False,77
2026-02-22,surface_prices2,28,4.0803511618844945,False,77
2026-02-22,surface_prices2,56,4.0699131558157395,True,77
2026-02-23,surface_full4,7,4.296115223212228,False,77
2026-02-23,surface_full4,14,4.255907430669439,False,77
2026-02-23,surface_full4,28,4.247862262250503,False,77
2026-02-23,surface_full4,56,4.241419850243234,True,77
2026-02-23,surface_prices2,7,4.354060993282577,False,77
2026-02-23,surface_prices2,14,4.302032409627812,False,77
2026-02-23,surface_prices2,28,4.2858466281700105,False,77
2026-02-23,surface_prices2,56,4.2682002031395125,True,77
2026-02-24,surface_full4,7,4.3922687828067675,False,77
2026-02-24,surface_full4,14,4.3626277491527485,False,77
2026-02-24,surface_full4,28,4.339365363117251,False,77
2026-02-24,surface_full4,56,4.323908147745272,True,77
2026-02-24,surface_prices2,7,4.385145455114194,False,77
2026-02-24,surface_prices2,14,4.34909380290063,False,77
2026-02-24,surface_prices2,28,4.324847910839066,False,77
2026-02-24,surface_prices2,56,4.307011823735509,True,77
2026-02-25,surface_full4,7,4.335973218530119,False,77
2026-02-25,surface_full4,14,4.293210548227117,False,77
2026-02-25,surface_full4,28,4.282873798406295,False,77
2026-02-25,surface_full4,56,4.2684117747927806,True,77
2026-02-25,surface_prices2,7,4.354745140428956,False,77
2026-02-25,surface_prices2,14,4.311053875482004,False,77
2026-02-25,surface_prices2,28,4.284352742492806,False,77
2026-02-25,surface_prices2,56,4.278459758910558,True,77
2026-02-26,surface_full4,7,4.70341575177173,False,77
2026-02-26,surface_full4,14,4.671782412730752,False,77
2026-02-26,surface_full4,28,4.662236338166871,False,77
2026-02-26,surface_full4,56,4.659296862007646,True,77
2026-02-26,surface_prices2,7,4.745350805199367,False,77
2026-02-26,surface_prices2,14,4.693811326532686,False,77
2026-02-26,surface_prices2,28,4.675335474076195,False,77
2026-02-26,surface_prices2,56,4.666807930433343,True,77
2026-02-27,surface_full4,7,5.280525981453407,False,77
2026-02-27,surface_full4,14,5.253187532634625,False,77
2026-02-27,surface_full4,28,5.235885537499702,False,77
2026-02-27,surface_full4,56,5.229002351679132,True,77
2026-02-27,surface_prices2,7,5.319050217850312,False,77
2026-02-27,surface_prices2,14,5.304347727036969,False,77
2026-02-27,surface_prices2,28,5.267271120289929,False,77
2026-02-27,surface_prices2,56,5.241178092010963,True,77
2026-02-28,surface_full4,7,5.480483606322797,False,77
2026-02-28,surface_full4,14,5.452165170636966,False,77
2026-02-28,surface_full4,28,5.438955868606468,False,77
2026-02-28,surface_full4,56,5.429096630460301,True,77
2026-02-28,surface_prices2,7,5.518821208350374,False,77
2026-02-28,surface_prices2,14,5.48758131144947,False,77
2026-02-28,surface_prices2,28,5.458098506100776,False,77
2026-02-28,surface_prices2,56,5.451212657877249,True,77
2026-03-01,surface_full4,7,5.836396861978128,False,77
2026-03-01,surface_full4,14,5.800750155479885,False,77
2026-03-01,surface_full4,28,5.788425958524536,False,77
2026-03-01,surface_full4,56,5.7728886954086756,True,77
2026-03-01,surface_prices2,7,5.84005785171904,False,77
2026-03-01,surface_prices2,14,5.8049729876813165,False,77
2026-03-01,surface_prices2,28,5.774911527878935,False,77
2026-03-01,surface_prices2,56,5.764994525681108,True,77
2026-03-02,surface_full4,7,6.18043657893495,False,77
2026-03-02,surface_full4,14,6.145477614432933,False,77
2026-03-02,surface_full4,28,6.120426142855689,False,77
2026-03-02,surface_full4,56,6.107867284051581,True,77
2026-03-02,surface_prices2,7,6.186143446181866,False,77
2026-03-02,surface_prices2,14,6.138723421874762,False,77
2026-03-02,surface_prices2,28,6.095626334201078,True,77
2026-03-02,surface_prices2,56,6.102526056773663,False,77
2026-03-03,surface_full4,7,6.141729568125705,False,77
2026-03-03,surface_full4,14,6.074762233836904,False,77
2026-03-03,surface_full4,28,6.055403232196971,False,77
2026-03-03,surface_full4,56,6.050744067294971,True,77
2026-03-03,surface_prices2,7,6.14151481076623,False,77
2026-03-03,surface_prices2,14,6.099239866004447,False,77
2026-03-03,surface_prices2,28,6.057061314078818,True,77
2026-03-03,surface_prices2,56,6.0613479141608435,False,77
2026-03-04,surface_full4,7,6.242490784542507,False,77
2026-03-04,surface_full4,14,6.208478405913806,False,77
2026-03-04,surface_full4,28,6.17234558299194,False,77
2026-03-04,surface_full4,56,6.166278637671155,True,77
2026-03-04,surface_prices2,7,6.20687538594079,False,77
2026-03-04,surface_prices2,14,6.177245257587396,False,77
2026-03-04,surface_prices2,28,6.128487526325216,True,77
2026-03-04,surface_prices2,56,6.138353948946618,False,77
2026-03-05,surface_full4,7,5.979770905665495,False,77
2026-03-05,surface_full4,14,5.931223440003566,False,77
2026-03-05,surface_full4,28,5.8925788822025185,False,77
2026-03-05,surface_full4,56,5.875335923645525,True,77
2026-03-05,surface_prices2,7,6.0179578627072345,False,77
2026-03-05,surface_prices2,14,5.959237030630154,False,77
2026-03-05,surface_prices2,28,5.928957668704486,True,77
2026-03-05,surface_prices2,56,5.92964256921647,False,77
2026-03-06,surface_full4,7,5.791426950021644,False,77
2026-03-06,surface_full4,14,5.792842667440341,False,77
2026-03-06,surface_full4,28,5.736045936539322,False,77
2026-03-06,surface_full4,56,5.718172944006583,True,77
2026-03-06,surface_prices2,7,5.8247862230438425,False,77
2026-03-06,surface_prices2,14,5.769229967570594,False,77
2026-03-06,surface_prices2,28,5.755361252207977,False,77
2026-03-06,surface_prices2,56,5.744718684970067,True,77
2026-03-07,surface_full4,7,6.027422007426834,False,77
2026-03-07,surface_full4,14,5.991125005511053,False,77
2026-03-07,surface_full4,28,5.956203429019502,False,77
2026-03-07,surface_full4,56,5.934573129052696,True,77
2026-03-07,surface_prices2,7,6.076175023566569,False,77
2026-03-07,surface_prices2,14,6.0220566654036976,False,77
2026-03-07,surface_prices2,28,5.981341227683482,False,77
2026-03-07,surface_prices2,56,5.979158403307701,True,77
2026-03-08,surface_full4,7,6.2858144806431335,False,77
2026-03-08,surface_full4,14,6.261783208044337,False,77
2026-03-08,surface_full4,28,6.21515736838212,False,77
2026-03-08,surface_full4,56,6.210311305235918,True,77
2026-03-08,surface_prices2,7,6.335242052839178,False,77
2026-03-08,surface_prices2,14,6.287093219021218,False,77
2026-03-08,surface_prices2,28,6.2650588509703065,False,77
2026-03-08,surface_prices2,56,6.242437746514211,True,77
2026-03-09,surface_full4,7,6.462249819675553,False,77
2026-03-09,surface_full4,14,6.411869045207302,False,77
2026-03-09,surface_full4,28,6.377928027150446,True,77
2026-03-09,surface_full4,56,6.378612107929597,False,77
2026-03-09,surface_prices2,7,6.453400062566063,False,77
2026-03-09,surface_prices2,14,6.405260368449499,False,77
2026-03-09,surface_prices2,28,6.3666256377354244,False,77
2026-03-09,surface_prices2,56,6.365103002400962,True,77
2026-03-10,surface_full4,7,6.59139794722394,False,77
2026-03-10,surface_full4,14,6.5424348350143875,False,77
2026-03-10,surface_full4,28,6.522841001061605,False,77
2026-03-10,surface_full4,56,6.502431475004618,True,77
2026-03-10,surface_prices2,7,6.627627842635292,False,77
2026-03-10,surface_prices2,14,6.552756155876419,False,77
2026-03-10,surface_prices2,28,6.521399876589657,False,77
2026-03-10,surface_prices2,56,6.505014435868581,True,77
2026-03-11,surface_full4,7,6.557203282004124,False,77
2026-03-11,surface_full4,14,6.509696688927371,False,77
2026-03-11,surface_full4,28,6.481965193964575,False,77
2026-03-11,surface_full4,56,6.4458245625669734,True,77
2026-03-11,surface_prices2,7,6.54992545414571,False,77
2026-03-11,surface_prices2,14,6.492169349936069,False,77
2026-03-11,surface_prices2,28,6.457296153227911,False,77
2026-03-11,surface_prices2,56,6.454223696522328,True,77
2026-03-12,surface_full4,7,6.9307071362395485,False,77
2026-03-12,surface_full4,14,6.866520977337557,False,77
2026-03-12,surface_full4,28,6.812368110463354,False,77
2026-03-12,surface_full4,56,6.791229753842912,True,77
2026-03-12,surface_prices2,7,6.908189395809863,False,77
2026-03-12,surface_prices2,14,6.8589760982258685,False,77
2026-03-12,surface_prices2,28,6.814642448315494,False,77
2026-03-12,surface_prices2,56,6.7930247552573615,True,77
2026-03-13,surface_full4,7,7.074277704941011,False,77
2026-03-13,surface_full4,14,7.030160728883841,False,77
2026-03-13,surface_full4,28,6.993975808509594,False,77
2026-03-13,surface_full4,56,6.963804759008774,True,77
2026-03-13,surface_prices2,7,7.104957219520793,False,77
2026-03-13,surface_prices2,14,7.042336830756663,False,77
2026-03-13,surface_prices2,28,6.990189034732049,False,77
2026-03-13,surface_prices2,56,6.9810217198004505,True,77
2026-03-14,surface_full4,7,7.189401493710262,False,77
2026-03-14,surface_full4,14,7.141695846224111,False,77
2026-03-14,surface_full4,28,7.100829554003911,False,77
2026-03-14,surface_full4,56,7.07547804472948,True,77
2026-03-14,surface_prices2,7,7.225181625548963,False,77
2026-03-14,surface_prices2,14,7.1643531931684326,False,77
2026-03-14,surface_prices2,28,7.109042498022359,False,77
2026-03-14,surface_prices2,56,7.094584460060736,True,77
2026-03-15,surface_full4,7,7.59107809888283,False,77
2026-03-15,surface_full4,14,7.53565001092202,False,77
2026-03-15,surface_full4,28,7.4899921137803265,False,77
2026-03-15,surface_full4,56,7.453881178140977,True,77
2026-03-15,surface_prices2,7,7.622370174615452,False,77
2026-03-15,surface_prices2,14,7.545552263621516,False,77
2026-03-15,surface_prices2,28,7.494657722445662,False,77
2026-03-15,surface_prices2,56,7.462819480407613,True,77
2026-03-16,surface_full4,7,7.8872500325840464,False,77
2026-03-16,surface_full4,14,7.831146703458262,False,77
2026-03-16,surface_full4,28,7.752523939792407,False,77
2026-03-16,surface_full4,56,7.731498453257623,True,77
2026-03-16,surface_prices2,7,7.846086473369247,False,77
2026-03-16,surface_prices2,14,7.735153321330272,False,77
2026-03-16,surface_prices2,28,7.695356161139077,False,77
2026-03-16,surface_prices2,56,7.669000095534137,True,77
2026-03-17,surface_full4,7,7.980058940295872,False,77
2026-03-17,surface_full4,14,7.921804284583743,False,77
2026-03-17,surface_full4,28,7.8747071485354825,False,77
2026-03-17,surface_full4,56,7.8720872289111075,True,77
2026-03-17,surface_prices2,7,7.961703398553479,False,77
2026-03-17,surface_prices2,14,7.883322452176115,False,77
2026-03-17,surface_prices2,28,7.837392207876123,False,77
2026-03-17,surface_prices2,56,7.82266775298242,True,77
2026-03-18,surface_full4,7,8.256289940227143,False,77
2026-03-18,surface_full4,14,8.17612185779829,False,77
2026-03-18,surface_full4,28,8.123755970037967,False,77
2026-03-18,surface_full4,56,8.112290070879856,True,77
2026-03-18,surface_prices2,7,8.235776794254658,False,77
2026-03-18,surface_prices2,14,8.159056596479637,False,77
2026-03-18,surface_prices2,28,8.084662550547558,False,77
2026-03-18,surface_prices2,56,8.067884240308178,True,77
2026-03-19,surface_full4,7,8.6418008533731,False,77
2026-03-19,surface_full4,14,8.554169716734972,False,77
2026-03-19,surface_full4,28,8.489934332012918,False,77
2026-03-19,surface_full4,56,8.444036852809562,True,77
2026-03-19,surface_prices2,7,8.637518199423749,False,77
2026-03-19,surface_prices2,14,8.562790067511422,False,77
2026-03-19,surface_prices2,28,8.47373390603165,False,77
2026-03-19,surface_prices2,56,8.45540394541827,True,77
2026-03-20,surface_full4,7,8.672356821425698,False,77
2026-03-20,surface_full4,14,8.575716262931016,False,77
2026-03-20,surface_full4,28,8.521125054175595,False,77
2026-03-20,surface_full4,56,8.499974485178951,True,77
2026-03-20,surface_prices2,7,8.670179452175187,False,77
2026-03-20,surface_prices2,14,8.624271051776235,False,77
2026-03-20,surface_prices2,28,8.541293263029731,False,77
2026-03-20,surface_prices2,56,8.497434660183332,True,77
2026-03-21,surface_full4,7,8.991300949272519,False,77
2026-03-21,surface_full4,14,8.884419472469057,False,77
2026-03-21,surface_full4,28,8.827487236851663,False,77
2026-03-21,surface_full4,56,8.778868742842114,True,77
2026-03-21,surface_prices2,7,8.971485261016282,False,77
2026-03-21,surface_prices2,14,8.910500890945508,False,77
2026-03-21,surface_prices2,28,8.841173759382784,False,77
2026-03-21,surface_prices2,56,8.804737927167341,True,77
2026-03-22,surface_full4,7,9.18546587153781,False,78
2026-03-22,surface_full4,14,9.091081318527515,False,78
2026-03-22,surface_full4,28,9.001271834039908,False,78
2026-03-22,surface_full4,56,8.978141462243867,True,78
2026-03-22,surface_prices2,7,9.167788039847482,False,78
2026-03-22,surface_prices2,14,9.083011642113636,False,78
2026-03-22,surface_prices2,28,9.019761559581225,False,78
2026-03-22,surface_prices2,56,8.985713889368544,True,78
2026-03-23,surface_full4,7,8.845936535286372,False,79
2026-03-23,surface_full4,14,8.729322053114908,False,79
2026-03-23,surface_full4,28,8.678053726898339,False,79
2026-03-23,surface_full4,56,8.65490318234864,True,79
2026-03-23,surface_prices2,7,8.891713248404145,False,79
2026-03-23,surface_prices2,14,8.807465306197491,False,79
2026-03-23,surface_prices2,28,8.766070272268834,False,79
2026-03-23,surface_prices2,56,8.700980444748234,True,79
2026-03-24,surface_full4,7,8.996682374128396,False,80
2026-03-24,surface_full4,14,8.906293859121737,False,80
2026-03-24,surface_full4,28,8.827629083576813,False,80
2026-03-24,surface_full4,56,8.792580606912237,True,80
2026-03-24,surface_prices2,7,9.048885166114248,False,80
2026-03-24,surface_prices2,14,8.941155764605275,False,80
2026-03-24,surface_prices2,28,8.886402436264827,False,80
2026-03-24,surface_prices2,56,8.840870523603773,True,80
2026-03-25,surface_full4,7,9.212996360669331,False,81
2026-03-25,surface_full4,14,9.122124090746821,False,81
2026-03-25,surface_full4,28,9.042116121380522,False,81
2026-03-25,surface_full4,56,9.030782290532866,True,81
2026-03-25,surface_prices2,7,9.204373691085603,False,81
2026-03-25,surface_prices2,14,9.082817651337608,False,81
2026-03-25,surface_prices2,28,9.051253232796775,False,81
2026-03-25,surface_prices2,56,8.967937332697195,True,81
2026-03-26,surface_full4,7,8.97332315815132,False,81
2026-03-26,surface_full4,14,8.859292850750588,False,81
2026-03-26,surface_full4,28,8.792466276625055,False,81
2026-03-26,surface_full4,56,8.75731601475255,True,81
2026-03-26,surface_prices2,7,9.030559757961067,False,81
2026-03-26,surface_prices2,14,8.885468883360552,False,81
2026-03-26,surface_prices2,28,8.839720665447013,False,81
2026-03-26,surface_prices2,56,8.79370856185179,True,81
2026-03-27,surface_full4,7,8.259823089669448,False,81
2026-03-27,surface_full4,14,8.175135563161039,False,81
2026-03-27,surface_full4,28,8.107230481526875,False,81
2026-03-27,surface_full4,56,8.09173069858868,True,81
2026-03-27,surface_prices2,7,8.356674314579505,False,81
2026-03-27,surface_prices2,14,8.246475734566312,False,81
2026-03-27,surface_prices2,28,8.202250044128569,False,81
2026-03-27,surface_prices2,56,8.164325649327006,True,81
2026-03-28,surface_full4,7,8.173001198479323,False,81
2026-03-28,surface_full4,14,8.092133088815121,False,81
2026-03-28,surface_full4,28,8.019025454429846,False,81
2026-03-28,surface_full4,56,7.990748029119486,True,81
2026-03-28,surface_prices2,7,8.214909442701435,False,81
2026-03-28,surface_prices2,14,8.10559557851367,False,81
2026-03-28,surface_prices2,28,8.039973058945426,False,81
2026-03-28,surface_prices2,56,8.027199901469144,True,81
2026-03-29,surface_full4,7,7.867648980947004,False,82
2026-03-29,surface_full4,14,7.789659928126917,False,82
2026-03-29,surface_full4,28,7.737023748506473,False,82
2026-03-29,surface_full4,56,7.697433358949795,True,82
2026-03-29,surface_prices2,7,7.913460970237479,False,82
2026-03-29,surface_prices2,14,7.810458310576749,False,82
2026-03-29,surface_prices2,28,7.757259999518427,False,82
2026-03-29,surface_prices2,56,7.726797272533514,True,82
2026-03-30,surface_full4,7,7.958290817316889,False,83
2026-03-30,surface_full4,14,7.878724729295364,False,83
2026-03-30,surface_full4,28,7.8173533864460065,False,83
2026-03-30,surface_full4,56,7.8034934392893875,True,83
2026-03-30,surface_prices2,7,7.954291908511361,False,83
2026-03-30,surface_prices2,14,7.881044164068437,False,83
2026-03-30,surface_prices2,28,7.8416684247078186,False,83
2026-03-30,surface_prices2,56,7.807306864451812,True,83
2026-03-31,surface_full4,7,8.184010192497542,False,84
2026-03-31,surface_full4,14,8.120239705655578,False,84
2026-03-31,surface_full4,28,8.059854996222686,False,84
2026-03-31,surface_full4,56,8.018454707474223,True,84
2026-03-31,surface_prices2,7,8.219836491820987,False,84
2026-03-31,surface_prices2,14,8.126543762496008,False,84
2026-03-31,surface_prices2,28,8.066235378316376,False,84
2026-03-31,surface_prices2,56,8.058729339968798,True,84
2026-04-01,surface_full4,7,8.33743146130639,False,84
2026-04-01,surface_full4,14,8.233506312012095,False,84
2026-04-01,surface_full4,28,8.193147492864309,False,84
2026-04-01,surface_full4,56,8.140392332862298,True,84
2026-04-01,surface_prices2,7,8.310298160524408,False,84
2026-04-01,surface_prices2,14,8.233546015377021,False,84
2026-04-01,surface_prices2,28,8.175020411447408,False,84
2026-04-01,surface_prices2,56,8.155072305510286,True,84
2026-04-02,surface_full4,7,8.66597202817682,False,84
2026-04-02,surface_full4,14,8.549403746105314,False,84
2026-04-02,surface_full4,28,8.479346251919122,False,84
2026-04-02,surface_full4,56,8.454711631205054,True,84
2026-04-02,surface_prices2,7,8.630069093492883,False,84
2026-04-02,surface_prices2,14,8.508452303248808,False,84
2026-04-02,surface_prices2,28,8.47498441418596,False,84
2026-04-02,surface_prices2,56,8.441847849707896,True,84
2026-04-03,surface_full4,7,8.635389503332211,False,84
2026-04-03,surface_full4,14,8.510298380093959,False,84
2026-04-03,surface_full4,28,8.437778567321987,False,84
2026-04-03,surface_full4,56,8.422344076007171,True,84
2026-04-03,surface_prices2,7,8.663597120972225,False,84
2026-04-03,surface_prices2,14,8.545731373872213,False,84
2026-04-03,surface_prices2,28,8.457158943564213,False,84
2026-04-03,surface_prices2,56,8.429606766268812,True,84
2026-04-04,surface_full4,7,8.808223060753567,False,84
2026-04-04,surface_full4,14,8.729621136271042,False,84
2026-04-04,surface_full4,28,8.665901547423704,False,84
2026-04-04,surface_full4,56,8.6350114060486,True,84
2026-04-04,surface_prices2,7,8.870034850931251,False,84
2026-04-04,surface_prices2,14,8.783377289953403,False,84
2026-04-04,surface_prices2,28,8.71754333176086,False,84
2026-04-04,surface_prices2,56,8.687956262172536,True,84
2026-04-05,surface_full4,7,8.68844074183136,False,84
2026-04-05,surface_full4,14,8.588093679500943,False,84
2026-04-05,surface_full4,28,8.532542321942142,False,84
2026-04-05,surface_full4,56,8.494602396554377,True,84
2026-04-05,surface_prices2,7,8.708441052089771,False,84
2026-04-05,surface_prices2,14,8.602950284093344,False,84
2026-04-05,surface_prices2,28,8.535223111169609,False,84
2026-04-05,surface_prices2,56,8.516444907600413,True,84
2026-04-06,surface_full4,7,8.636749663982494,False,84
2026-04-06,surface_full4,14,8.539946401454054,False,84
2026-04-06,surface_full4,28,8.462568144648737,False,84
2026-04-06,surface_full4,56,8.426926153770035,True,84
2026-04-06,surface_prices2,7,8.635748953182311,False,84
2026-04-06,surface_prices2,14,8.52808693215433,False,84
2026-04-06,surface_prices2,28,8.473375514638434,False,84
2026-04-06,surface_prices2,56,8.449285530250814,True,84
2026-04-07,surface_full4,7,8.60207194386724,False,84
2026-04-07,surface_full4,14,8.505817497116537,False,84
2026-04-07,surface_full4,28,8.443272054309391,False,84
2026-04-07,surface_full4,56,8.39396936638766,True,84
2026-04-07,surface_prices2,7,8.597703544175996,False,84
2026-04-07,surface_prices2,14,8.49084582945997,False,84
2026-04-07,surface_prices2,28,8.41405768511022,False,84
2026-04-07,surface_prices2,56,8.366921735607132,True,84
2026-04-08,surface_full4,7,8.598803040244023,False,84
2026-04-08,surface_full4,14,8.480930296765246,False,84
2026-04-08,surface_full4,28,8.42119946829477,False,84
2026-04-08,surface_full4,56,8.391404072321777,True,84
2026-04-08,surface_prices2,7,8.640756117586351,False,84
2026-04-08,surface_prices2,14,8.525257414970438,False,84
2026-04-08,surface_prices2,28,8.456075269719655,False,84
2026-04-08,surface_prices2,56,8.41049140240155,True,84
2026-04-09,surface_full4,7,8.243101015375435,False,84
2026-04-09,surface_full4,14,8.128285306130842,False,84
2026-04-09,surface_full4,28,8.080492730303968,False,84
2026-04-09,surface_full4,56,8.024233096065572,True,84
2026-04-09,surface_prices2,7,8.26453928360551,False,84
2026-04-09,surface_prices2,14,8.163733608846693,False,84
2026-04-09,surface_prices2,28,8.09026370773797,False,84
2026-04-09,surface_prices2,56,8.038054673917738,True,84
2026-04-10,surface_full4,7,8.130664297457665,False,84
2026-04-10,surface_full4,14,7.999589787015401,False,84
2026-04-10,surface_full4,28,7.970554094521836,False,84
2026-04-10,surface_full4,56,7.918710111585205,True,84
2026-04-10,surface_prices2,7,8.11092527187469,False,84
2026-04-10,surface_prices2,14,7.986245361816977,False,84
2026-04-10,surface_prices2,28,7.933165754823004,False,84
2026-04-10,surface_prices2,56,7.877371217607527,True,84
2026-04-11,surface_full4,7,7.993168311761521,False,84
2026-04-11,surface_full4,14,7.898222926915113,False,84
2026-04-11,surface_full4,28,7.843687410380092,False,84
2026-04-11,surface_full4,56,7.806751872693796,True,84
2026-04-11,surface_prices2,7,8.002014554716885,False,84
2026-04-11,surface_prices2,14,7.894901317967003,False,84
2026-04-11,surface_prices2,28,7.839649461416966,False,84
2026-04-11,surface_prices2,56,7.761567255528645,True,84
2026-04-12,surface_full4,7,7.790135378087479,False,84
2026-04-12,surface_full4,14,7.6939352173013065,False,84
2026-04-12,surface_full4,28,7.64486015672516,False,84
2026-04-12,surface_full4,56,7.56855083489427,True,84
2026-04-12,surface_prices2,7,7.816893144541626,False,84
2026-04-12,surface_prices2,14,7.736208066618085,False,84
2026-04-12,surface_prices2,28,7.6685767119125,False,84
2026-04-12,surface_prices2,56,7.61405125047623,True,84
2026-04-13,surface_full4,7,8.045466937023566,False,84
2026-04-13,surface_full4,14,7.937727448317011,False,84
2026-04-13,surface_full4,28,7.8702477680413505,False,84
2026-04-13,surface_full4,56,7.804576545829553,True,84
2026-04-13,surface_prices2,7,7.960445938025734,False,84
2026-04-13,surface_prices2,14,7.859450785207082,False,84
2026-04-13,surface_prices2,28,7.79808357207059,False,84
2026-04-13,surface_prices2,56,7.738343599936873,True,84
2026-04-14,surface_full4,7,7.737805719031168,False,84
2026-04-14,surface_full4,14,7.629922889212635,False,84
2026-04-14,surface_full4,28,7.5573562406186126,False,84
2026-04-14,surface_full4,56,7.513106479557146,True,84
2026-04-14,surface_prices2,7,7.79480605467719,False,84
2026-04-14,surface_prices2,14,7.670868175857511,False,84
2026-04-14,surface_prices2,28,7.592302287433052,False,84
2026-04-14,surface_prices2,56,7.551845498046888,True,84
2026-04-15,surface_full4,7,7.701789876858848,False,84
2026-04-15,surface_full4,14,7.588616659388053,False,84
2026-04-15,surface_full4,28,7.519190916607952,False,84
2026-04-15,surface_full4,56,7.465488802296788,True,84
2026-04-15,surface_prices2,7,7.657731940719353,False,84
2026-04-15,surface_prices2,14,7.554634029829841,False,84
2026-04-15,surface_prices2,28,7.455986395724804,False,84
2026-04-15,surface_prices2,56,7.421541134966759,True,84
2026-04-16,surface_full4,7,7.617033446391228,False,84
2026-04-16,surface_full4,14,7.514169004403709,False,84
2026-04-16,surface_full4,28,7.432983337481116,False,84
2026-04-16,surface_full4,56,7.3965557582843555,True,84
2026-04-16,surface_prices2,7,7.58929712706271,False,84
2026-04-16,surface_prices2,14,7.5026485709278266,False,84
2026-04-16,surface_prices2,28,7.427414560349105,False,84
2026-04-16,surface_prices2,56,7.391241478359701,True,84
2026-04-17,surface_full4,7,7.5512994958876645,False,84
2026-04-17,surface_full4,14,7.43301251419341,False,84
2026-04-17,surface_full4,28,7.365022459863645,False,84
2026-04-17,surface_full4,56,7.330692584258812,True,84
2026-04-17,surface_prices2,7,7.573582008141598,False,84
2026-04-17,surface_prices2,14,7.48089214053647,False,84
2026-04-17,surface_prices2,28,7.414549239639959,False,84
2026-04-17,surface_prices2,56,7.372520031326343,True,84
2026-04-18,surface_full4,7,7.010375355668301,False,84
2026-04-18,surface_full4,14,6.89801746828968,False,84
2026-04-18,surface_full4,28,6.8406265645779,False,84
2026-04-18,surface_full4,56,6.808884440030221,True,84
2026-04-18,surface_prices2,7,6.990482334780915,False,84
2026-04-18,surface_prices2,14,6.89931523023094,False,84
2026-04-18,surface_prices2,28,6.825331038595925,False,84
2026-04-18,surface_prices2,56,6.798828259046366,True,84
2026-04-19,surface_full4,7,7.057113369354462,False,84
2026-04-19,surface_full4,14,6.946390477919565,False,84
2026-04-19,surface_full4,28,6.892331952212337,False,84
2026-04-19,surface_full4,56,6.853725319403358,True,84
2026-04-19,surface_prices2,7,7.105522888822823,False,84
2026-04-19,surface_prices2,14,6.993028722859848,False,84
2026-04-19,surface_prices2,28,6.943360554766602,False,84
2026-04-19,surface_prices2,56,6.903956950188761,True,84
2026-04-20,surface_full4,7,7.205502391055737,False,84
2026-04-20,surface_full4,14,7.106872917896108,False,84
2026-04-20,surface_full4,28,7.045465137549727,False,84
2026-04-20,surface_full4,56,7.006813447662692,True,84
2026-04-20,surface_prices2,7,7.192297631845418,False,84
2026-04-20,surface_prices2,14,7.111149300022463,False,84
2026-04-20,surface_prices2,28,7.064517757077691,False,84
2026-04-20,surface_prices2,56,7.0183835698087425,True,84
2026-04-21,surface_full4,7,7.014657941279106,False,84
2026-04-21,surface_full4,14,6.955775049759091,False,84
2026-04-21,surface_full4,28,6.901261745989818,False,84
2026-04-21,surface_full4,56,6.8565845003403245,True,84
2026-04-21,surface_prices2,7,7.089340437513179,False,84
2026-04-21,surface_prices2,14,6.995781490122501,False,84
2026-04-21,surface_prices2,28,6.908084944420369,False,84
2026-04-21,surface_prices2,56,6.86222137829188,True,84
2026-04-22,surface_full4,7,6.924599047500695,False,84
2026-04-22,surface_full4,14,6.880324630525499,False,84
2026-04-22,surface_full4,28,6.820105800162758,False,84
2026-04-22,surface_full4,56,6.776586235526958,True,84
2026-04-22,surface_prices2,7,6.960824216102305,False,84
2026-04-22,surface_prices2,14,6.8879322752630046,False,84
2026-04-22,surface_prices2,28,6.819044392896884,False,84
2026-04-22,surface_prices2,56,6.780898586334656,True,84
2026-04-23,surface_full4,7,6.94205144870058,False,84
2026-04-23,surface_full4,14,6.880065357869257,False,84
2026-04-23,surface_full4,28,6.822660714526299,False,84
2026-04-23,surface_full4,56,6.774802398496425,True,84
2026-04-23,surface_prices2,7,6.893150836710513,False,84
2026-04-23,surface_prices2,14,6.789419527340285,False,84
2026-04-23,surface_prices2,28,6.726770671899706,False,84
2026-04-23,surface_prices2,56,6.689724156307649,True,84
2026-04-24,surface_full4,7,6.921534022261372,False,84
2026-04-24,surface_full4,14,6.833496048939272,False,84
2026-04-24,surface_full4,28,6.7895755233646105,False,84
2026-04-24,surface_full4,56,6.715370960019533,True,84
2026-04-24,surface_prices2,7,6.943857739039727,False,84
2026-04-24,surface_prices2,14,6.8295638405635275,False,84
2026-04-24,surface_prices2,28,6.750792965709003,False,84
2026-04-24,surface_prices2,56,6.716607035131243,True,84
2026-04-25,surface_full4,7,6.755349046891014,False,84
2026-04-25,surface_full4,14,6.704727309730446,False,84
2026-04-25,surface_full4,28,6.633990709963375,False,84
2026-04-25,surface_full4,56,6.598517688883912,True,84
2026-04-25,surface_prices2,7,6.81455193744043,False,84
2026-04-25,surface_prices2,14,6.728004690319908,False,84
2026-04-25,surface_prices2,28,6.640293266873494,False,84
2026-04-25,surface_prices2,56,6.596067541789401,True,84
2026-04-26,surface_full4,7,6.605658080881916,False,84
2026-04-26,surface_full4,14,6.538754503782471,False,84
2026-04-26,surface_full4,28,6.468076314047769,False,84
2026-04-26,surface_full4,56,6.433821548814909,True,84
2026-04-26,surface_prices2,7,6.637753764354775,False,84
2026-04-26,surface_prices2,14,6.5391442246884735,False,84
2026-04-26,surface_prices2,28,6.4637497020603565,False,84
2026-04-26,surface_prices2,56,6.430608250148949,True,84
2026-04-27,surface_full4,7,6.383095708580383,False,84
2026-04-27,surface_full4,14,6.342772995848795,False,84
2026-04-27,surface_full4,28,6.266450718545947,False,84
2026-04-27,surface_full4,56,6.245074716066876,True,84
2026-04-27,surface_prices2,7,6.363301991611714,False,84
2026-04-27,surface_prices2,14,6.298495507451601,False,84
2026-04-27,surface_prices2,28,6.233290820290297,False,84
2026-04-27,surface_prices2,56,6.186052983973347,True,84
2026-04-28,surface_full4,7,6.178171088309207,False,84
2026-04-28,surface_full4,14,6.1192885884716555,False,84
2026-04-28,surface_full4,28,6.071878241650206,False,84
2026-04-28,surface_full4,56,6.031905832732626,True,84
2026-04-28,surface_prices2,7,6.195874837908554,False,84
2026-04-28,surface_prices2,14,6.129162558689417,False,84
2026-04-28,surface_prices2,28,6.041870483861989,False,84
2026-04-28,surface_prices2,56,6.011216827539782,True,84
2026-04-29,surface_full4,7,6.048982607254905,False,84
2026-04-29,surface_full4,14,5.986880772312936,False,84
2026-04-29,surface_full4,28,5.922095353408546,False,84
2026-04-29,surface_full4,56,5.888617792583848,True,84
2026-04-29,surface_prices2,7,6.021834547455001,False,84
2026-04-29,surface_prices2,14,5.959381460355693,False,84
2026-04-29,surface_prices2,28,5.883931270767925,False,84
2026-04-29,surface_prices2,56,5.861260271067394,True,84
2026-04-30,surface_full4,7,5.808062121309857,False,84
2026-04-30,surface_full4,14,5.741336167964414,False,84
2026-04-30,surface_full4,28,5.6891836631291275,False,84
2026-04-30,surface_full4,56,5.65278456778923,True,84
2026-04-30,surface_prices2,7,5.738473847165389,False,84
2026-04-30,surface_prices2,14,5.678682428705299,False,84
2026-04-30,surface_prices2,28,5.609064500257331,False,84
2026-04-30,surface_prices2,56,5.5969115117509025,True,84
2026-05-01,surface_full4,7,6.003348626471685,False,84
2026-05-01,surface_full4,14,5.957876914938453,False,84
2026-05-01,surface_full4,28,5.899432442698056,False,84
2026-05-01,surface_full4,56,5.861491261879527,True,84
2026-05-01,surface_prices2,7,5.998657569208532,False,84
2026-05-01,surface_prices2,14,5.9085031367861545,False,84
2026-05-01,surface_prices2,28,5.8545381661672105,False,84
2026-05-01,surface_prices2,56,5.82693428565466,True,84
2026-05-02,surface_full4,7,6.062270640299096,False,84
2026-05-02,surface_full4,14,6.009762184189214,False,84
2026-05-02,surface_full4,28,5.9572405944152305,False,84
2026-05-02,surface_full4,56,5.909543152142804,True,84
2026-05-02,surface_prices2,7,6.105667229165554,False,84
2026-05-02,surface_prices2,14,6.017287197180357,False,84
2026-05-02,surface_prices2,28,5.96332023261341,False,84
2026-05-02,surface_prices2,56,5.933010987439574,True,84
2026-05-03,surface_full4,7,6.158912394092693,False,84
2026-05-03,surface_full4,14,6.07120471046445,False,84
2026-05-03,surface_full4,28,6.039308138952078,False,84
2026-05-03,surface_full4,56,5.990414556720204,True,84
2026-05-03,surface_prices2,7,6.180517397350156,False,84
2026-05-03,surface_prices2,14,6.091862770981085,False,84
2026-05-03,surface_prices2,28,6.033515250440409,False,84
2026-05-03,surface_prices2,56,6.000214073874054,True,84
2026-05-04,surface_full4,7,6.135275417999246,False,84
2026-05-04,surface_full4,14,6.082033654706886,False,84
2026-05-04,surface_full4,28,6.021416880508416,False,84
2026-05-04,surface_full4,56,5.985667054089005,True,84
2026-05-04,surface_prices2,7,6.154721813286078,False,84
2026-05-04,surface_prices2,14,6.0924298754487936,False,84
2026-05-04,surface_prices2,28,6.038506055203524,False,84
2026-05-04,surface_prices2,56,6.000966684555807,True,84
2026-05-05,surface_full4,7,6.12692933942275,False,84
2026-05-05,surface_full4,14,6.062502001742153,False,84
2026-05-05,surface_full4,28,6.018275030833078,False,84
2026-05-05,surface_full4,56,5.9849268850918715,True,84
2026-05-05,surface_prices2,7,6.080995394381856,False,84
2026-05-05,surface_prices2,14,6.0210243120397156,False,84
2026-05-05,surface_prices2,28,5.965679314144752,False,84
2026-05-05,surface_prices2,56,5.943322777017758,True,84
2026-05-06,surface_full4,7,6.104152323065649,False,84
2026-05-06,surface_full4,14,6.036523880245282,False,84
2026-05-06,surface_full4,28,6.021238282275969,False,84
2026-05-06,surface_full4,56,5.976537451534772,True,84
2026-05-06,surface_prices2,7,6.118244411582258,False,84
2026-05-06,surface_prices2,14,6.051873994736191,False,84
2026-05-06,surface_prices2,28,6.017134625468779,False,84
2026-05-06,surface_prices2,56,6.001176535673042,True,84
2026-05-07,surface_full4,7,6.160410552812549,False,84
2026-05-07,surface_full4,14,6.092956549378324,False,84
2026-05-07,surface_full4,28,6.066047336649069,False,84
2026-05-07,surface_full4,56,6.008806468031318,True,84
2026-05-07,surface_prices2,7,6.15069655411565,False,84
2026-05-07,surface_prices2,14,6.101058513027783,False,84
2026-05-07,surface_prices2,28,6.0467237887133525,False,84
2026-05-07,surface_prices2,56,6.027662875593475,True,84
2026-05-08,surface_full4,7,6.3091487240406705,False,84
2026-05-08,surface_full4,14,6.232344447195984,False,84
2026-05-08,surface_full4,28,6.171519675777733,False,84
2026-05-08,surface_full4,56,6.145849362718538,True,84
2026-05-08,surface_prices2,7,6.284535807237289,False,84
2026-05-08,surface_prices2,14,6.20357382691129,False,84
2026-05-08,surface_prices2,28,6.136298378420153,False,84
2026-05-08,surface_prices2,56,6.123961295126795,True,84
2026-05-09,surface_full4,7,6.334374177763332,False,84
2026-05-09,surface_full4,14,6.234015143689722,False,84
2026-05-09,surface_full4,28,6.193040245264489,False,84
2026-05-09,surface_full4,56,6.155486821775234,True,84
2026-05-09,surface_prices2,7,6.319866896647035,False,84
2026-05-09,surface_prices2,14,6.242182497277403,False,84
2026-05-09,surface_prices2,28,6.180423480097557,False,84
2026-05-09,surface_prices2,56,6.155155235719927,True,84
2026-05-10,surface_full4,7,6.168981763641685,False,84
2026-05-10,surface_full4,14,6.117063878778953,False,84
2026-05-10,surface_full4,28,6.075551045385511,False,84
2026-05-10,surface_full4,56,6.03568961401126,True,84
2026-05-10,surface_prices2,7,6.187115125790507,False,84
2026-05-10,surface_prices2,14,6.110148948484133,False,84
2026-05-10,surface_prices2,28,6.058005502063489,False,84
2026-05-10,surface_prices2,56,6.037955416333808,True,84
2026-05-11,surface_full4,7,5.848583009759229,False,84
2026-05-11,surface_full4,14,5.806751505230366,False,84
2026-05-11,surface_full4,28,5.750563181770145,False,84
2026-05-11,surface_full4,56,5.725377256061181,True,84
2026-05-11,surface_prices2,7,5.79881632408256,False,84
2026-05-11,surface_prices2,14,5.745565744945411,False,84
2026-05-11,surface_prices2,28,5.7024343553201335,False,84
2026-05-11,surface_prices2,56,5.674796532153597,True,84
2026-05-12,surface_full4,7,5.6774612835387375,False,84
2026-05-12,surface_full4,14,5.6375341012242215,False,84
2026-05-12,surface_full4,28,5.5970075139526445,False,84
2026-05-12,surface_full4,56,5.558353806614513,True,84
2026-05-12,surface_prices2,7,5.658308642251519,False,84
2026-05-12,surface_prices2,14,5.6070930595192365,False,84
2026-05-12,surface_prices2,28,5.56144809434596,False,84
2026-05-12,surface_prices2,56,5.537029941603017,True,84
2026-05-13,surface_full4,7,5.603476232466001,False,84
2026-05-13,surface_full4,14,5.5653163453886885,False,84
2026-05-13,surface_full4,28,5.510227448344975,False,84
2026-05-13,surface_full4,56,5.475355014279801,True,84
2026-05-13,surface_prices2,7,5.579291855275138,False,84
2026-05-13,surface_prices2,14,5.5289357763200915,False,84
2026-05-13,surface_prices2,28,5.478601586496579,False,84
2026-05-13,surface_prices2,56,5.455128378204594,True,84
2026-05-14,surface_full4,7,5.617309983707058,False,84
2026-05-14,surface_full4,14,5.566414494702507,False,84
2026-05-14,surface_full4,28,5.508447158054929,False,84
2026-05-14,surface_full4,56,5.484686756910283,True,84
2026-05-14,surface_prices2,7,5.64722199382574,False,84
2026-05-14,surface_prices2,14,5.574721366587844,False,84
2026-05-14,surface_prices2,28,5.530521400048847,False,84
2026-05-14,surface_prices2,56,5.512235748094164,True,84
2026-05-15,surface_full4,7,5.610789365160785,False,84
2026-05-15,surface_full4,14,5.544370961320292,False,84
2026-05-15,surface_full4,28,5.50732117907394,False,84
2026-05-15,surface_full4,56,5.474833964544575,True,84
2026-05-15,surface_prices2,7,5.611020312308369,False,84
2026-05-15,surface_prices2,14,5.531560482454602,False,84
2026-05-15,surface_prices2,28,5.496303133836851,False,84
2026-05-15,surface_prices2,56,5.451556452685227,True,84
2026-05-16,surface_full4,7,5.491120652825194,False,84
2026-05-16,surface_full4,14,5.421179908714501,False,84
2026-05-16,surface_full4,28,5.39120465197987,False,84
2026-05-16,surface_full4,56,5.352359004497714,True,84
2026-05-16,surface_prices2,7,5.502383729493344,False,84
2026-05-16,surface_prices2,14,5.418107821664965,False,84
2026-05-16,surface_prices2,28,5.395312502506622,False,84
2026-05-16,surface_prices2,56,5.356575561915231,True,84
2026-05-17,surface_full4,7,5.394533057637653,False,84
2026-05-17,surface_full4,14,5.328609563761684,False,84
2026-05-17,surface_full4,28,5.283985806295742,False,84
2026-05-17,surface_full4,56,5.26356891171293,True,84
2026-05-17,surface_prices2,7,5.391120784062713,False,84
2026-05-17,surface_prices2,14,5.310615513791112,False,84
2026-05-17,surface_prices2,28,5.278111491442914,False,84
2026-05-17,surface_prices2,56,5.249625627418501,True,84
2026-05-18,surface_full4,7,5.3450585162219975,False,84
2026-05-18,surface_full4,14,5.289655509180492,False,84
2026-05-18,surface_full4,28,5.262162785231953,False,84
2026-05-18,surface_full4,56,5.2260132107990955,True,84
2026-05-18,surface_prices2,7,5.350970338822529,False,84
2026-05-18,surface_prices2,14,5.2516044458552,False,84
2026-05-18,surface_prices2,28,5.218175608409983,False,84
2026-05-18,surface_prices2,56,5.210937913001909,True,84
2026-05-19,surface_full4,7,5.483855694642594,False,84
2026-05-19,surface_full4,14,5.425198337581466,False,84
2026-05-19,surface_full4,28,5.372461778336217,False,84
2026-05-19,surface_full4,56,5.344850450205767,True,84
2026-05-19,surface_prices2,7,5.459792383430823,False,84
2026-05-19,surface_prices2,14,5.372256482461566,False,84
2026-05-19,surface_prices2,28,5.341937004571398,False,84
2026-05-19,surface_prices2,56,5.327240228713391,True,84
2026-05-20,surface_full4,7,5.737106855338291,False,84
2026-05-20,surface_full4,14,5.672625133703958,False,84
2026-05-20,surface_full4,28,5.623813755663393,False,84
2026-05-20,surface_full4,56,5.583075567139135,True,84
2026-05-20,surface_prices2,7,5.725945550602823,False,84
2026-05-20,surface_prices2,14,5.643571529753018,False,84
2026-05-20,surface_prices2,28,5.639418502739842,False,84
2026-05-20,surface_prices2,56,5.605366934379646,True,84
2026-05-21,surface_full4,7,5.933735010456452,False,84
2026-05-21,surface_full4,14,5.882510916802183,False,84
2026-05-21,surface_full4,28,5.820766628932659,False,84
2026-05-21,surface_full4,56,5.801384447191191,True,84
2026-05-21,surface_prices2,7,5.930701740071215,False,84
2026-05-21,surface_prices2,14,5.83078045968145,False,84
2026-05-21,surface_prices2,28,5.805354317935907,False,84
2026-05-21,surface_prices2,56,5.787938132971848,True,84
2026-05-22,surface_full4,7,5.897699095524755,False,84
2026-05-22,surface_full4,14,5.8559021185137095,False,84
2026-05-22,surface_full4,28,5.794415741314905,False,84
2026-05-22,surface_full4,56,5.761279386169486,True,84
2026-05-22,surface_prices2,7,5.929864824554784,False,84
2026-05-22,surface_prices2,14,5.830154891538977,False,84
2026-05-22,surface_prices2,28,5.810157126762933,False,84
2026-05-22,surface_prices2,56,5.787475607579845,True,84
2026-05-23,surface_full4,7,5.924584766183118,False,84
2026-05-23,surface_full4,14,5.868362390245716,False,84
2026-05-23,surface_full4,28,5.825081097816926,False,84
2026-05-23,surface_full4,56,5.790264300668743,True,84
2026-05-23,surface_prices2,7,5.920584447339811,False,84
2026-05-23,surface_prices2,14,5.837295519375611,False,84
2026-05-23,surface_prices2,28,5.819890514064056,False,84
2026-05-23,surface_prices2,56,5.779629996868573,True,84
2026-05-24,surface_full4,7,5.95234814116904,False,84
2026-05-24,surface_full4,14,5.9000618698849285,False,84
2026-05-24,surface_full4,28,5.842470730611617,False,84
2026-05-24,surface_full4,56,5.817991382006921,True,84
2026-05-24,surface_prices2,7,5.977354867515925,False,84
2026-05-24,surface_prices2,14,5.895759707734378,False,84
2026-05-24,surface_prices2,28,5.8669304323984495,False,84
2026-05-24,surface_prices2,56,5.851164614843334,True,84
2026-05-25,surface_full4,7,5.923852488445127,False,84
2026-05-25,surface_full4,14,5.8853646562106485,False,84
2026-05-25,surface_full4,28,5.836468969316955,False,84
2026-05-25,surface_full4,56,5.793480610413106,True,84
2026-05-25,surface_prices2,7,5.921526899459204,False,84
2026-05-25,surface_prices2,14,5.868254164669097,False,84
2026-05-25,surface_prices2,28,5.826730102646985,False,84
2026-05-25,surface_prices2,56,5.801260826484485,True,84
2026-05-26,surface_full4,7,5.913584864592652,False,84
2026-05-26,surface_full4,14,5.8670334079099025,False,84
2026-05-26,surface_full4,28,5.8222123930298535,False,84
2026-05-26,surface_full4,56,5.786509356922083,True,84
2026-05-26,surface_prices2,7,5.90937009685664,False,84
2026-05-26,surface_prices2,14,5.859791949559529,False,84
2026-05-26,surface_prices2,28,5.817192071416675,False,84
2026-05-26,surface_prices2,56,5.781509224124987,True,84
2026-05-27,surface_full4,7,5.790955385468299,False,84
2026-05-27,surface_full4,14,5.7638137550418715,False,84
2026-05-27,surface_full4,28,5.71969355657619,False,84
2026-05-27,surface_full4,56,5.672750005757016,True,84
2026-05-27,surface_prices2,7,5.861464859914188,False,84
2026-05-27,surface_prices2,14,5.815002754772354,False,84
2026-05-27,surface_prices2,28,5.773268569621422,False,84
2026-05-27,surface_prices2,56,5.731966208241041,True,84
2026-05-28,surface_full4,7,5.8285466837018065,False,84
2026-05-28,surface_full4,14,5.784595360562525,False,84
2026-05-28,surface_full4,28,5.735732724105494,False,84
2026-05-28,surface_full4,56,5.7172794679500205,True,84
2026-05-28,surface_prices2,7,5.822958434129322,False,84
2026-05-28,surface_prices2,14,5.759559187756132,False,84
2026-05-28,surface_prices2,28,5.7093533108782495,False,84
2026-05-28,surface_prices2,56,5.687637447454359,True,84
2026-05-29,surface_full4,7,5.662698539941098,False,84
2026-05-29,surface_full4,14,5.607691288392014,False,84
2026-05-29,surface_full4,28,5.569419921008048,False,84
2026-05-29,surface_full4,56,5.539620720177905,True,84
2026-05-29,surface_prices2,7,5.657401643898886,False,84
2026-05-29,surface_prices2,14,5.608693129468583,False,84
2026-05-29,surface_prices2,28,5.575082312177149,False,84
2026-05-29,surface_prices2,56,5.551326776099381,True,84
2026-05-30,surface_full4,7,5.599058665911021,False,84
2026-05-30,surface_full4,14,5.558698691906312,False,84
2026-05-30,surface_full4,28,5.536057959109975,False,84
2026-05-30,surface_full4,56,5.508202468468197,True,84
2026-05-30,surface_prices2,7,5.546089871728354,False,84
2026-05-30,surface_prices2,14,5.514730057035562,False,84
2026-05-30,surface_prices2,28,5.471854441462887,False,84
2026-05-30,surface_prices2,56,5.454630890357888,True,84
2026-05-31,surface_full4,7,5.3525998711495335,False,84
2026-05-31,surface_full4,14,5.338990856990592,False,84
2026-05-31,surface_full4,28,5.287008752130636,False,84
2026-05-31,surface_full4,56,5.273955143867001,True,84
2026-05-31,surface_prices2,7,5.376595464137615,False,84
2026-05-31,surface_prices2,14,5.344004933238606,False,84
2026-05-31,surface_prices2,28,5.3135808309379895,False,84
2026-05-31,surface_prices2,56,5.297963579133096,True,84
2026-06-01,surface_full4,7,5.140517757564993,False,84
2026-06-01,surface_full4,14,5.108988736450644,False,84
2026-06-01,surface_full4,28,5.075859278584788,False,84
2026-06-01,surface_full4,56,5.056231161504328,True,84
2026-06-01,surface_prices2,7,5.135259803604628,False,84
2026-06-01,surface_prices2,14,5.089006713853308,False,84
2026-06-01,surface_prices2,28,5.063889763209348,False,84
2026-06-01,surface_prices2,56,5.042738277059397,True,84
2026-06-02,surface_full4,7,5.108489009502817,False,84
2026-06-02,surface_full4,14,5.086278735121076,False,84
2026-06-02,surface_full4,28,5.050205413264074,False,84
2026-06-02,surface_full4,56,5.031674059309031,True,84
2026-06-02,surface_prices2,7,5.1463115911267945,False,84
2026-06-02,surface_prices2,14,5.104687319505399,False,84
2026-06-02,surface_prices2,28,5.062616492521498,False,84
2026-06-02,surface_prices2,56,5.053548601236742,True,84
2026-06-03,surface_full4,7,5.122094949835891,False,84
2026-06-03,surface_full4,14,5.076300383537741,False,84
2026-06-03,surface_full4,28,5.051292757099334,False,84
2026-06-03,surface_full4,56,5.050818714679134,True,84
2026-06-03,surface_prices2,7,5.132677718480292,False,84
2026-06-03,surface_prices2,14,5.084686448588272,False,84
2026-06-03,surface_prices2,28,5.046836017953323,False,84
2026-06-03,surface_prices2,56,5.035277250708852,True,84
2026-06-04,surface_full4,7,4.980770654514936,False,84
2026-06-04,surface_full4,14,4.948968166853534,False,84
2026-06-04,surface_full4,28,4.925227341111443,False,84
2026-06-04,surface_full4,56,4.910758728578576,True,84
2026-06-04,surface_prices2,7,5.004807743266528,False,84
2026-06-04,surface_prices2,14,4.9655258273912315,False,84
2026-06-04,surface_prices2,28,4.938331829691465,False,84
2026-06-04,surface_prices2,56,4.926345599975451,True,84
2026-06-05,surface_full4,7,5.143780675686071,False,84
2026-06-05,surface_full4,14,5.1014756233860385,False,84
2026-06-05,surface_full4,28,5.08504990859078,False,84
2026-06-05,surface_full4,56,5.083167300329526,True,84
2026-06-05,surface_prices2,7,5.181129861300773,False,84
2026-06-05,surface_prices2,14,5.1485198370356375,False,84
2026-06-05,surface_prices2,28,5.119092795247054,False,84
2026-06-05,surface_prices2,56,5.088163121412308,True,84
2026-06-06,surface_full4,7,4.955772020571193,False,84
2026-06-06,surface_full4,14,4.934234047161867,False,84
2026-06-06,surface_full4,28,4.904598233306053,False,84
2026-06-06,surface_full4,56,4.895378758549373,True,84
2026-06-06,surface_prices2,7,4.971099779345873,False,84
2026-06-06,surface_prices2,14,4.9494403923465855,False,84
2026-06-06,surface_prices2,28,4.911356432033755,False,84
2026-06-06,surface_prices2,56,4.897566816115824,True,84
2026-06-07,surface_full4,7,4.948334711387426,False,84
2026-06-07,surface_full4,14,4.918628663317986,False,84
2026-06-07,surface_full4,28,4.89565817346548,False,84
2026-06-07,surface_full4,56,4.888684505933078,True,84
2026-06-07,surface_prices2,7,4.9687565356221475,False,84
2026-06-07,surface_prices2,14,4.947318292181728,False,84
2026-06-07,surface_prices2,28,4.902057600964446,False,84
2026-06-07,surface_prices2,56,4.891500154899588,True,84
2026-06-08,surface_full4,7,4.969630880563287,False,84
2026-06-08,surface_full4,14,4.933581235609055,False,84
2026-06-08,surface_full4,28,4.918185906511336,False,84
2026-06-08,surface_full4,56,4.9020141621029305,True,84
2026-06-08,surface_prices2,7,4.965178923452149,False,84
2026-06-08,surface_prices2,14,4.933243765269093,False,84
2026-06-08,surface_prices2,28,4.903226932345862,False,84
2026-06-08,surface_prices2,56,4.8960704224904745,True,84
2026-06-09,surface_full4,7,5.116046940243386,False,84
2026-06-09,surface_full4,14,5.077212369630329,False,84
2026-06-09,surface_full4,28,5.043008795197497,False,84
2026-06-09,surface_full4,56,5.040974097466858,True,84
2026-06-09,surface_prices2,7,5.130822780799636,False,84
2026-06-09,surface_prices2,14,5.093605103278469,False,84
2026-06-09,surface_prices2,28,5.0613498190545645,False,84
2026-06-09,surface_prices2,56,5.0452165863799765,True,84
2026-06-10,surface_full4,7,5.0983615483069595,False,84
2026-06-10,surface_full4,14,5.0730994656497135,False,84
2026-06-10,surface_full4,28,5.0387058711370125,False,84
2026-06-10,surface_full4,56,5.034263488638849,True,84
2026-06-10,surface_prices2,7,5.1215684255138365,False,84
2026-06-10,surface_prices2,14,5.0752229078329245,False,84
2026-06-10,surface_prices2,28,5.032926889069381,False,84
2026-06-10,surface_prices2,56,5.012836235065255,True,84
2026-06-11,surface_full4,7,5.270144852088491,False,84
2026-06-11,surface_full4,14,5.2194401379772,False,84
2026-06-11,surface_full4,28,5.191076155204094,False,84
2026-06-11,surface_full4,56,5.171418279881572,True,84
2026-06-11,surface_prices2,7,5.266897530888203,False,84
2026-06-11,surface_prices2,14,5.2298459152297925,False,84
2026-06-11,surface_prices2,28,5.201699833788227,False,84
2026-06-11,surface_prices2,56,5.184243887790536,True,84
2026-06-12,surface_full4,7,5.496758408734354,False,84
2026-06-12,surface_full4,14,5.474699660899705,False,84
2026-06-12,surface_full4,28,5.4509294595529285,False,84
2026-06-12,surface_full4,56,5.42668155363721,True,84
2026-06-12,surface_prices2,7,5.524687400577804,False,84
2026-06-12,surface_prices2,14,5.489920800106341,False,84
2026-06-12,surface_prices2,28,5.450624867929285,False,84
2026-06-12,surface_prices2,56,5.437922493835328,True,84
2026-06-13,surface_full4,7,5.563172186591236,False,84
2026-06-13,surface_full4,14,5.521101470940808,False,84
2026-06-13,surface_full4,28,5.493430356223383,False,84
2026-06-13,surface_full4,56,5.480153184169104,True,84
2026-06-13,surface_prices2,7,5.58886756106574,False,84
2026-06-13,surface_prices2,14,5.540602683931682,False,84
2026-06-13,surface_prices2,28,5.515351508078163,False,84
2026-06-13,surface_prices2,56,5.494958692631839,True,84
2026-06-14,surface_full4,7,5.625338957364555,False,84
2026-06-14,surface_full4,14,5.600384884709405,False,84
2026-06-14,surface_full4,28,5.570605010837812,False,84
2026-06-14,surface_full4,56,5.545813624542589,True,84
2026-06-14,surface_prices2,7,5.622445852095064,False,84
2026-06-14,surface_prices2,14,5.6016157418822035,False,84
2026-06-14,surface_prices2,28,5.5688596959302705,False,84
2026-06-14,surface_prices2,56,5.5475795107069485,True,84
2026-06-15,surface_full4,7,5.537377074292215,False,84
2026-06-15,surface_full4,14,5.4819952824627505,False,84
2026-06-15,surface_full4,28,5.443664208059093,False,84
2026-06-15,surface_full4,56,5.427730080051385,True,84
2026-06-15,surface_prices2,7,5.524563351406981,False,84
2026-06-15,surface_prices2,14,5.505915331265419,False,84
2026-06-15,surface_prices2,28,5.45707027975928,False,84
2026-06-15,surface_prices2,56,5.439937805106619,True,84
2026-06-16,surface_full4,7,5.440546745055266,False,84
2026-06-16,surface_full4,14,5.382483589140202,False,84
2026-06-16,surface_full4,28,5.36090128187571,False,84
2026-06-16,surface_full4,56,5.333987449512308,True,84
2026-06-16,surface_prices2,7,5.426077143078804,False,84
2026-06-16,surface_prices2,14,5.392406716788813,False,84
2026-06-16,surface_prices2,28,5.357975134227411,False,84
2026-06-16,surface_prices2,56,5.345381938784412,True,84
2026-06-17,surface_full4,7,5.043088609095428,False,84
2026-06-17,surface_full4,14,4.998339683724388,False,84
2026-06-17,surface_full4,28,4.9661420714271935,False,84
2026-06-17,surface_full4,56,4.960573682782317,True,84
2026-06-17,surface_prices2,7,5.052989924420248,False,84
2026-06-17,surface_prices2,14,5.018615830291063,False,84
2026-06-17,surface_prices2,28,4.984503233483289,False,84
2026-06-17,surface_prices2,56,4.965779954112994,True,84
2026-06-18,surface_full4,7,5.0021660666482735,False,84
2026-06-18,surface_full4,14,4.948789545974386,False,84
2026-06-18,surface_full4,28,4.930730091727844,False,84
2026-06-18,surface_full4,56,4.916840598988321,True,84
2026-06-18,surface_prices2,7,4.977869459890173,False,84
2026-06-18,surface_prices2,14,4.9308241927371625,False,84
2026-06-18,surface_prices2,28,4.897146389366663,False,84
2026-06-18,surface_prices2,56,4.884143339268237,True,84
2026-06-19,surface_full4,7,5.045390409922627,False,84
2026-06-19,surface_full4,14,5.0028518956804655,False,84
2026-06-19,surface_full4,28,4.980718098333594,False,84
2026-06-19,surface_full4,56,4.976223122833669,True,84
2026-06-19,surface_prices2,7,5.096720488621878,False,84
2026-06-19,surface_prices2,14,5.052309147500218,False,84
2026-06-19,surface_prices2,28,5.018944779742804,False,84
2026-06-19,surface_prices2,56,5.004892474169125,True,84
2026-06-20,surface_full4,7,5.023667362340307,False,84
2026-06-20,surface_full4,14,4.984377954921869,False,84
2026-06-20,surface_full4,28,4.965468026360886,False,84
2026-06-20,surface_full4,56,4.951081485180249,True,84
2026-06-20,surface_prices2,7,5.058897484234457,False,84
2026-06-20,surface_prices2,14,5.004859050382419,False,84
2026-06-20,surface_prices2,28,4.995164206882533,False,84
2026-06-20,surface_prices2,56,4.968059787691042,True,84
2026-06-21,surface_full4,7,5.157449529914412,False,84
2026-06-21,surface_full4,14,5.121194808030201,False,84
2026-06-21,surface_full4,28,5.084705719034332,False,84
2026-06-21,surface_full4,56,5.071161785147653,True,84
2026-06-21,surface_prices2,7,5.1571783692048,False,84
2026-06-21,surface_prices2,14,5.118030947489008,False,84
2026-06-21,surface_prices2,28,5.09375822627362,False,84
2026-06-21,surface_prices2,56,5.076718497552405,True,84
2026-06-22,surface_full4,7,5.137607221342506,False,84
2026-06-22,surface_full4,14,5.0967434570058545,False,84
2026-06-22,surface_full4,28,5.060425351513403,False,84
2026-06-22,surface_full4,56,5.0546642773229635,True,84
2026-06-22,surface_prices2,7,5.1566966920844575,False,84
2026-06-22,surface_prices2,14,5.123888632679786,False,84
2026-06-22,surface_prices2,28,5.101574529236809,False,84
2026-06-22,surface_prices2,56,5.080409699191761,True,84
2026-06-23,surface_full4,7,5.160671424046264,False,84
2026-06-23,surface_full4,14,5.121332637283281,False,84
2026-06-23,surface_full4,28,5.096347371966822,False,84
2026-06-23,surface_full4,56,5.083573272390699,True,84
2026-06-23,surface_prices2,7,5.104792302020966,False,84
2026-06-23,surface_prices2,14,5.075753390255447,False,84
2026-06-23,surface_prices2,28,5.043171930113318,False,84
2026-06-23,surface_prices2,56,5.031091983777701,True,84
2026-06-24,surface_full4,7,5.238486960491789,False,84
2026-06-24,surface_full4,14,5.213300342295196,False,84
2026-06-24,surface_full4,28,5.196096789498543,False,84
2026-06-24,surface_full4,56,5.181160523316004,True,84
2026-06-24,surface_prices2,7,5.232730453657655,False,84
2026-06-24,surface_prices2,14,5.205730250629325,False,84
2026-06-24,surface_prices2,28,5.17299257774618,False,84
2026-06-24,surface_prices2,56,5.156147107873909,True,84
2026-06-25,surface_full4,7,5.2812800817889825,False,84
2026-06-25,surface_full4,14,5.251487413450542,False,84
2026-06-25,surface_full4,28,5.228194935425766,False,84
2026-06-25,surface_full4,56,5.210227026568381,True,84
2026-06-25,surface_prices2,7,5.272994328454457,False,84
2026-06-25,surface_prices2,14,5.23669204801468,False,84
2026-06-25,surface_prices2,28,5.215225387775248,False,84
2026-06-25,surface_prices2,56,5.199357002737485,True,84
2026-06-26,surface_full4,7,5.563549996742412,False,84
2026-06-26,surface_full4,14,5.540110415135418,False,84
2026-06-26,surface_full4,28,5.498151144085513,False,84
2026-06-26,surface_full4,56,5.491706763322801,True,84
2026-06-26,surface_prices2,7,5.539588684926526,False,84
2026-06-26,surface_prices2,14,5.508870026869251,False,84
2026-06-26,surface_prices2,28,5.4932872727775734,False,84
2026-06-26,surface_prices2,56,5.450848012554145,True,84
2026-06-27,surface_full4,7,5.5232121911787715,False,84
2026-06-27,surface_full4,14,5.5007188577898285,False,84
2026-06-27,surface_full4,28,5.46787393753106,False,84
2026-06-27,surface_full4,56,5.463186622791645,True,84
2026-06-27,surface_prices2,7,5.561722483978685,False,84
2026-06-27,surface_prices2,14,5.526344598920444,False,84
2026-06-27,surface_prices2,28,5.504465412248021,False,84
2026-06-27,surface_prices2,56,5.480542248314848,True,84
2026-06-28,surface_full4,7,5.647580368369273,False,84
2026-06-28,surface_full4,14,5.631240084328935,False,84
2026-06-28,surface_full4,28,5.600298114494254,False,84
2026-06-28,surface_full4,56,5.587130572735531,True,84
2026-06-28,surface_prices2,7,5.679910939863626,False,84
2026-06-28,surface_prices2,14,5.639895473089341,False,84
2026-06-28,surface_prices2,28,5.618127402506742,False,84
2026-06-28,surface_prices2,56,5.600990500344509,True,84
2026-06-29,surface_full4,7,5.682100140067369,False,84
2026-06-29,surface_full4,14,5.6616921514054255,False,84
2026-06-29,surface_full4,28,5.622996241345899,False,84
2026-06-29,surface_full4,56,5.606832475511775,True,84
2026-06-29,surface_prices2,7,5.683158949539563,False,84
2026-06-29,surface_prices2,14,5.668790148817053,False,84
2026-06-29,surface_prices2,28,5.62677973879771,False,84
2026-06-29,surface_prices2,56,5.621466158131511,True,84
2026-06-30,surface_full4,7,5.783065780778446,False,84
2026-06-30,surface_full4,14,5.767530295743417,False,84
2026-06-30,surface_full4,28,5.727271452987934,False,84
2026-06-30,surface_full4,56,5.698558884901298,True,84
2026-06-30,surface_prices2,7,5.823196965263342,False,84
2026-06-30,surface_prices2,14,5.790870490149898,False,84
2026-06-30,surface_prices2,28,5.777480710760985,False,84
2026-06-30,surface_prices2,56,5.742139565847746,True,84
2026-07-01,surface_full4,7,5.9934437099124205,False,84
2026-07-01,surface_full4,14,5.959677864314176,False,84
2026-07-01,surface_full4,28,5.928632714746689,False,84
2026-07-01,surface_full4,56,5.901027691435948,True,84
2026-07-01,surface_prices2,7,5.972420319718784,False,84
2026-07-01,surface_prices2,14,5.950226214727384,False,84
2026-07-01,surface_prices2,28,5.939724398991389,False,84
2026-07-01,surface_prices2,56,5.915331016556661,True,84
2026-07-02,surface_full4,7,6.5524060791027035,False,84
2026-07-02,surface_full4,14,6.536558506296735,False,84
2026-07-02,surface_full4,28,6.497792914541736,False,84
2026-07-02,surface_full4,56,6.464964826316996,True,84
2026-07-02,surface_prices2,7,6.542612000099035,False,84
2026-07-02,surface_prices2,14,6.521120296385354,False,84
2026-07-02,surface_prices2,28,6.503530189699575,False,84
2026-07-02,surface_prices2,56,6.474059945998442,True,84
2026-07-03,surface_full4,7,6.3871239015637205,False,84
2026-07-03,surface_full4,14,6.3490653723706645,False,84
2026-07-03,surface_full4,28,6.304077282625485,False,84
2026-07-03,surface_full4,56,6.289455277424525,True,84
2026-07-03,surface_prices2,7,6.371069651322317,False,84
2026-07-03,surface_prices2,14,6.348710699372114,False,84
2026-07-03,surface_prices2,28,6.3203995935407145,False,84
2026-07-03,surface_prices2,56,6.2910558611335485,True,84
2026-07-04,surface_full4,7,6.75647637508844,False,84
2026-07-04,surface_full4,14,6.715916122785769,False,84
2026-07-04,surface_full4,28,6.683512774352297,False,84
2026-07-04,surface_full4,56,6.669388587594439,True,84
2026-07-04,surface_prices2,7,6.739288993668739,False,84
2026-07-04,surface_prices2,14,6.701544383098345,False,84
2026-07-04,surface_prices2,28,6.680883683138887,False,84
2026-07-04,surface_prices2,56,6.658829587370777,True,84
2026-07-05,surface_full4,7,6.94856948737304,False,84
2026-07-05,surface_full4,14,6.9201698687765525,False,84
2026-07-05,surface_full4,28,6.8682149154532235,False,84
2026-07-05,surface_full4,56,6.856977119037536,True,84
2026-07-05,surface_prices2,7,6.9209413176496986,False,84
2026-07-05,surface_prices2,14,6.884186092693066,False,84
2026-07-05,surface_prices2,28,6.861695283406279,False,84
2026-07-05,surface_prices2,56,6.832845614761413,True,84
2026-07-06,surface_full4,7,7.003858713791154,False,84
2026-07-06,surface_full4,14,6.956646320532282,False,84
2026-07-06,surface_full4,28,6.935200178115894,False,84
2026-07-06,surface_full4,56,6.917032395442169,True,84
2026-07-06,surface_prices2,7,6.980200347907575,False,84
2026-07-06,surface_prices2,14,6.946889239728421,False,84
2026-07-06,surface_prices2,28,6.920061183665795,False,84
2026-07-06,surface_prices2,56,6.895495432242697,True,84
2026-07-07,surface_full4,7,6.964000225353021,False,84
2026-07-07,surface_full4,14,6.906274108355578,False,84
2026-07-07,surface_full4,28,6.867271565732166,False,84
2026-07-07,surface_full4,56,6.853384262023067,True,84
2026-07-07,surface_prices2,7,6.940951671501085,False,84
2026-07-07,surface_prices2,14,6.887591599312846,False,84
2026-07-07,surface_prices2,28,6.860402277738212,False,84
2026-07-07,surface_prices2,56,6.842520074171146,True,84
2026-07-08,surface_full4,7,7.326410548485854,False,84
2026-07-08,surface_full4,14,7.283069091421609,False,84
2026-07-08,surface_full4,28,7.233290251634872,False,84
2026-07-08,surface_full4,56,7.219392322264368,True,84
2026-07-08,surface_prices2,7,7.328163525809342,False,84
2026-07-08,surface_prices2,14,7.272052511879665,False,84
2026-07-08,surface_prices2,28,7.245180690077325,False,84
2026-07-08,surface_prices2,56,7.218572729942429,True,84
2026-07-09,surface_full4,7,7.1604145847008684,False,84
2026-07-09,surface_full4,14,7.090152385600168,False,84
2026-07-09,surface_full4,28,7.066035495389579,False,84
2026-07-09,surface_full4,56,7.049960613663865,True,84
2026-07-09,surface_prices2,7,7.16682149442917,False,84
2026-07-09,surface_prices2,14,7.127542173337178,False,84
2026-07-09,surface_prices2,28,7.100800771872623,False,84
2026-07-09,surface_prices2,56,7.06021043388557,True,84
2026-07-10,surface_full4,7,6.971384011356128,False,84
2026-07-10,surface_full4,14,6.91689566978023,False,84
2026-07-10,surface_full4,28,6.878426298595021,False,84
2026-07-10,surface_full4,56,6.859799008934847,True,84
2026-07-10,surface_prices2,7,6.951243249914766,False,84
2026-07-10,surface_prices2,14,6.908952832716511,False,84
2026-07-10,surface_prices2,28,6.870447975186822,False,84
2026-07-10,surface_prices2,56,6.840912042744185,True,84
2026-07-11,surface_full4,7,7.192056255248951,False,84
2026-07-11,surface_full4,14,7.135146411275064,False,84
2026-07-11,surface_full4,28,7.1125188345517545,False,84
2026-07-11,surface_full4,56,7.084933271672164,True,84
2026-07-11,surface_prices2,7,7.132439821799814,False,84
2026-07-11,surface_prices2,14,7.087182598731333,False,84
2026-07-11,surface_prices2,28,7.045718082647296,False,84
2026-07-11,surface_prices2,56,7.030231422894457,True,84
2026-07-12,surface_full4,7,6.976482102749373,False,84
2026-07-12,surface_full4,14,6.925560273111891,False,84
2026-07-12,surface_full4,28,6.904397448793067,False,84
2026-07-12,surface_full4,56,6.880534732978277,True,84
2026-07-12,surface_prices2,7,6.9963058203833555,False,84
2026-07-12,surface_prices2,14,6.95166413108003,False,84
2026-07-12,surface_prices2,28,6.914280442939424,False,84
2026-07-12,surface_prices2,56,6.884259862719875,True,84
2026-07-13,surface_full4,7,6.937645162724536,False,84
2026-07-13,surface_full4,14,6.8731647875801425,False,84
2026-07-13,surface_full4,28,6.853822716977587,False,84
2026-07-13,surface_full4,56,6.834158225683939,True,84
2026-07-13,surface_prices2,7,6.94657973446508,False,84
2026-07-13,surface_prices2,14,6.879808451001764,False,84
2026-07-13,surface_prices2,28,6.844383901255569,False,84
2026-07-13,surface_prices2,56,6.825319884522908,True,84
2026-07-14,surface_full4,7,6.961422646213303,False,84
2026-07-14,surface_full4,14,6.909804971566657,False,84
2026-07-14,surface_full4,28,6.872492563102588,False,84
2026-07-14,surface_full4,56,6.868021902376521,True,84
2026-07-14,surface_prices2,7,6.999706489946907,False,84
2026-07-14,surface_prices2,14,6.9678169284694755,False,84
2026-07-14,surface_prices2,28,6.920609633107589,False,84
2026-07-14,surface_prices2,56,6.8915824691124365,True,84
2026-07-15,surface_full4,7,7.240118946163378,False,84
2026-07-15,surface_full4,14,7.162521440470812,False,84
2026-07-15,surface_full4,28,7.130353088985763,False,84
2026-07-15,surface_full4,56,7.1101495805774,True,84
2026-07-15,surface_prices2,7,7.223003099008934,False,84
2026-07-15,surface_prices2,14,7.159192828911922,False,84
2026-07-15,surface_prices2,28,7.137187145136229,False,84
2026-07-15,surface_prices2,56,7.105638944873143,True,84
2026-07-16,surface_full4,7,6.934512459657737,False,84
2026-07-16,surface_full4,14,6.884461465512071,False,84
2026-07-16,surface_full4,28,6.845223658635682,False,84
2026-07-16,surface_full4,56,6.826390738793685,True,84
2026-07-16,surface_prices2,7,6.943604398425559,False,84
2026-07-16,surface_prices2,14,6.882662193077764,False,84
2026-07-16,surface_prices2,28,6.855264760081125,False,84
2026-07-16,surface_prices2,56,6.8362128370125985,True,84
2026-07-17,surface_full4,7,6.941951011470382,False,84
2026-07-17,surface_full4,14,6.887606867757386,False,84
2026-07-17,surface_full4,28,6.851191647978133,False,84
2026-07-17,surface_full4,56,6.829648790716307,True,84
2026-07-17,surface_prices2,7,6.948553499695987,False,84
2026-07-17,surface_prices2,14,6.91615216248887,False,84
2026-07-17,surface_prices2,28,6.874996362663504,False,84
2026-07-17,surface_prices2,56,6.848519713657689,True,84
2026-07-18,surface_full4,7,6.9225888305241385,False,84
2026-07-18,surface_full4,14,6.859029159805474,False,84
2026-07-18,surface_full4,28,6.815725414728857,False,84
2026-07-18,surface_full4,56,6.7975221570491895,True,84
2026-07-18,surface_prices2,7,6.937363616523342,False,84
2026-07-18,surface_prices2,14,6.872854519290234,False,84
2026-07-18,surface_prices2,28,6.815581372123979,False,84
2026-07-18,surface_prices2,56,6.797328321589596,True,84
2026-07-19,surface_full4,7,6.8514667122625,False,84
2026-07-19,surface_full4,14,6.7991910858989275,False,84
2026-07-19,surface_full4,28,6.7680247091915975,False,84
2026-07-19,surface_full4,56,6.746172170409898,True,84
2026-07-19,surface_prices2,7,6.886787643525262,False,84
2026-07-19,surface_prices2,14,6.832512108476132,False,84
2026-07-19,surface_prices2,28,6.786538909413287,False,84
2026-07-19,surface_prices2,56,6.758846062688016,True,84
2026-07-20,surface_full4,7,6.810650005747884,False,84
2026-07-20,surface_full4,14,6.738317770438305,False,84
2026-07-20,surface_full4,28,6.704579144761297,False,84
2026-07-20,surface_full4,56,6.685484320742889,True,84
2026-07-20,surface_prices2,7,6.846521130915859,False,84
2026-07-20,surface_prices2,14,6.79212072903761,False,84
2026-07-20,surface_prices2,28,6.750834214958897,False,84
2026-07-20,surface_prices2,56,6.722522314645593,True,84
2026-07-21,surface_full4,7,6.824948393044524,False,84
2026-07-21,surface_full4,14,6.774208405399082,False,84
2026-07-21,surface_full4,28,6.727449386991305,False,84
2026-07-21,surface_full4,56,6.688962275631051,True,84
2026-07-21,surface_prices2,7,6.7869603307585695,False,84
2026-07-21,surface_prices2,14,6.745298311544016,False,84
2026-07-21,surface_prices2,28,6.71887057364843,False,84
2026-07-21,surface_prices2,56,6.660683507676303,True,84
2026-07-22,surface_full4,7,6.690173600736232,False,84
2026-07-22,surface_full4,14,6.647531135372319,False,84
2026-07-22,surface_full4,28,6.602275643368699,False,84
2026-07-22,surface_full4,56,6.588236236248443,True,84
2026-07-22,surface_prices2,7,6.681804866835491,False,84
2026-07-22,surface_prices2,14,6.638416112912118,False,84
2026-07-22,surface_prices2,28,6.610814281205001,False,84
2026-07-22,surface_prices2,56,6.587769442745384,True,84
2026-07-23,surface_full4,7,6.571908451594113,False,84
2026-07-23,surface_full4,14,6.522889427780972,False,84
2026-07-23,surface_full4,28,6.4983885968104715,False,84
2026-07-23,surface_full4,56,6.478353304688511,True,84
2026-07-23,surface_prices2,7,6.614942273579925,False,84
2026-07-23,surface_prices2,14,6.567028294065302,False,84
2026-07-23,surface_prices2,28,6.548614073439087,False,84
2026-07-23,surface_prices2,56,6.512368909905328,True,84
2026-07-24,surface_full4,7,6.53057000556487,False,84
2026-07-24,surface_full4,14,6.467554679294653,False,84
2026-07-24,surface_full4,28,6.443163860932726,False,84
2026-07-24,surface_full4,56,6.417495128605681,True,84
2026-07-24,surface_prices2,7,6.481875458578715,False,84
2026-07-24,surface_prices2,14,6.451848693098758,False,84
2026-07-24,surface_prices2,28,6.419481331357226,False,84
2026-07-24,surface_prices2,56,6.397572682872046,True,84
2026-07-25,surface_full4,7,6.57992679813312,False,84
2026-07-25,surface_full4,14,6.5246312937962525,False,84
2026-07-25,surface_full4,28,6.492710069492766,False,84
2026-07-25,surface_full4,56,6.476793728489389,True,84
2026-07-25,surface_prices2,7,6.565877299259399,False,84
2026-07-25,surface_prices2,14,6.527250064770883,False,84
2026-07-25,surface_prices2,28,6.487361021830238,False,84
2026-07-25,surface_prices2,56,6.457999792486007,True,84
2026-07-26,surface_full4,7,6.33305381504195,False,84
2026-07-26,surface_full4,14,6.289913162012412,False,84
2026-07-26,surface_full4,28,6.248210287289005,False,84
2026-07-26,surface_full4,56,6.2308391007271045,True,84
2026-07-26,surface_prices2,7,6.319233414085443,False,84
2026-07-26,surface_prices2,14,6.27508661952542,False,84
2026-07-26,surface_prices2,28,6.245432384912157,False,84
2026-07-26,surface_prices2,56,6.231440109830468,True,84
2026-07-27,surface_full4,7,6.375504813770106,False,84
2026-07-27,surface_full4,14,6.3312298703957195,False,84
2026-07-27,surface_full4,28,6.295291169765405,False,84
2026-07-27,surface_full4,56,6.280522525967663,True,84
2026-07-27,surface_prices2,7,6.3309436673459745,False,84
2026-07-27,surface_prices2,14,6.309043233658305,False,84
2026-07-27,surface_prices2,28,6.267079935451279,False,84
2026-07-27,surface_prices2,56,6.262439832538758,True,84
2026-07-28,surface_full4,7,6.310182678608913,False,84
2026-07-28,surface_full4,14,6.270602802766102,False,84
2026-07-28,surface_full4,28,6.242925722818229,False,84
2026-07-28,surface_full4,56,6.2211799582876255,True,84
2026-07-28,surface_prices2,7,6.301097060493421,False,84
2026-07-28,surface_prices2,14,6.262431309953094,False,84
2026-07-28,surface_prices2,28,6.233037268266512,False,84
2026-07-28,surface_prices2,56,6.2107707840605055,True,84
2026-07-29,surface_full4,7,6.081429269895443,False,84
2026-07-29,surface_full4,14,6.0365493727651005,False,84
2026-07-29,surface_full4,28,5.989722832799088,False,84
2026-07-29,surface_full4,56,5.982877362427414,True,84
2026-07-29,surface_prices2,7,6.048393477908715,False,84
2026-07-29,surface_prices2,14,6.016493910091056,False,84
2026-07-29,surface_prices2,28,5.976071259504502,False,84
2026-07-29,surface_prices2,56,5.975623611165451,True,84
2026-07-30,surface_full4,7,5.26928146492034,False,84
2026-07-30,surface_full4,14,5.2403399778326545,False,84
2026-07-30,surface_full4,28,5.2072653755887925,True,84
2026-07-30,surface_full4,56,5.20769635050659,False,84
2026-07-30,surface_prices2,7,5.241518910320093,False,84
2026-07-30,surface_prices2,14,5.207671660398806,False,84
2026-07-30,surface_prices2,28,5.1959828445626055,False,84
2026-07-30,surface_prices2,56,5.183754621183023,True,84
2026-07-31,surface_full4,7,5.107551353967728,False,84
2026-07-31,surface_full4,14,5.062560011104153,False,84
2026-07-31,surface_full4,28,5.048436205242007,False,84
2026-07-31,surface_full4,56,5.036820813654742,True,84
2026-07-31,surface_prices2,7,5.120256307006822,False,84
2026-07-31,surface_prices2,14,5.086656758355737,False,84
2026-07-31,surface_prices2,28,5.064404512467794,False,84
2026-07-31,surface_prices2,56,5.050807480850109,True,84
2026-08-01,surface_full4,7,4.528659404785953,False,84
2026-08-01,surface_full4,14,4.495082015950045,False,84
2026-08-01,surface_full4,28,4.476260504568219,False,84
2026-08-01,surface_full4,56,4.468950201555791,True,84
2026-08-01,surface_prices2,7,4.528618806369375,False,84
2026-08-01,surface_prices2,14,4.4914517165156145,False,84
2026-08-01,surface_prices2,28,4.469703019096401,False,84
2026-08-01,surface_prices2,56,4.453012112930565,True,84
2026-08-02,surface_full4,7,4.367263916513659,False,84
2026-08-02,surface_full4,14,4.324894542473062,False,84
2026-08-02,surface_full4,28,4.321309035650395,False,84
2026-08-02,surface_full4,56,4.30309138675585,True,84
2026-08-02,surface_prices2,7,4.36163864685594,False,84
2026-08-02,surface_prices2,14,4.325445622554314,False,84
2026-08-02,surface_prices2,28,4.311300855998448,False,84
2026-08-02,surface_prices2,56,4.298538318136493,True,84
2026-08-03,surface_full4,7,4.354339753132115,False,84
2026-08-03,surface_full4,14,4.318499404708767,False,84
2026-08-03,surface_full4,28,4.292856964304915,False,84
2026-08-03,surface_full4,56,4.288365985891448,True,84
2026-08-03,surface_prices2,7,4.351384697990032,False,84
2026-08-03,surface_prices2,14,4.316427598201829,False,84
2026-08-03,surface_prices2,28,4.301345988719292,False,84
2026-08-03,surface_prices2,56,4.295601623750689,True,84
2026-08-04,surface_full4,7,4.220990592321231,False,84
2026-08-04,surface_full4,14,4.185074997230953,False,84
2026-08-04,surface_full4,28,4.167752447487463,False,84
2026-08-04,surface_full4,56,4.165267010005908,True,84
2026-08-04,surface_prices2,7,4.220391031977696,False,84
2026-08-04,surface_prices2,14,4.202326645275233,False,84
2026-08-04,surface_prices2,28,4.191720553742867,False,84
2026-08-04,surface_prices2,56,4.180495746107069,True,84
2026-08-05,surface_full4,7,3.982840726911795,False,84
2026-08-05,surface_full4,14,3.939437799478666,False,84
2026-08-05,surface_full4,28,3.9253678672877466,False,84
2026-08-05,surface_full4,56,3.920741136071059,True,84
2026-08-05,surface_prices2,7,3.9765606309360106,False,84
2026-08-05,surface_prices2,14,3.9602875186866666,False,84
2026-08-05,surface_prices2,28,3.9444864988237294,False,84
2026-08-05,surface_prices2,56,3.9395174982794083,True,84
2026-08-06,surface_full4,7,3.9933110235567,False,84
2026-08-06,surface_full4,14,3.9522524319372687,False,84
2026-08-06,surface_full4,28,3.9344100502428025,False,84
2026-08-06,surface_full4,56,3.9233749442612798,True,84
2026-08-06,surface_prices2,7,3.9609788086540187,False,84
2026-08-06,surface_prices2,14,3.929163554103097,False,84
2026-08-06,surface_prices2,28,3.920268423904375,False,84
2026-08-06,surface_prices2,56,3.9069292733780503,True,84
2026-08-07,surface_full4,7,3.694668620692562,False,84
2026-08-07,surface_full4,14,3.6630340871791005,False,84
2026-08-07,surface_full4,28,3.6516933027348233,False,84
2026-08-07,surface_full4,56,3.6457004254141445,True,84
2026-08-07,surface_prices2,7,3.6863642291368643,False,84
2026-08-07,surface_prices2,14,3.6742507733213623,False,84
2026-08-07,surface_prices2,28,3.649794239932898,False,84
2026-08-07,surface_prices2,56,3.6414596111710202,True,84
2026-08-08,surface_full4,7,3.5885660819305465,False,84
2026-08-08,surface_full4,14,3.5584546150870477,False,84
2026-08-08,surface_full4,28,3.548010692102317,False,84
2026-08-08,surface_full4,56,3.5324796090597297,True,84
2026-08-08,surface_prices2,7,3.5665613623854937,False,84
2026-08-08,surface_prices2,14,3.5508656509690804,False,84
2026-08-08,surface_prices2,28,3.538951198166317,False,84
2026-08-08,surface_prices2,56,3.5251936708602227,True,84
2026-08-09,surface_full4,7,3.478142302416571,False,84
2026-08-09,surface_full4,14,3.4558810003225213,False,84
2026-08-09,surface_full4,28,3.440907528995182,False,84
2026-08-09,surface_full4,56,3.427821389211881,True,84
2026-08-09,surface_prices2,7,3.4756666408301355,False,84
2026-08-09,surface_prices2,14,3.4536444903025365,False,84
2026-08-09,surface_prices2,28,3.442598726649296,False,84
2026-08-09,surface_prices2,56,3.429141590567642,True,84
2026-08-10,surface_full4,7,3.685250847719123,False,84
2026-08-10,surface_full4,14,3.6663490615468626,False,84
2026-08-10,surface_full4,28,3.6554031640173403,False,84
2026-08-10,surface_full4,56,3.640413195840111,True,84
2026-08-10,surface_prices2,7,3.660194533157845,False,84
2026-08-10,surface_prices2,14,3.6504370022348214,False,84
2026-08-10,surface_prices2,28,3.6283182387667154,False,84
2026-08-10,surface_prices2,56,3.6201063079215277,True,84
2026-08-11,surface_full4,7,3.5092555096205738,False,84
2026-08-11,surface_full4,14,3.4917715287039433,False,84
2026-08-11,surface_full4,28,3.4719455846746454,False,84
2026-08-11,surface_full4,56,3.462166722760993,True,84
2026-08-11,surface_prices2,7,3.4925703850830567,False,84
2026-08-11,surface_prices2,14,3.4747564669100255,False,84
2026-08-11,surface_prices2,28,3.464954212538378,False,84
2026-08-11,surface_prices2,56,3.455853746534428,True,84
2026-08-12,surface_full4,7,3.173467188386983,False,84
2026-08-12,surface_full4,14,3.1531963330145345,False,84
2026-08-12,surface_full4,28,3.131088583999841,False,84
2026-08-12,surface_full4,56,3.1298547215546315,True,84
2026-08-12,surface_prices2,7,3.170841848280447,False,84
2026-08-12,surface_prices2,14,3.1553953431815347,False,84
2026-08-12,surface_prices2,28,3.145493078759823,False,84
2026-08-12,surface_prices2,56,3.131531119158816,True,84
2026-08-13,surface_full4,7,3.227998853776893,False,84
2026-08-13,surface_full4,14,3.2116859896579544,False,84
2026-08-13,surface_full4,28,3.198255172068565,False,84
2026-08-13,surface_full4,56,3.188883526762907,True,84
2026-08-13,surface_prices2,7,3.2153972147884953,False,84
2026-08-13,surface_prices2,14,3.2035606153966256,False,84
2026-08-13,surface_prices2,28,3.185716607238685,False,84
2026-08-13,surface_prices2,56,3.184820164081622,True,84
2026-08-14,surface_full4,7,3.3886334717730677,False,84
2026-08-14,surface_full4,14,3.358587401954167,False,84
2026-08-14,surface_full4,28,3.345545772643477,False,84
2026-08-14,surface_full4,56,3.3419743828913964,True,84
2026-08-14,surface_prices2,7,3.3948767846118986,False,84
2026-08-14,surface_prices2,14,3.376705437547692,False,84
2026-08-14,surface_prices2,28,3.3559896001237073,False,84
2026-08-14,surface_prices2,56,3.3461780773735184,True,84
2026-08-15,surface_full4,7,3.41699462435481,False,84
2026-08-15,surface_full4,14,3.3885071993341875,False,84
2026-08-15,surface_full4,28,3.3777598441823042,False,84
2026-08-15,surface_full4,56,3.3722786166585075,True,84
2026-08-15,surface_prices2,7,3.4336798206196515,False,84
2026-08-15,surface_prices2,14,3.409730674411292,False,84
2026-08-15,surface_prices2,28,3.3960203053880345,False,84
2026-08-15,surface_prices2,56,3.3854592694649503,True,84
2026-08-16,surface_full4,7,3.3665720870845854,False,84
2026-08-16,surface_full4,14,3.3434693634039183,False,84
2026-08-16,surface_full4,28,3.3323209970952528,False,84
2026-08-16,surface_full4,56,3.3259467885597354,True,84
2026-08-16,surface_prices2,7,3.3521557923573075,False,84
2026-08-16,surface_prices2,14,3.3340009348226007,False,84
2026-08-16,surface_prices2,28,3.315803511190186,False,84
2026-08-16,surface_prices2,56,3.314749941750064,True,84
2026-08-17,surface_full4,7,3.3711773780421295,False,84
2026-08-17,surface_full4,14,3.3477732188928213,False,84
2026-08-17,surface_full4,28,3.34058735065026,False,84
2026-08-17,surface_full4,56,3.329538516131201,True,84
2026-08-17,surface_prices2,7,3.3766150592479187,False,84
2026-08-17,surface_prices2,14,3.355230209370571,False,84
2026-08-17,surface_prices2,28,3.338848012334363,False,84
2026-08-17,surface_prices2,56,3.3290399214076762,True,84
2026-08-18,surface_full4,7,3.4141659229020602,False,84
2026-08-18,surface_full4,14,3.3872833079560785,False,84
2026-08-18,surface_full4,28,3.3719656654479624,False,84
2026-08-18,surface_full4,56,3.3584403639763183,True,84
2026-08-18,surface_prices2,7,3.4006817406252017,False,84
2026-08-18,surface_prices2,14,3.381652823815682,False,84
2026-08-18,surface_prices2,28,3.3631827752949657,False,84
2026-08-18,surface_prices2,56,3.352286725460027,True,84
2026-08-19,surface_full4,7,3.441557615607796,False,84
2026-08-19,surface_full4,14,3.4203711709788265,False,84
2026-08-19,surface_full4,28,3.407507155304178,False,84
2026-08-19,surface_full4,56,3.3916881908680474,True,84
2026-08-19,surface_prices2,7,3.419377917351762,False,84
2026-08-19,surface_prices2,14,3.3970863022903623,False,84
2026-08-19,surface_prices2,28,3.3829640441620468,False,84
2026-08-19,surface_prices2,56,3.374890891378506,True,84
2026-08-20,surface_full4,7,3.561901081897081,False,84
2026-08-20,surface_full4,14,3.5341400423924467,False,84
2026-08-20,surface_full4,28,3.5195236320290593,False,84
2026-08-20,surface_full4,56,3.5015344072257255,True,84
2026-08-20,surface_prices2,7,3.5518013548137977,False,84
2026-08-20,surface_prices2,14,3.5266629189081407,False,84
2026-08-20,surface_prices2,28,3.5098257108649373,False,84
2026-08-20,surface_prices2,56,3.492268908440859,True,84
2026-08-21,surface_full4,7,3.393948946497975,False,84
2026-08-21,surface_full4,14,3.360527878771741,False,84
2026-08-21,surface_full4,28,3.3475752615149146,False,84
2026-08-21,surface_full4,56,3.3340217644304837,True,84
2026-08-21,surface_prices2,7,3.4060060656522624,False,84
2026-08-21,surface_prices2,14,3.378010386761795,False,84
2026-08-21,surface_prices2,28,3.367024418339874,False,84
2026-08-21,surface_prices2,56,3.349944242401888,True,84
2026-08-22,surface_full4,7,3.3416839686254667,False,84
2026-08-22,surface_full4,14,3.3117692257647575,False,84
2026-08-22,surface_full4,28,3.302675281079017,False,84
2026-08-22,surface_full4,56,3.2872923263296987,True,84
2026-08-22,surface_prices2,7,3.3360503042873355,False,84
2026-08-22,surface_prices2,14,3.3190643143537217,False,84
2026-08-22,surface_prices2,28,3.3001109942611033,False,84
2026-08-22,surface_prices2,56,3.2867242712886764,True,84
2026-08-23,surface_full4,7,3.5992855770812513,False,84
2026-08-23,surface_full4,14,3.5764413670118267,False,84
2026-08-23,surface_full4,28,3.5593103792217806,False,84
2026-08-23,surface_full4,56,3.556018502913973,True,84
2026-08-23,surface_prices2,7,3.576927336712031,False,84
2026-08-23,surface_prices2,14,3.55469364059137,False,84
2026-08-23,surface_prices2,28,3.5375519400759043,False,84
2026-08-23,surface_prices2,56,3.5308134446516957,True,84
2026-08-24,surface_full4,7,3.56892982938345,False,84
2026-08-24,surface_full4,14,3.5405455311410106,False,84
2026-08-24,surface_full4,28,3.5277822471995863,False,84
2026-08-24,surface_full4,56,3.5138677595614047,True,84
2026-08-24,surface_prices2,7,3.5311451670954566,False,84
2026-08-24,surface_prices2,14,3.506685431325557,False,84
2026-08-24,surface_prices2,28,3.4841386585825695,False,84
2026-08-24,surface_prices2,56,3.4767954558292473,True,84
2026-08-27,surface_full4,7,3.6783790805082206,False,84
2026-08-27,surface_full4,14,3.644602456137256,False,84
2026-08-27,surface_full4,28,3.6397925894996814,False,84
2026-08-27,surface_full4,56,3.6251117623731224,True,84
2026-08-27,surface_prices2,7,3.6732929092787723,False,84
2026-08-27,surface_prices2,14,3.645631401743326,False,84
2026-08-27,surface_prices2,28,3.6266345271442058,False,84
2026-08-27,surface_prices2,56,3.613913457107664,True,84
2026-08-28,surface_full4,7,3.7621398496650778,False,84
2026-08-28,surface_full4,14,3.73548994174721,False,84
2026-08-28,surface_full4,28,3.722250438050217,False,84
2026-08-28,surface_full4,56,3.705113614380342,True,84
2026-08-28,surface_prices2,7,3.7621313109843926,False,84
2026-08-28,surface_prices2,14,3.7515946396645634,False,84
2026-08-28,surface_prices2,28,3.7200721820828915,False,84
2026-08-28,surface_prices2,56,3.7097208283873893,True,84
