delivery_day,strategy,planned_profit_eur,base_terminal_soc_deviation_mwh,exclusivity_violations,energy_eur,capacity_eur,activation_eur,shortfall_cost_eur,schedule_gap_cost_eur,recovery_cost_eur,total_eur,committed_mw_hours,required_activation_mwh,delivered_activation_mwh,reserve_power_gap_mwh,reserve_energy_gap_mwh,day_ahead_gap_mwh,recovery_grid_mwh,max_committed_gross_power_mw,max_realised_gross_power_mw,slots_with_shortfall,slots_with_schedule_gap,activation_during_charge_slots,recovery_during_discharge_slots,recovery_during_activation_slots,recovery_overlap_slots,min_soc_mwh,max_soc_mwh,terminal_soc_mwh,terminal_soc_deviation_mwh,cycles,aggregation_quarter_total_eur,aggregation_hourly_total_eur,aggregation_cost_eur
2026-01-28,F08_LightGBM,1578.7554394678748,0.0,0,0.0,3747.7599999999998,3651.9055692900006,5.356999996288192e-05,0.0,256.14399490351025,7143.52152081649,68.0,4.5283999999999995,4.528399,0.0,9.999999993071107e-07,0.0,5.327528235294119,4.0,4.0,0,0,0,0,4,4,4.338609155373124,8.000000001,4.400000000000001,8.881784197001252e-16,0.0,7143.52152081649,7143.52152081649,0.0
2026-01-29,F08_LightGBM,2264.919597783204,0.0,0,0.0,1846.24,5932.3149452,0.00015540000010798584,0.0,421.23613324537973,7357.31865655462,72.0,6.726,6.725998999999999,0.0,1.0000000006948895e-06,0.0,7.912939999999999,4.0,4.0,1,0,0,0,10,10,3.886959942194681,8.000000001,4.400000000000001,8.881784197001252e-16,0.0,7352.177298694619,7352.177298694619,0.0
2026-01-30,F08_LightGBM,1712.5364778460407,0.0,0,0.0,1283.6399999999999,1295.3270276900005,2.5499999944111895e-05,0.0,354.1071977565557,2224.859804433445,68.0,6.5572,6.557199000000002,0.0,9.999999978083096e-07,0.0,7.714351764705883,4.0,4.0,0,0,0,0,8,8,4.337741433541849,7.647490807965919,4.399999999999999,-1.7763568394002505e-15,0.0,1873.6923250779753,1823.7321763598384,49.96014871813691
2026-01-31,F08_LightGBM,1359.3307906364494,0.0,0,-40.820911181670965,349.40000000000003,36.806563999999995,0.0,0.0,-1.0777035388265372,346.4633563571556,60.0,0.3464,0.3464,0.0,0.0,0.0,0.40752941068005344,4.0,4.0,0,0,0,1,1,2,4.338609154373123,8.0,4.399999999,-1.000000082740371e-09,0.4219544457292888,346.84803977300135,322.0668307704025,24.78120900259887
2026-02-01,F08_LightGBM,968.7970715389108,0.0,0,-60.183922927512484,340.24,491.30707157999996,9.642000005495837e-05,0.0,-24.741951890442532,796.10500412293,52.0,3.5999999999999996,3.5999989999999995,0.0,1.0000000005699894e-06,0.0,4.235292941176471,4.0,4.0,1,0,0,1,3,4,4.338609155373123,8.000000001,4.400000000000001,8.881784197001252e-16,0.4219544457292888,747.9333896680529,740.1534622707682,7.779927397284723
2026-02-02,F08_LightGBM,756.3928490496766,0.0,0,-0.3937871972127027,479.8,359.6481385800002,0.00019341999985524437,0.0,145.40599013566555,693.648167827122,52.0,2.5188,2.518799000000001,0.0,9.999999992515995e-07,0.0,2.9632929411764715,4.0,4.0,0,0,0,0,3,3,3.3491899479787186,8.000000001,4.4,0.0,0.4148795005781799,762.043461017797,709.3082820791774,52.73517893861958
2026-02-03,F08_LightGBM,869.0715387952932,0.0,0,0.0,681.12,2603.8660639800005,3.2600669599999788,0.0,29.096500988235306,3252.629496031765,60.0,3.0440000000000005,2.9939990000000005,0.050000000000000044,9.999999996401776e-07,0.0,3.522351764705883,4.0,4.0,1,0,0,0,0,0,4.4,7.165863337187867,4.4,0.0,0.0,2910.871211182002,2961.4697725374567,-50.598561355454876
2026-02-04,F08_LightGBM,915.9404593144073,0.0,0,0.0,894.0400000000001,500.07569131999986,5.343000003712794e-05,0.0,161.86282145988673,1232.2528164301134,60.0,3.4795999999999996,3.4795989999999994,0.0,1.0000000006948895e-06,0.0,4.0936458823529405,4.0,4.0,1,0,0,0,1,1,4.3933142093070225,8.000000001,4.4,0.0,0.0,1037.0783563325958,971.7023780514694,65.37597828112644
2026-02-05,F08_LightGBM,1162.9701313949683,0.0,0,0.0,582.8,578.99381155,0.00011034999999283613,0.0,14.073729311178443,1147.7199718888219,64.0,3.9192,3.919199,0.0,9.999999999350806e-07,0.0,4.610822352941176,4.0,4.0,0,0,0,0,4,4,4.3999999999999995,8.000000001,4.3999999999999995,-8.881784197001252e-16,0.0,816.1028456801532,797.59225743541,18.51058824474319
2026-02-06,F08_LightGBM,857.3915986305847,0.0,0,0.0,538.2,235.04759783999998,5.934000000170636e-05,0.0,73.17448230748192,700.0730561925182,60.0,1.4908,1.490799,0.0,1.0000000000287557e-06,0.0,1.7538811764705877,4.0,4.0,1,0,0,0,0,0,4.338609155373123,5.321954445729289,4.4,0.0,0.0,654.2326643194261,649.1513546204914,5.081309698934774
2026-02-07,F08_LightGBM,989.9643667392672,0.0,0,0.0,1124.3200000000002,394.8198382300001,7.990999998455428e-05,0.0,282.02802576915474,1237.1117325508455,60.0,3.0136000000000003,3.013599,0.0,9.99999999806711e-07,0.0,3.5454105882352938,4.0,4.0,0,0,0,0,4,4,4.250101528583111,5.729133389990709,4.4,0.0,0.0,1139.0388007406682,1094.0211061085492,45.017694632118946
2026-02-08,F08_LightGBM,1145.2419587983643,0.0,0,0.0,474.72,667.2551432400002,6.099999995434757e-05,0.0,306.29190039923753,835.6831818407628,68.0,4.5372,4.537199000000001,0.0,9.999999992515995e-07,0.0,5.337881176470587,4.0,4.0,0,0,0,0,2,2,4.3999999999999995,8.000000001,4.3999999999999995,-8.881784197001252e-16,0.0,423.48822521470595,419.8030060411765,3.685219173529447
2026-02-09,F08_LightGBM,808.9754869693478,0.0,0,143.850054989164,1587.6,281.67270566,0.0001743400000128765,0.0,129.17561498113935,1883.9469713280246,56.0,1.7416,1.741599,0.0,1.0000000000738585e-06,0.0,2.048939998915347,4.0,4.0,1,0,0,0,5,5,4.311275916687973,8.0,4.399999999,-1.000000082740371e-09,0.4219544457292888,1976.6077722633318,1856.412648160914,120.19512410241782
2026-02-10,F08_LightGBM,939.9833579381241,0.0,0,0.0,2152.2,516.0085295200001,5.484999996047263e-05,0.0,221.8728180153314,2446.335656654669,64.0,2.9252000000000002,2.925199000000001,0.0,9.999999992793551e-07,0.0,3.4414105882352954,4.0,4.0,0,0,0,0,3,3,4.2830749581715475,7.032234175171576,4.400000000000001,8.881784197001252e-16,0.0,2614.6546973904037,2614.6546973904037,0.0
2026-02-11,F08_LightGBM,1435.988543428255,0.0,0,0.0,1470.16,706.0286902599998,5.8169999974427324e-05,0.0,246.79471004666948,1929.3939220433303,68.0,4.2636,4.263599000000001,0.0,9.999999995603803e-07,0.0,5.015998823529414,4.0,4.0,0,0,0,0,2,2,4.4,8.000000001,4.400000000000002,1.7763568394002505e-15,0.0,1890.8148684470657,1908.7272435828274,-17.91237513576175
2026-02-12,F08_LightGBM,1432.4646307429744,0.0,0,0.0,464.76,127.28125207000002,4.784999999058511e-05,0.0,59.76354054176471,532.2776636782353,68.0,1.0536,1.0535990000000002,0.0,9.999999998032416e-07,0.0,1.239528235294118,4.0,4.0,0,0,0,0,1,1,4.4,5.318049697488553,4.4,0.0,0.0,442.20623654923577,412.3048742068285,29.901362342407253
2026-02-13,F08_LightGBM,1010.9068009133392,0.0,0,55.336656139197316,247.39999999999998,71.6950405,0.00010253999999014135,0.0,11.126221661586685,363.30537243761063,60.0,0.544,0.5439990000000001,0.0,9.999999999038556e-07,0.0,0.6399988224447595,4.0,4.0,0,0,0,1,1,2,4.3160483867599835,8.0,4.399999999,-1.000000082740371e-09,0.4219544457292888,333.0319876036226,274.60135377929805,58.43063382432456
2026-02-14,F08_LightGBM,909.5240577635255,0.0,0,-4.47032294805274,692.8800000000001,425.72250574000014,2.6199999979301113e-05,0.0,102.67296224705883,1011.4591943448888,40.0,2.8820000000000006,2.8819990000000013,0.0,9.999999992099662e-07,0.0,3.390587058823529,4.0,4.0,0,0,0,0,5,5,4.290016733821743,8.0,4.3999999999999995,-8.881784197001252e-16,0.4219544457292888,735.8472706368924,688.0463582333653,47.80091240352715
2026-02-15,F08_LightGBM,665.6062769781184,0.0,0,-158.32363489241538,73.8,5560.4518138600015,627.9036748099994,0.0,613.4833762912724,4234.541127866314,40.0,11.98,10.810399000000006,1.1695999999999998,9.99999994644174e-07,0.0,12.718116470588235,4.0,4.0,2,0,0,1,15,16,3.84235991768227,8.000000001,4.399999999999995,-5.329070518200751e-15,0.4148795005781799,340.2676182641793,281.39586525392497,58.87175301025434
2026-02-16,F08_LightGBM,486.1850154779372,0.0,0,38.98065702061321,104.84,265.60498142000006,4.0159999987082194e-05,0.0,67.6091464000222,341.8164518805911,36.0,2.0684,2.0683990000000003,0.0,9.999999996783415e-07,0.0,2.4334105871506413,4.0,4.0,0,0,0,0,7,7,4.203027144300661,8.0,4.399999998999999,-1.0000009709187907e-09,0.4148795005781799,217.54682950901093,174.29089195632093,43.25593755269
2026-02-17,F08_LightGBM,363.6291965055078,8.881784197001252e-16,0,106.39209883521715,879.5600000000001,226.52980467000006,0.00010712999996554072,0.0,52.42499947474529,1160.0567969004717,20.0,1.4520000000000002,1.4519990000000005,0.0,9.999999996783415e-07,0.0,1.7082341165624066,4.0,4.0,0,0,0,0,0,0,0.0,8.0,4.399999999000001,-9.999991945619513e-10,0.9219544457292888,1137.8060024175509,1072.7211010636024,65.08490135394845
2026-02-18,F08_LightGBM,488.78721539263677,8.881784197001252e-16,0,349.2029933415901,814.4,1027.0829713399999,0.00012117000009092604,0.0,160.5501555719871,2030.135687939603,20.0,2.9036,2.9035989999999994,0.0,1.0000000007504006e-06,0.0,3.41599882352941,4.0,4.0,1,0,0,0,1,1,0.0,8.0,4.400000000000001,8.881784197001252e-16,0.9219544457292888,8241.524397405281,7997.424835266695,244.0995621385864
2026-02-19,F08_LightGBM,810.1768530082188,0.0,0,48.40903060525761,190.59999999999997,7934.709001090002,6.959999977018683e-05,0.0,774.1460930155167,7399.571869079744,40.0,8.52,8.519999000000004,0.0,9.999999966980866e-07,0.0,10.02352823420947,4.0,4.0,0,0,0,1,16,17,3.7555000837565755,8.0,4.399999999000002,-9.999983063835316e-10,0.4148795005781799,4198.875797871727,3647.7628315212582,551.1129663504685
2026-02-20,F08_LightGBM,352.0370208267613,1.7763568394002505e-15,0,80.87378373276931,92.16,0.0,0.0,0.0,0.0,173.0337837327693,16.0,0.0,0.0,0.0,0.0,0.0,0.0,4.0,4.0,0,0,0,0,0,0,0.6507913734559692,8.0,4.400000000000002,1.7763568394002505e-15,0.8469544457292886,333.53932218607116,225.2570219068139,108.28230027925727
2026-02-21,F08_LightGBM,425.53091881182036,0.0,0,109.56978652429076,39.08,182.44246828,0.00010971999994833892,0.0,84.06776603155868,247.02437905273212,16.0,1.6828000000000003,1.6827990000000006,0.0,9.999999995291553e-07,0.0,1.9797635283271127,4.0,4.0,0,0,0,0,1,1,2.8702074961151256,8.0,4.399999999,-1.000000082740371e-09,0.4148795005781799,430.8057681892741,317.73180373973173,113.07396444954236
2026-02-22,F08_LightGBM,574.0468616112921,0.0,0,9.647751417814334,328.64,3955.569690288684,1926.3274149560186,0.0,722.5885045973423,1644.9415221531376,48.0,17.1068,11.441144383308735,3.2756,2.390055616691265,0.0,13.460169861631506,4.0,4.0,8,0,0,1,21,22,3.502210375591793,8.0,4.399999999,-1.000000082740371e-09,0.4148795005781799,1945.6037301623967,1832.1455000281533,113.45823013424342
2026-02-23,F08_LightGBM,909.9414337705837,0.0,0,100.7926428231211,221.16,2347.065619779999,4.016000004574138e-05,0.0,613.4768569906792,2055.541365452441,60.0,10.2692,10.269198999999999,0.0,1.0000000011389787e-06,0.0,12.08141058715064,4.0,4.0,1,0,0,0,15,15,4.273530017027524,8.0,4.399999999000002,-9.999983063835316e-10,0.42500000000000004,439.03056287468445,393.71566575692447,45.31489711775998
2026-02-24,F08_LightGBM,397.14136727233074,0.0,0,165.67294571362362,1059.76,1327.7254292500004,0.0001989699999104579,0.0,230.11857232776924,2323.039603665855,28.0,2.9808,2.980799,0.0,9.99999999549972e-07,0.0,3.506822351856524,4.0,4.0,0,0,0,0,1,1,3.6613908436268767,8.0,4.399999999,-1.000000082740371e-09,0.5,1797.6759181716818,1735.4452082647429,62.230709906938955
2026-02-25,F08_LightGBM,846.4576742601259,0.0,0,86.18049862892434,1112.44,525.4431265875699,0.0007026600002834923,0.0,87.57726186899488,1636.4856606874991,52.0,2.9962604305190292,2.996259430519029,0.0,1.000000000403456e-06,0.0,3.525011093643616,4.0,4.0,1,0,0,0,8,8,3.5580271849680267,8.0,4.399999999,-1.000000082740371e-09,0.4219544457292888,1384.0414658297962,1310.2112309195152,73.83023491028098
2026-02-26,F08_LightGBM,782.6578456983265,0.0,0,-15.530065828936273,173.4,176.07090990431078,3.083000000217009e-05,0.0,12.720003646985441,321.22080959838905,52.0,1.5850760082405548,1.5850750082405547,0.0,1.000000000070389e-06,0.0,1.8647941262571779,4.0,4.0,1,0,0,0,3,3,3.843146613546086,8.000000001,4.399999999000001,-9.999991945619513e-10,0.4219544457292888,506.19218824233224,396.51902247333436,109.67316576899788
2026-02-27,F08_LightGBM,236.21395075490628,0.0,0,51.91895163365887,1101.52,52.15047667425196,5.383000000154791e-05,0.0,19.591603326748185,1185.9977711511626,12.0,0.5693296446052352,0.5693286446052351,0.0,1.0000000000287557e-06,0.0,0.6697984043332713,4.0,4.0,1,0,0,0,0,0,4.338609155373122,8.0,4.399999999,-1.000000082740371e-09,0.4219544457292888,3318.607965755418,3252.7092256190904,65.89874013632743
2026-02-28,F08_LightGBM,639.4418883097569,8.881784197001252e-16,0,-46.71126123685446,2038.1999999999998,6339.931044661041,10.859122000000028,0.0,240.83664263856224,8079.724018785624,48.0,8.62652517164038,8.371978717094922,0.25454545454545463,1.0000000010279564e-06,0.0,9.849386723824722,4.0,4.0,4,0,0,0,10,10,0.06139084362687708,8.0,4.399999997999999,-2.0000010536591617e-09,0.9219544457292888,8504.931704118164,8507.799110435424,-2.8674063172602473
2026-03-01,F08_LightGBM,1533.7043708268834,0.0,0,0.0,741.7200000000001,728.3969296626394,-4.844101122448973,0.0,-45.93899217671603,1520.9000229618046,68.0,7.680436420722135,7.318394604395603,0.3620408163265305,1.0000000011528565e-06,0.0,8.6098760051713,4.0,4.0,2,0,0,0,4,4,3.784351835646457,7.525268066569008,4.400000000000003,2.6645352591003757e-15,0.0,1363.9377990084809,1262.3141012053486,101.62369780313225
2026-03-02,F08_LightGBM,525.6825503913888,0.0,0,30.684547995309828,1448.44,56.35592931937073,0.00010854999999860212,0.0,5.308988377250209,1530.1713803874304,28.0,0.5761264261877692,0.5761254261877693,0.0,9.999999999871223e-07,0.0,0.6777946179597821,4.0,4.0,0,0,0,1,1,2,4.338609154373123,8.0,4.399999999,-1.000000082740371e-09,0.4219544457292888,2035.3214058630356,1946.5081938140345,88.8132120490011
2026-03-03,F08_LightGBM,1258.3559045859793,0.0,0,23.91312726345224,1955.8400000000001,364.55206182498387,3.14999999746358e-05,0.0,-202.34814760312324,2546.65330519156,60.0,2.988750217539372,2.9887492175393726,0.0,9.999999991947874e-07,0.0,3.5161755489616677,4.0,4.0,0,0,0,1,1,2,4.168861071130025,8.0,4.399999998999999,-1.0000009709187907e-09,0.4148795005781799,2578.3715500390135,2457.493378989697,120.87817104931673
2026-03-04,F08_LightGBM,1456.3593418272956,0.0,0,72.03282568968305,4010.0800000000004,4174.930974874242,0.32007833000007846,0.0,177.1484839404652,8079.575238293461,64.0,7.4468667068295415,7.441365706829539,0.00550000000000006,1.0000000022492017e-06,0.0,8.75454788930304,4.0,4.0,2,0,0,1,13,14,4.232855556186528,8.0,4.399999999,-1.000000082740371e-09,0.4219544457292888,8580.03996277166,8573.901455209585,6.138507562074665
2026-03-05,F08_LightGBM,1418.5753278159448,0.0,0,154.24839228271077,3845.88,993.0367134306971,2.3700000038012064e-05,0.0,382.5410218802954,4610.624060133112,60.0,7.1657033305013575,7.1657023305013565,0.0,1.0000000016038846e-06,0.0,8.430238035883947,4.0,4.0,1,0,0,0,10,10,4.146106033074604,8.0,4.3999999999999995,-8.881784197001252e-16,0.4219544457292888,4749.249925647245,4679.8962222909095,69.35370335633525
2026-03-06,F08_LightGBM,1512.600943956051,0.0,0,137.49580265091902,3452.5599999999995,1786.3727560623072,2.650283539999573,0.0,1105.9690632955326,4267.809211877693,60.0,11.983559678487781,11.93405867848779,0.04949999999999988,9.999999921461722e-07,0.0,14.040069032430385,4.0,4.0,1,0,0,0,28,28,4.086261478951419,8.000000000000002,4.399999998999992,-1.0000080763461483e-09,0.4219544457292888,4414.799492038252,4297.043854011947,117.75563802630495
2026-03-07,F08_LightGBM,1628.2845355918078,0.0,0,2.396691516097153,1758.04,11847.136786414145,2946.676634290579,0.0,1943.8416790858628,8717.0551645538,68.0,25.01131044445617,17.797218771172503,4.672807228915662,2.5412844443680056,0.0,20.937904436673534,4.0,4.0,13,0,0,0,26,26,3.7019182616753676,8.000000001,4.400000000000002,1.7763568394002505e-15,0.007074945151108862,2288.587210533143,2158.685353730812,129.90185680233117
2026-03-08,F08_LightGBM,1695.5904048374327,0.0,0,-102.53041281666722,1473.5200000000002,4912.863645959258,7.27550774206914,0.0,851.7207621415756,5424.856963258947,60.0,13.596793964364995,13.460241240227058,0.13655172413793104,1.0000000054688485e-06,0.0,15.835577929678902,4.0,4.0,2,0,0,1,23,24,3.6634131054125563,8.000000001000004,4.4000000000000075,7.105427357601002e-15,0.4219544457292888,5201.914537672917,5068.980468021691,132.9340696512254
2026-03-09,F08_LightGBM,1157.8450181093135,-1.7763568394002505e-15,0,326.3162902230698,3379.76,1018.0645594871321,8.465000001271327e-05,0.0,484.91821903895976,4239.222546021242,32.0,4.7783618729038375,4.778360872903837,0.0,1.0000000001501863e-06,0.0,5.621601026945689,4.0,4.0,1,0,0,1,6,7,1.0000017897082714e-09,8.000000001,4.399999999999998,-2.6645352591003757e-15,1.3368339463074688,5123.299824151933,5108.648287587994,14.651536563938862
2026-03-10,F08_LightGBM,2051.395944801803,0.0,0,-108.56640218938082,4315.679999999999,2227.864119827661,0.0001913800003348387,0.0,547.0549099893265,5887.922616268952,60.0,7.651257638020535,7.651256638020534,0.0,1.0000000017496014e-06,0.0,9.001478397671214,4.0,4.0,1,0,0,0,6,6,3.998028336597833,8.000000001,4.399999999999998,-2.6645352591003757e-15,0.42195444572928875,5919.564422911923,5894.701651566642,24.862771345281544
2026-03-11,F08_LightGBM,1862.1974023323633,0.0,0,73.61972485872701,2300.8,1068.1735952485838,305.8119423098902,0.0,82.63610368235481,3054.145274115066,52.0,6.178901143062605,5.310768274930736,0.8681318681318684,1.0000000008059118e-06,0.0,6.247962675304447,4.0,4.0,3,0,0,1,5,6,3.4586036359245167,8.0,4.399999999,-1.000000082740371e-09,0.4219544457292888,3452.6903145582005,3361.1826164912645,91.50769806693597
2026-03-12,F08_LightGBM,1730.9889066212036,0.0,0,40.53186315173821,411.47999999999996,148.4913650173732,0.0001023700000444983,0.0,-190.118475321711,790.6216011208223,48.0,2.718623328322159,2.7186223283221587,0.0,1.000000000434681e-06,0.0,3.198379208706122,4.0,4.0,1,0,0,1,1,2,4.2805802569066325,8.0,4.399999998999999,-1.0000009709187907e-09,0.4219544457292888,1212.2804630683056,1074.908915705636,137.37154736266962
2026-03-13,F08_LightGBM,762.349291504257,8.881784197001252e-16,0,412.6916920914026,1965.04,688.2771584780345,211.01001370085098,0.0,555.7005453667996,2299.2982915017865,28.0,5.597496428670261,4.686431598883028,0.911063829787234,9.999999992793551e-07,0.0,5.513448938777733,4.0,4.0,2,0,0,1,4,5,3.2973851268534737,8.0,4.399999999000001,-9.999991945619513e-10,0.9148795005781799,2574.5697826846213,2542.4890037294513,32.08077895516999
2026-03-14,F08_LightGBM,1218.8871085191222,8.881784197001252e-16,0,18.21550641935614,1523.4799999999998,1399.2816774530993,0.00039282999974961873,0.0,600.2983009299091,2340.6784901125466,40.0,4.928144419382438,4.9281434193824385,0.0,9.999999993626218e-07,0.0,5.797815786424101,4.0,4.0,0,0,0,1,10,11,3.4780455532707144,8.0,4.399999999000003,-9.99997418205112e-10,0.8368339463074688,2360.0829004986585,2354.5851336636088,5.497766835049788
2026-03-15,F08_LightGBM,1260.8382890739674,8.881784197001252e-16,0,-53.84003147178338,1119.1599999999999,422.09740986958946,8.286000005182897e-05,0.0,113.68563882248287,1373.7316567153232,36.0,2.334211727266968,2.334210727266967,0.0,1.0000000006255005e-06,0.0,2.7461302673729024,4.0,4.0,1,0,0,1,5,6,3.8381194129059395,8.000000001,4.400000000000001,8.881784197001252e-16,0.8368339463074688,1801.8464690704718,1713.6327324930403,88.21373657743152
2026-03-16,F08_LightGBM,1208.308039880308,-8.881784197001252e-16,0,861.238141648933,2210.96,471.8101101508067,7.577000004791993e-05,0.0,219.1188233336394,3324.8893526961006,24.0,2.439318500081041,2.4393175000810405,0.0,1.0000000006324394e-06,0.0,2.869785293128335,4.0,4.0,1,0,0,0,5,5,0.0,8.0,4.3999999989999985,-1.0000018590972104e-09,1.3368339463074685,5292.719509571341,5150.054988444339,142.66452112700244
2026-03-17,F08_LightGBM,1757.0825180197075,0.0,0,25.14864340452459,2039.1599999999999,1059.6977051797508,8.698999999706892e-05,0.0,207.33402694055619,2916.672234653719,44.0,4.210922000012669,4.210921000012668,0.0,9.999999999663056e-07,0.0,4.9540247058972575,4.0,4.0,0,0,0,0,4,4,-1.000000082740371e-09,8.000000001,4.400000000000001,8.881784197001252e-16,1.2648795005781799,2656.2809707357837,2547.1730893547715,109.10788138101225
2026-03-18,F08_LightGBM,1218.7661638893244,8.881784197001252e-16,0,531.1206887660443,1112.44,488.0886513982375,0.0001763299999671409,0.0,168.4594711452753,1963.1896926890065,36.0,3.2961637956845355,3.2961627956845354,0.0,9.9999999981365e-07,0.0,3.877838582073624,4.0,4.0,0,0,0,0,10,10,4.190408035775604,8.0,4.399999999,-1.000000082740371e-09,0.8368339463074688,2253.401403730957,2159.9715295864185,93.42987414453864
2026-03-19,F08_LightGBM,1363.3296855677047,-8.881784197001252e-16,0,549.4022690682415,1394.52,477.1077631536517,8.54000000071964e-05,0.0,130.2431869159365,2290.786759905957,36.0,2.617784167573433,2.6177831675734327,0.0,1.0000000000842668e-06,0.0,3.07974489977361,4.0,4.0,1,0,0,0,6,6,-2.0000001099695908e-09,8.0,4.399999996999998,-3.0000020245779524e-09,1.3368339463074688,2510.146363528465,2396.5889876857727,113.55737584269218
2026-03-20,F08_LightGBM,1615.6121059586476,-1.7763568394002505e-15,0,407.87981231477625,1389.28,778.254485808515,0.00020943000013971786,0.0,300.84277591439263,2274.5713127788986,36.0,2.377786584283694,2.3777855842836932,0.0,1.000000000667134e-06,0.0,2.7973948017856816,4.0,4.0,1,0,0,0,8,8,-1.999999096891081e-09,8.0,4.399999996999998,-3.0000020245779524e-09,1.3368339463074688,2544.3681998254856,2354.709126693857,189.6590731316287
2026-03-21,F08_LightGBM,1265.2789108399043,0.0,0,218.13444073735616,1564.52,1804.9103267475411,40.66614714999998,0.0,603.8869802014042,2943.011640133493,40.0,8.011264994996901,7.412263994996901,0.599,9.999999995291553e-07,0.0,8.720310581264645,4.0,4.0,1,0,0,0,11,11,2.5560911075414228,8.0,4.399999999,-1.000000082740371e-09,0.8368339463074688,3125.511901446297,3108.368776587618,17.14312485867913
2026-03-22,F08_LightGBM,1302.044179850429,0.0,0,368.0839027625222,847.64,763.2566465373327,174.8200291738114,0.0,616.0181915304163,1188.142328595627,40.0,7.643276293463799,6.230543207220536,0.5649565217391304,0.8477765645041324,0.0,7.330050828770203,4.0,4.0,4,0,0,1,16,17,0.6243644321656914,8.0,4.399999997,-3.000000248221113e-09,1.2648795005781799,1680.3622645755618,1609.909803645649,70.45246092991283
2026-03-23,F08_LightGBM,1031.9545106243945,0.0,0,535.4289132236186,3489.76,1026.9136071188932,0.00021739999996250455,0.0,720.2508355352539,4331.8514674072585,28.0,3.8086114204267556,3.8086104204267555,0.0,9.999999998275277e-07,0.0,4.4807181405938845,4.0,4.0,0,0,0,0,10,10,0.5738323961091105,8.0,4.399999999000001,-9.999991945619513e-10,1.2719544457292886,6150.436594525901,6095.912493694076,54.5241008318244
2026-03-24,F08_LightGBM,2105.8784763642566,0.0,0,-191.33189630185245,1387.04,1324.0009159516153,78.54300421751594,0.0,467.19579418236395,1973.9702212498833,60.0,13.017938823925316,10.07257867131895,2.6025,0.3428601526063678,0.0,11.850092552323584,4.0,4.0,5,0,0,1,16,17,3.71721015233586,8.0,4.399999998000005,-1.9999957245886435e-09,0.4219544457292888,2944.2308498549214,3232.548154353671,-288.31730449874976
2026-03-25,F08_LightGBM,1304.9620260817628,8.881784197001252e-16,0,187.1834508267874,566.8000000000001,689.2198007041357,410.9635354232092,0.0,183.98155936625824,848.2581567414558,48.0,18.690150118203306,10.345708453816687,5.3975,2.946941664386623,0.0,12.17142170928792,4.0,4.0,9,0,0,1,14,15,3.443391387569984,8.0,4.399999999,-1.000000082740371e-09,0.8368339463074688,1056.9745407621924,1080.0537544552478,-23.079213693055408
2026-03-26,F08_LightGBM,1016.6534624618939,1.7763568394002505e-15,0,548.1759278538076,1093.52,250.90107981995578,0.0002341499999409311,0.0,52.82776841981839,1839.7690051039451,28.0,1.3086429562594268,1.3086419562594271,0.0,9.999999997477305e-07,0.0,1.5395787709852613,4.0,4.0,0,0,0,0,0,0,4.208761998700785,8.0,4.399999999000002,-9.999983063835316e-10,0.8398795005781797,2113.892722357187,2023.7674420090457,90.12528034814113
2026-03-27,F08_LightGBM,719.7088500855739,-8.881784197001252e-16,0,313.5473339180277,2173.44,239.81088363939108,3.974999999459229e-05,0.0,-9.735509843220388,2736.5336876506394,28.0,1.6277314597970336,1.6277304597970337,0.0,9.99999999863957e-07,0.0,1.9149770093566176,4.0,4.0,0,0,0,0,1,1,-9.999999994736442e-10,8.0,4.399999998,-2.000000165480742e-09,1.3368339463074688,3237.3175211646308,3211.6918509707475,25.625670193883252
2026-03-28,F08_LightGBM,1610.170813240994,0.0,0,303.02704831171434,911.76,1166.8297536674909,79.07033797000001,0.0,539.5243333673257,1763.0221306418798,44.0,10.936721662604615,9.614220662604616,1.3225,1.0000000005838672e-06,0.0,11.31084783727372,4.0,4.0,4,0,0,1,15,16,0.6243644341656907,8.0,4.399999999000002,-9.999983063835316e-10,1.2648795005781799,1904.8650734586986,1859.405682006375,45.45939145232364
2026-03-29,F08_LightGBM,1088.915890573985,-1.7763568394002505e-15,0,235.1078685466565,259.04,327.06316000215236,0.00010768999997918471,0.0,13.399570951916036,807.8113499068928,28.0,3.1456998250100954,3.1456988250100957,0.0,9.99999999806711e-07,0.0,3.700822144901396,4.0,4.0,0,0,0,2,3,5,-1.0000000272292198e-09,8.0,4.399999997999998,-2.0000019418375814e-09,1.3368339463074688,1840.771001544731,1757.5311174005067,83.23988414422433
2026-03-30,F08_LightGBM,1288.1677569186952,-1.7763568394002505e-15,0,859.1744404685735,905.48,208.88063976457698,0.00012968999998933084,0.0,90.55083249211866,1882.9841180510318,28.0,1.4477313733058093,1.4477303733058093,0.0,9.999999999177334e-07,0.0,1.703212200635229,4.0,4.0,0,0,0,1,4,5,-1.9999991107688686e-09,8.0,4.399999996999997,-3.000002912756372e-09,1.3368339463074688,2215.5964401366805,2157.550431934322,58.04600820235828
2026-03-31,F08_LightGBM,945.537898423606,8.881784197001252e-16,0,301.5323475472635,1371.6,329.17236202276376,0.00011800000002959443,0.0,80.85926848194694,1921.4453230880804,32.0,2.1252924539004856,2.1252914539004855,0.0,1.0000000002508003e-06,0.0,2.5003428847724427,4.0,4.0,1,0,0,0,4,4,-9.999999717180685e-10,7.999999999,4.399999998000001,-1.9999992773023223e-09,0.9219544457292888,2353.8278053623453,2314.716475233252,39.1113301290934
2026-04-01,F08_LightGBM,1313.0364409615402,0.0,0,232.51482844747326,1738.4799999999998,652.0620677121899,0.00022738999969412738,0.0,194.40179341779913,2428.654875351864,40.0,4.063214749515977,4.0632137495159775,0.0,9.999999986548547e-07,0.0,4.780251470018795,4.0,4.0,0,0,0,1,6,7,9.999999717180685e-10,8.000000001,4.3999999999999995,-8.881784197001252e-16,1.3368339463074688,3333.146557596788,3309.057824000769,24.08873359601921
2026-04-02,F08_LightGBM,1244.6864087702404,-8.881784197001252e-16,0,263.1278181449027,1445.84,410.5924653038144,0.0002676400001414092,0.0,207.48725052913622,1912.072765279581,36.0,2.370413540654575,2.3704125406545744,0.0,1.000000000528356e-06,0.0,2.7887206349795526,4.0,4.0,1,0,0,1,1,2,-2.0000000544584395e-09,8.0,4.399999998999999,-1.0000009709187907e-09,1.3368339463074688,2331.8192125440382,2288.714925812758,43.104286731280354
2026-04-03,F08_LightGBM,1328.1709532794923,1.7763568394002505e-15,0,196.30926105546578,445.64,196.0074403693809,0.5937827596970194,0.0,-53.52644609651395,890.8893647616636,40.0,2.57630736940493,2.2571144502130105,0.319191919191919,1.0000000005838672e-06,0.0,2.6554287617025274,4.0,4.0,2,0,0,0,4,4,3.1644558173849373,8.0,4.399999997000003,-2.999997583685854e-09,0.8398795005781797,1136.2792053227997,1102.1571116662453,34.1220936565544
2026-04-04,F08_LightGBM,1116.655038372761,0.0,0,182.48758463419148,619.32,551.32974914278,2.3210000017738902e-05,0.0,-102.06279552832845,1455.2001060952998,36.0,5.134103482605413,5.134102482605412,0.0,1.0000000007642784e-06,0.0,6.040120566686419,4.0,4.0,1,0,0,0,7,7,0.6243644341656918,8.0,4.3999999989999985,-1.0000018590972104e-09,1.2648795005781799,1355.621622378802,1313.9658774704942,41.655744908307724
2026-04-05,F08_LightGBM,1190.3112486967527,-1.7763568394002505e-15,0,289.5186485702686,12.399999999999999,1048.9443181867168,734.8333900989661,0.0,230.91431460887816,385.11526204914105,20.0,14.4785,7.363031739285523,6.124499999999999,0.990968260714477,0.0,8.662390280427726,4.0,4.0,6,0,0,0,10,10,0.0,8.0,4.399999998999996,-1.0000045236324695e-09,1.3368339463074685,443.5262536345526,359.30722283897865,84.21903079557393
2026-04-06,F08_LightGBM,747.6481344396415,8.881784197001252e-16,0,383.5684434377245,65.28,1376.4684760009995,-54.1739832927472,0.0,-248.8576625167866,2128.3485652482577,20.0,11.326566869300912,6.642652231941314,2.7535000000000003,1.9304146373595974,0.0,7.814884977669834,4.0,4.0,5,0,0,1,11,12,3.2275299259895665,8.0,4.399999999000002,-9.999983063835316e-10,0.9249999999999998,1573.894809117031,1565.8596958968826,8.035113220148332
2026-04-07,F08_LightGBM,753.7423608897911,-1.7763568394002505e-15,0,1054.4108492291575,1088.92,211.1901014111661,4.474999999756063e-05,0.0,39.00938552738906,2315.5115203629343,16.0,1.410412345230527,1.4104113452305271,0.0,9.99999999945489e-07,0.0,1.659307461723133,4.0,4.0,0,0,0,0,5,5,-1.9999999989472883e-09,8.0,4.399999996999997,-3.000002912756372e-09,1.3368339463074688,2559.75872870138,2579.0998395888632,-19.34111088748341
2026-04-08,F08_LightGBM,996.4924122948752,0.0,0,411.82778085397746,1511.48,914.5536593123529,3.100000004563341e-07,0.0,138.4735654128543,2699.387874443476,36.0,7.0769798839943805,7.076978883994379,0.0,1.0000000014720456e-06,0.0,8.32585750949697,4.0,4.0,1,0,0,1,14,15,0.5777243837346805,8.0,4.399999998999999,-1.0000009709187907e-09,1.2648795005781799,2753.218385509382,2694.4326558035527,58.78572970582945
2026-04-09,F08_LightGBM,1603.9411203256673,-8.881784197001252e-16,0,332.5365457983869,451.9200000000001,854.7149697796062,-15.32812197947356,0.0,-29.887908731694303,1684.387546289161,36.0,5.070295053895034,3.9246800188073143,1.145614035087719,1.0000000006393783e-06,0.0,4.617270609276893,4.0,4.0,2,0,0,1,5,6,8.326672684688674e-16,8.0,4.399999998999999,-1.0000009709187907e-09,1.3368339463074688,1527.5633647829486,1390.940906386859,136.62245839608954
2026-04-10,F08_LightGBM,1193.0758151481434,-5.329070518200751e-15,0,285.70373691228446,984.0799999999999,246.10749087666997,0.00014999999998766,0.0,122.94951546437665,1392.9415623245777,24.0,1.460574037799724,1.460573037799724,0.0,9.999999999177334e-07,0.0,1.7183212198561992,4.0,4.0,0,0,0,1,4,5,-2.000000026702864e-09,8.0,4.399999998999995,-1.0000054118108892e-09,1.8368339463074688,1868.8159106606097,1897.6738576763476,-28.857947015737864
2026-04-11,F08_LightGBM,1404.5432649711684,1.7763568394002505e-15,0,101.8551691362262,71.0,1112.7769484163402,-3.913657610000013,0.0,-203.46898095214743,1493.0147561147137,40.0,9.444189713836717,9.151688713836716,0.2925,1.0000000016940902e-06,0.0,10.766692604513782,4.0,4.0,2,0,0,0,9,9,2.11671948494576,8.000000001,4.400000000000001,8.881784197001252e-16,0.8398795005781798,834.8675143885432,734.9328553503886,99.93465903815456
2026-04-12,F08_LightGBM,898.7863745483019,-8.881784197001252e-16,0,596.8969900216957,758.1600000000001,1138.3224381024745,118.5126697675169,0.0,492.30266568887464,1882.5640926677788,28.0,13.367129014695976,7.883081398029804,3.5869999999999997,1.8970476166661714,0.0,9.274213406192871,4.0,4.0,7,0,0,1,13,14,-2.000000609569952e-09,8.0,4.399999996999999,-3.0000011363995327e-09,1.4219544457292888,1808.8647783669142,1761.3307465209393,47.53403184597482
2026-04-13,F08_LightGBM,1011.7628978732937,8.881784197001252e-16,0,111.0140371089334,1043.8799999999999,846.6477997677706,0.0003479900000583,0.0,696.4532997702155,1305.0881891164886,28.0,3.095369427015672,3.095368427015672,0.0,1.0000000001675335e-06,0.0,3.6416099130514317,4.0,4.0,1,0,0,1,2,3,3.6613908426268766,8.0,4.399999999,-1.000000082740371e-09,0.9219544457292888,2389.7928842637207,2373.121186307647,16.671697956073785
2026-04-14,F08_LightGBM,1522.889696159671,0.0,0,426.7641148255145,1291.2000000000003,661.7777500589809,0.00029369999989432014,0.0,464.62172980398026,1915.1198413805157,40.0,3.5524956056894634,3.552494605689464,0.0,9.999999996401776e-07,0.0,4.179405417373539,4.0,4.0,0,0,0,0,11,11,0.5841921251622368,8.0,4.399999998999999,-1.0000009709187907e-09,1.2719544457292886,2842.3022170102377,2771.7272759461275,70.57494106411013
2026-04-15,F08_LightGBM,1548.018835557882,0.0,0,278.17528761645303,2208.16,534.2493959400119,0.0001446199999559905,0.0,294.7199280955621,2725.8646108409025,44.0,3.2373656329427636,3.2373646329427634,0.0,9.999999996956888e-07,0.0,3.808664270796352,4.0,4.0,0,0,0,1,12,13,-2.0000000405806517e-09,8.0,4.399999996999999,-3.0000011363995327e-09,1.3368339463074688,2891.77508329364,2836.5695447096937,55.205538583946236
2026-04-16,F08_LightGBM,1660.8618041314369,8.881784197001252e-16,0,311.17331462474266,2515.96,538.1206369061736,0.00016418999993522427,0.0,329.8791835949811,3035.3746037459355,44.0,3.7354346925357538,3.7354336925357545,0.0,9.999999996054831e-07,0.0,4.394627873571475,4.0,4.0,0,0,0,1,7,8,4.3320355051361945,8.000000001,4.400000000000002,1.7763568394002505e-15,0.8368339463074688,3481.7187391902285,3413.542113208362,68.17662598186644
2026-04-17,F08_LightGBM,1471.7803560671746,1.7763568394002505e-15,0,312.9641725472511,1381.24,170.0931098018775,0.00014324000003592465,0.0,51.606674121761955,1812.6904649873668,36.0,1.2406542899461128,1.2406532899461127,0.0,1.0000000002508003e-06,0.0,1.4595921025649996,4.0,4.0,1,0,0,1,4,5,4.297934693532126,8.0,4.399999997000003,-2.999997583685854e-09,0.8398795005781798,1939.348764571517,1793.200747840307,146.14801673120996
2026-04-18,F08_LightGBM,1532.2830748674933,-8.881784197001252e-16,0,293.23736282467354,1109.08,285.1678295041655,5.6629999992197646e-05,0.0,50.779585468504614,1636.7055502303342,32.0,1.997096110507231,1.9970951105072308,0.0,9.999999998622222e-07,0.0,2.3495236561663146,4.0,4.0,0,0,0,1,4,5,-1.99999916628002e-09,8.0,4.399999996999999,-3.0000011363995327e-09,1.3368339463074688,1551.8525500932728,1510.5287655102654,41.32378458300741
2026-04-19,F08_LightGBM,1781.5285227922252,8.881784197001252e-16,0,468.6784549435456,941.04,2205.330089123515,0.00011932999998811308,0.0,79.7512328086548,3535.2971919284055,36.0,2.885265931291896,2.8852649312918963,0.0,9.999999999003861e-07,0.0,3.394429328762338,4.0,4.0,0,0,0,1,8,9,-9.999999717180685e-10,7.999999999000001,4.399999998000002,-1.9999983891239026e-09,0.9219544457292888,3683.8582278707063,3664.9060162770065,18.952211593699758
2026-04-20,F08_LightGBM,1366.2652564429877,-1.7763568394002505e-15,0,496.74984713961976,1716.28,247.99514717138987,6.634000002078103e-05,0.0,66.82383815058806,2394.2010898204217,32.0,2.0301384340734314,2.0301374340734313,0.0,1.0000000003132503e-06,0.0,2.3883969790935535,4.0,4.0,1,0,0,0,4,4,-1.0000000272292198e-09,8.0,4.399999997999997,-2.000003718194421e-09,1.3368339463074688,2826.2909266170936,2720.4583208972663,105.83260571982737
2026-04-21,F08_LightGBM,2041.5753727815406,-1.7763568394002505e-15,0,592.36534596747,2572.4,643.4060352496244,-0.433799289999738,0.0,136.60949212975058,3671.995688377344,44.0,6.9428684250946056,5.542867425094603,1.4,1.0000000013055121e-06,0.0,6.521020496857342,4.0,4.0,2,0,0,1,11,12,-1.99999916628002e-09,8.0,4.399999997,-3.000000248221113e-09,1.3368339463074688,3330.1160412864547,3301.459931108205,28.65611017824949
2026-04-22,F08_LightGBM,2236.147578068326,8.881784197001252e-16,0,442.93356184818896,3416.6,609.4884421814694,0.00010408000003115869,0.0,3.964901813025506,4465.0569981366325,48.0,3.454760786745547,3.454759786745547,0.0,1.0000000002993725e-06,0.0,4.0644232763548676,4.0,4.0,1,0,0,0,4,4,-9.999998051846148e-10,7.999999999,4.399999998000001,-1.9999992773023223e-09,0.9219544457292888,4674.739047246752,4669.022766459826,5.716280786926291
2026-04-23,F08_LightGBM,2567.1224541903225,-8.881784197001252e-16,0,423.35901437170446,3236.64,643.5449579934357,0.00010344000003724748,0.0,17.33523770135735,4286.2086312237825,40.0,2.5964017008634954,2.596400700863495,0.0,1.0000000003600878e-06,0.0,3.0545890587547535,4.0,4.0,1,0,0,1,6,7,-2.0000000544584395e-09,8.0,4.399999999,-1.000000082740371e-09,1.3368339463074688,5126.3242921033725,5117.939002175121,8.38528992825195
2026-04-24,F08_LightGBM,2403.024622324279,-1.7763568394002505e-15,0,397.32384744615365,3450.3999999999996,802.4116528286429,7.586000000639248e-05,0.0,-0.807315926247931,4650.942740341044,44.0,3.1362790963190914,3.1362780963190913,0.0,1.0000000000842668e-06,0.0,3.68973893684599,4.0,4.0,1,0,0,0,2,2,-1.0000000272292198e-09,8.000000001,4.399999999999999,-1.7763568394002505e-15,1.3469544457292888,5775.82602167631,5775.273609845712,0.5524118305984302
2026-04-25,F08_LightGBM,2530.66640460001,0.0,0,410.3313479827177,759.08,2547.2411376030036,-41.071535989385204,0.0,-122.32790035756283,3880.0519219326693,44.0,12.676358438970837,9.283903538261615,3.39245390070922,1.000000000916934e-06,0.0,10.922239456778374,4.0,4.0,4,0,0,0,16,16,0.09794652219241984,8.000000001000004,4.400000000000006,5.329070518200751e-15,1.2648795005781799,1553.00427505894,1520.5584436383099,32.44583142063016
2026-04-26,F08_LightGBM,1625.0155218821735,-8.881784197001252e-16,0,364.17678517340056,1171.92,1474.5641585762596,-0.023103081111117536,0.0,40.446541640932054,2970.237505189839,36.0,6.156045404786044,6.132933293674933,0.023111111111111082,9.999999991960884e-07,0.0,7.215215636363609,4.0,4.0,1,0,0,1,12,13,-1.999999721391532e-09,8.0,4.399999996999997,-3.000002912756372e-09,1.3368339463074688,3377.3600891789433,3376.1346384158887,1.2254507630545959
2026-04-27,F08_LightGBM,2056.012148887094,8.881784197001252e-16,0,548.2970524884128,2103.24,297.42255389805916,0.0001113699999991454,0.0,66.59590397601673,2882.3635910404546,40.0,2.067026864171324,2.067025864171324,0.0,9.999999999923265e-07,0.0,2.431795132149899,4.0,4.0,0,0,0,1,8,9,-1.000000082740371e-09,7.999999999,4.399999998,-2.000000165480742e-09,0.9219544457292888,2979.7826963841576,2967.969562436214,11.813133947943697
2026-04-28,F08_LightGBM,2564.4457057937307,8.881784197001252e-16,0,319.87453905528577,2421.84,542.8871125480615,-0.24878463888887653,0.0,56.81629135548575,3228.0341448867507,48.0,4.9194966927708315,4.421717914993053,0.4977777777777779,1.0000000001189613e-06,0.0,5.202021074293109,4.0,4.0,2,0,0,0,12,12,-9.999999162069173e-10,7.999999999,4.399999998,-2.000000165480742e-09,0.9219544457292888,3254.7545942168667,3238.765632325413,15.988961891453528
2026-04-29,F08_LightGBM,2270.214432749441,8.881784197001252e-16,0,426.6488494542818,908.28,1365.9689871083294,-9.999999979193319e-09,0.0,319.66907202021105,2381.2287645524,52.0,9.580148470619076,9.580147470619078,0.0,9.99999997919332e-07,0.0,11.27076173014009,4.0,4.0,0,0,0,1,18,19,0.2849887836005056,8.000000001000002,4.4,0.0,0.9219544457292888,2142.7245861833176,2095.256810702473,47.467775480844466
2026-04-30,F08_LightGBM,2047.802671843469,-8.881784197001252e-16,0,547.3429397319557,1233.6399999999999,812.7869482426045,0.0001420100002208699,0.0,335.2191426327597,2258.5506033317997,40.0,4.885640960065011,4.88563996006501,0.0,1.0000000015553123e-06,0.0,5.747811714469583,4.0,4.0,1,0,0,1,15,16,-2.0000009148812836e-09,8.0,4.399999996999998,-3.0000020245779524e-09,1.3368339463074688,2184.0741749695458,2162.565707180238,21.508467789307815
2026-05-01,F08_LightGBM,2178.2032770670066,8.881784197001252e-16,0,355.70919353815555,942.1999999999999,3469.6658160320467,0.1308597644447944,0.0,808.2191902348425,3959.2249595709154,44.0,9.515111206433827,9.485332428656047,0.029777777777777903,1.0000000025822686e-06,0.0,11.159214619778982,4.0,4.0,2,0,0,1,18,19,-1.0000010819410932e-09,7.999999999,4.399999997999998,-2.0000019418375814e-09,0.9219544457292888,3358.130153831147,3347.3709987160137,10.759155115133126
2026-05-02,F08_LightGBM,1881.5104770256175,-3.552713678800501e-15,0,409.1282141827886,1114.52,983.9523310729693,2.8996145066665777,0.0,192.33391257675697,2312.367018172334,40.0,5.78942900952247,5.184094676189138,0.6053333333333333,9.99999998696488e-07,0.0,6.098934909909731,4.0,4.0,1,0,0,0,14,14,-2.000000609569952e-09,8.0,4.399999996999994,-3.000006465470051e-09,1.7618339463074686,2376.2263626489553,2380.2942562382796,-4.067893589324285
2026-05-03,F08_LightGBM,2142.2519342263904,8.881784197001252e-16,0,258.75275403241557,597.3600000000001,612.8097047745537,0.00014007000012551915,0.0,179.30024116694742,1289.622077570022,40.0,2.5546054493156465,2.5546044493156455,0.0,1.0000000008961174e-06,0.0,3.005416997025573,4.0,4.0,1,0,0,1,16,17,-1.000000082740371e-09,7.999999999000001,4.399999998000002,-1.9999983891239026e-09,0.9219544457292888,1533.038462431977,1498.857407574739,34.181054857237996
2026-05-04,F08_LightGBM,1705.334028611538,0.0,0,63.49496494295056,1750.48,513.3909116259302,0.0001371099999240258,0.0,34.46751007632426,2292.8982293825566,48.0,3.012929385196495,3.012928385196495,0.0,9.999999994458886e-07,0.0,3.5446216296429354,4.0,4.0,0,0,0,1,5,6,3.793355817332663,8.000000001,4.4,0.0,1.2618339463074686,2926.328269530258,2890.0653498985166,36.26291963174117
2026-05-05,F08_LightGBM,2039.2411221207976,8.881784197001252e-16,0,-28.005995689191366,2117.08,959.4252924106902,0.00029443000019501966,0.0,443.9624103734817,2604.5365919180163,56.0,5.22501090116495,5.225009901164949,0.0,1.0000000006623634e-06,0.0,6.147070469789459,4.0,4.0,1,0,0,2,3,5,-1.0000011374522444e-09,7.999999998999999,4.399999998,-2.000000165480742e-09,0.9219544457292888,3543.066771957727,3541.503710385294,1.5630615724326162
2026-05-06,F08_LightGBM,1766.7184690346796,1.7763568394002505e-15,0,70.05620460407363,2698.08,834.9205857070315,8.445000010732056e-05,0.0,622.241283287407,2980.815422573698,56.0,5.540960951108437,5.5409599511084355,0.0,1.0000000012708177e-06,0.0,6.518776411984091,4.0,4.0,1,0,0,1,16,17,4.218092233362759,8.0,4.3999999989999985,-1.0000018590972104e-09,0.8398795005781797,3641.682848182134,3641.682848182134,0.0
2026-05-07,F08_LightGBM,1825.9952401676908,0.0,0,0.0,2411.12,1162.350682414398,2.949999995909003e-05,0.0,317.1480179402044,3256.3226349741935,68.0,5.421502168031369,5.421501168031369,0.0,9.999999986132213e-07,0.0,6.378236668272197,4.0,4.0,0,0,0,0,6,6,4.250872836877578,7.593315234169962,4.399999999999998,-2.6645352591003757e-15,0.0,3577.02244039605,3577.02244039605,0.0
2026-05-08,F08_LightGBM,2004.672842501639,0.0,0,0.0,1800.52,927.3440001791033,8.379000000124662e-05,0.0,318.1353065191802,2409.728609869923,72.0,5.177120031629602,5.177119031629603,0.0,1.0000000000148779e-06,0.0,6.090728272505416,4.0,4.0,1,0,0,0,5,5,4.328485734008253,6.2268316515712945,4.4,0.0,0.0,2766.472022310921,2766.472022310921,0.0
2026-05-09,F08_LightGBM,1920.330174783209,0.0,0,418.6350462210726,545.88,763.0486258060366,3.018717528889055,0.0,329.27510641194255,1395.2698480862778,68.0,13.23505523435919,10.987943123248076,2.2471111111111113,1.000000001118162e-06,0.0,12.926991909703622,4.0,4.0,5,0,0,1,15,16,3.7297576704287625,8.000000001,4.4,0.0,0.42195444572928875,1183.5239673253616,1181.003113205655,2.520854119706655
2026-05-10,F08_LightGBM,1551.4248397489641,8.881784197001252e-16,0,400.74383108395546,1444.8,452.24782942006334,0.00012114000005728043,0.0,334.17408655069005,1963.6174528133288,44.0,3.5860218003220763,3.586020800322076,0.0,1.0000000004728449e-06,0.0,4.218848000378912,4.0,4.0,1,0,0,1,12,13,-9.999999300847051e-10,8.000000001,4.400000000000001,8.881784197001252e-16,0.9219544457292888,2027.6498476734166,2000.6617074177536,26.988140255662984
2026-05-11,F08_LightGBM,1883.828489962347,8.881784197001252e-16,0,39.466735638464556,1273.48,6187.825541364315,2.037786898888977,0.0,248.7767106976917,7249.957779406199,40.0,4.979847205638736,4.962068427860958,0.01777777777777767,1.0000000010279564e-06,0.0,5.837727562189361,4.0,4.0,2,0,0,0,5,5,9.999997774290392e-10,8.000000001,4.4,0.0,0.9219544457292888,7998.186348152456,7993.381641545507,4.804706606949367
2026-05-12,F08_LightGBM,1435.8400896223986,0.0,0,24.517254019243637,1883.6799999999998,12625.763483100218,1324.6115780755558,0.0,1226.2046499049961,11983.14450913891,60.0,16.835933072026034,14.371487627581585,2.4644444444444447,1.0000000010279564e-06,0.0,16.907632501952513,4.0,4.0,6,0,0,1,22,23,3.4977866998680147,8.0,4.399999999000006,-9.999947536698528e-10,0.4219544457292888,8663.669190242133,8639.415664659486,24.253525582647853
2026-05-13,F08_LightGBM,1688.3813211509287,0.0,0,85.17701755987935,1851.6799999999998,6671.82132670588,3.0826232399999896,0.0,394.38329913201966,8211.21242189374,52.0,7.479819904011706,7.409152237345039,0.07066666666666666,9.999999999316111e-07,0.0,8.716649690994167,4.0,4.0,1,0,0,1,8,9,4.303418214438097,8.000000001000004,4.400000000000003,2.6645352591003757e-15,0.42195444572928875,12616.491339147895,12628.551217861283,-12.059878713387661
2026-05-14,F08_LightGBM,1925.952802477651,0.0,0,419.430705373519,1604.04,574.5631295902908,0.00014317999966234951,0.0,166.236392055613,2431.797299728197,60.0,4.802935803987216,4.802934803987217,0.0,9.999999976417762e-07,0.0,5.650511534102608,4.0,4.0,0,0,0,0,10,10,3.7551144306093422,8.000000001000002,4.400000000000001,8.881784197001252e-16,0.42195444572928875,2292.1885647727836,2190.4981922287434,101.6903725440402
2026-05-15,F08_LightGBM,1664.5491052443313,8.881784197001252e-16,0,314.63579944593,288.24,155.33699796410275,0.00026752000011814214,0.0,59.64338654745306,698.5691433425795,44.0,1.2104577397426741,1.210456739742674,0.0,1.0000000004416199e-06,0.0,1.4240667504691353,4.0,4.0,1,0,0,1,6,7,-1.000000006412538e-09,7.999999999,4.399999998000001,-1.9999992773023223e-09,0.9219544457292888,988.0657566152605,870.7191371651297,117.34661945013079
2026-05-16,F08_LightGBM,1225.1919096985798,8.881784197001252e-16,0,902.1099418979533,179.92000000000002,117.98452046620426,6.626000000650306e-05,0.0,17.37710557099311,1182.6372905331643,16.0,0.9693927728963643,0.9693917728963642,0.0,1.0000000000981446e-06,0.0,1.140460908205188,4.0,4.0,1,0,0,0,1,1,0.0,8.0,4.399999999000001,-9.999991945619513e-10,0.9219544457292888,1296.4086724892836,1244.6820614487285,51.7266110405551
2026-05-17,F08_LightGBM,1176.738571956344,-5.329070518200751e-15,0,605.0883364299174,157.16,1598.053198752639,8.917999997935904e-05,0.0,143.1169809185021,2217.184465084054,24.0,2.1889190868308916,2.1889180868308915,0.0,9.999999997685471e-07,0.0,2.575197747043502,4.0,4.0,0,0,0,0,4,4,-1.0000000001241655e-09,7.999999998999995,4.399999997999989,-2.000011711800198e-09,1.7719544457292886,1243.5862980227332,1158.9268510841137,84.65944693861957
2026-05-18,F08_LightGBM,955.122335546738,-1.7763568394002505e-15,0,265.3438606270704,255.67999999999998,160.63742635521632,0.00017396000001828032,0.0,103.24249035554482,578.4186226667418,28.0,1.0391924083449506,1.0391914083449505,0.0,1.0000000001050835e-06,0.0,1.2225781263799953,4.0,4.0,1,0,0,1,5,6,9.150666335777657e-16,8.0,4.3999999989999985,-1.0000018590972104e-09,1.3368339463074688,637.3156704717828,572.650095851323,64.66557462045978
2026-05-19,F08_LightGBM,894.3794539153255,-8.881784197001252e-16,0,155.15667258454627,1080.8400000000001,446.76672022598365,0.00015785000004397002,0.0,193.00086651226263,1489.7623684482674,28.0,2.457536767369793,2.4575357673697926,0.0,1.0000000002785558e-06,0.0,2.891218547677511,4.0,4.0,1,0,0,0,5,5,-9.999999994736442e-10,8.0,4.399999998,-2.000000165480742e-09,1.3368339463074688,2689.703952458396,2677.9261252632446,11.77782719515153
2026-05-20,F08_LightGBM,1739.2560169478008,0.0,0,287.6848214530854,617.2,2588.0297568193237,8.554122146774109,0.0,864.6442405601649,2619.7162155654696,52.0,10.236984858057063,10.136016116121581,0.10096774193548397,9.999999993071107e-07,0.0,11.924724842495978,4.0,4.0,1,0,0,0,17,17,4.063289404213072,8.000000001000002,4.400000000000001,8.881784197001252e-16,0.42500000000000004,1569.1045124717118,1514.7450311940433,54.359481277668465
2026-05-21,F08_LightGBM,1053.8680223466727,8.881784197001252e-16,0,678.0980721751841,683.5999999999999,454.1062900318125,0.0003334400000651172,0.0,256.6289782930105,1559.175050473986,28.0,2.2816208746915883,2.281619874691588,0.0,1.0000000001952891e-06,0.0,2.6842586739384453,4.0,4.0,1,0,0,0,9,9,-9.999999786569624e-10,7.999999999,4.399999998000001,-1.9999992773023223e-09,0.9219544457292888,1931.809606045473,1863.9082309662108,67.90137507926215
2026-05-22,F08_LightGBM,1365.4105207530909,8.881784197001252e-16,0,599.5202640405727,163.56,955.2417083375767,0.0002529200000072729,0.0,386.24328898388376,1332.0784304742656,32.0,4.443909695288557,4.443908695288557,0.0,1.0000000000287557e-06,0.0,5.228127874640762,4.0,4.0,1,0,0,0,8,8,-1.000000082740371e-09,7.999999999,4.399999998000001,-1.9999992773023223e-09,0.9219544457292888,1208.6511494399688,954.4585632177539,254.1925862222149
2026-05-23,F08_LightGBM,1272.2491354855922,8.881784197001252e-16,0,1041.5651675744623,181.04000000000002,1252.1099562113964,0.0,0.0,462.9660179371654,2011.7491058486935,20.0,5.139966446804144,5.139965446804144,0.0,1.0000000004728449e-06,0.0,6.047018171626105,4.0,4.0,1,0,0,1,10,11,0.0,8.0,4.399999999000001,-9.999991945619513e-10,0.9219544457292888,1974.5988342585702,1830.5263763345768,144.0724579239934
2026-05-24,F08_LightGBM,1264.438631633609,8.881784197001252e-16,0,1230.1330260075931,208.68,272.5621294070796,0.00012608999996031702,0.0,-27.939806464160476,1739.3148357888335,20.0,2.0195499180823635,2.019548918082364,0.0,9.999999996852804e-07,0.0,2.37593990362631,4.0,4.0,0,0,0,0,5,5,0.0,8.000000001,4.4,0.0,0.9219544457292888,1624.0058030512769,1511.746687151312,112.25911589996485
2026-05-25,F08_LightGBM,764.342981059769,8.881784197001252e-16,0,714.9340155217168,324.84000000000003,479.6753759035181,0.0002676900000058401,0.0,259.73716776663866,1259.7119559685962,20.0,2.545906541583042,2.545905541583042,0.0,1.0000000000218168e-06,0.0,2.9951829879283904,4.0,4.0,1,0,0,0,7,7,-1.0000000341681137e-09,7.999999999,4.399999998,-2.000000165480742e-09,0.9219544457292888,1796.953075611823,1708.190161673379,88.76291393844394
2026-05-26,F08_LightGBM,915.5838805790769,8.881784197001252e-16,0,744.4427599650002,359.0,1103.8355243158665,2.3229999992608468e-05,0.0,275.8666794049052,1931.4115816459614,20.0,4.347843071581705,4.347842071581706,0.0,9.99999999681811e-07,0.0,5.115108317338584,4.0,4.0,0,0,0,1,7,8,-9.999999994736442e-10,7.999999999,4.399999998,-2.000000165480742e-09,0.9219544457292888,1992.3892486663879,1934.4318953620043,57.95735330438356
2026-05-27,F08_LightGBM,1212.59249022822,0.0,0,670.3188056361676,806.6,165.689489879652,8.999999996261998e-05,0.0,19.859806979249555,1622.7483985365702,24.0,1.3817073076646877,1.381706307664688,0.0,9.999999995846665e-07,0.0,1.625536831462039,4.0,4.0,0,0,0,0,6,6,0.0,8.0,4.399999999,-1.000000082740371e-09,1.3368339463074688,1849.7058745031293,1832.154770197494,17.551104305635363
2026-05-28,F08_LightGBM,1061.924258890557,8.881784197001252e-16,0,1096.805978840152,688.6,632.4930143689699,9.403000005424856e-05,0.0,247.52727508280248,2170.371624096319,24.0,2.286698709786945,2.2866977097869445,0.0,1.0000000005769283e-06,0.0,2.690232597580042,4.0,4.0,1,0,0,0,4,4,-9.999999994736442e-10,7.999999999,4.399999998000001,-1.9999992773023223e-09,0.9219544457292888,2400.8169288820727,2303.9568838387413,96.86004504333141
2026-05-29,F08_LightGBM,1208.8600679921058,8.881784197001252e-16,0,790.5636995291042,205.64000000000001,69.9160022256403,0.0,0.0,-1.806112101543274,1067.9258138562877,20.0,0.41300088310467487,0.41300088310467487,0.0,0.0,0.0,0.4858833897185483,4.0,4.0,0,0,0,0,0,0,-9.999999717180685e-10,7.999999999,4.399999998000001,-1.9999992773023223e-09,0.9219544457292888,1404.1637304153505,1240.2030639402435,163.96066647510702
2026-05-30,F08_LightGBM,1228.7127956857967,8.881784197001252e-16,0,1058.1022834241087,647.9200000000001,132.71631541054705,9.299999999751174e-05,0.0,87.12221948114254,1751.6162863535133,16.0,0.8143469526694996,0.8143459526694997,0.0,9.999999999732445e-07,0.0,0.958054060879465,4.0,4.0,0,0,0,0,3,3,0.0,8.0,4.399999999000001,-9.999991945619513e-10,0.9219544457292888,1523.7438847830347,1500.7203203982228,23.023564384811834
2026-05-31,F08_LightGBM,1143.6935398812902,-3.552713678800501e-15,3,582.4781550921234,149.92,150.99467241020142,7.000000000589868e-05,0.0,82.18758157431756,801.2051759280071,24.0,0.9138455263412819,0.9138445263412818,0.0,1.0000000000842668e-06,0.0,1.075111205291023,4.0,4.0,1,0,0,0,2,5,-9.999999994736442e-10,7.999999998999996,4.399999997999993,-2.0000072709080996e-09,1.9972493399296734,1132.7630994127417,1060.007568939824,72.7555304729176
2026-06-01,F08_LightGBM,998.7568600259053,0.0,0,338.24992981899175,210.39999999999998,1001.7989209480188,8.556000001700578e-05,0.0,356.65587577709675,1193.7928894299137,20.0,3.5199390179600956,3.5199380179600954,0.0,1.0000000001987586e-06,0.0,4.141103548371985,4.0,4.0,1,0,0,0,4,4,-9.999999717180685e-10,7.999999998999999,4.399999998,-2.000000165480742e-09,1.3469544457292888,1217.0641969169867,1064.4755781520462,152.58861876494052
2026-06-02,F08_LightGBM,1152.2859070404538,8.881784197001252e-16,0,238.167747052257,142.12,123.6456700730431,0.0001642899999864844,0.0,14.633201443629776,489.30005139167037,20.0,0.6332501417981967,0.6332491417981968,0.0,9.999999999177334e-07,0.0,0.7449989892661675,4.0,4.0,0,0,0,0,2,2,0.0,8.0,4.399999999000001,-9.999991945619513e-10,0.9219544457292888,641.843473667128,600.2915526341284,41.551921032999644
2026-06-03,F08_LightGBM,991.3326451212841,-8.881784197001252e-16,0,192.07519880960285,184.88,208.03351780079666,0.00020000000001130225,0.0,36.21139967341915,548.7771169369803,24.0,1.279092033542977,1.2790910335429768,0.0,1.0000000000565112e-06,0.0,1.5048129806387958,4.0,4.0,1,0,0,0,2,2,0.3558527331545982,8.000000001,4.3999999999999995,-8.881784197001252e-16,1.275,1029.0729595404084,821.8651568783273,207.20780266208112
2026-06-04,F08_LightGBM,1221.3309017395843,-1.7763568394002505e-15,0,581.5277622329058,157.88,195.07954993203862,6.690000001677854e-06,0.0,15.418724697846564,919.068580777098,20.0,1.22957292690921,1.2295719269092098,0.0,1.0000000002508003e-06,0.0,1.446555207043828,4.0,4.0,1,0,0,0,3,3,0.0,8.0,4.399999998999997,-1.0000036354540498e-09,1.3368339463074685,2146.405967319027,2038.3268491105046,108.07911820852223
2026-06-05,F08_LightGBM,958.1560987814081,-8.881784197001252e-16,0,612.9594651438156,920.1600000000001,53.76778815907351,0.00010229999999051935,0.0,19.89892452936892,1566.9882264735202,16.0,0.3149752699407872,0.31497426994078725,0.0,9.99999999907325e-07,0.0,0.3705579635515669,4.0,4.0,0,0,0,0,6,6,0.0,8.0,4.3999999989999985,-1.0000018590972104e-09,1.3368339463074685,1901.4753458893942,1728.1075171685534,173.36782872084086
2026-06-06,F08_LightGBM,882.3554943154974,8.881784197001252e-16,0,470.11166805153925,777.52,2557.9878827774987,0.0001197000000989594,0.0,91.54897194457402,3714.0704591844637,24.0,2.29722300330587,2.2972220033058695,0.0,1.0000000008267285e-06,0.0,2.7026141215363175,4.0,4.0,1,0,0,1,5,6,9.999999925347502e-10,8.000000001,4.400000000000002,1.7763568394002505e-15,0.9219544457292888,1484.8517207640714,1363.352079013804,121.4996417502673
2026-06-07,F08_LightGBM,1011.2183300742307,8.881784197001252e-16,0,484.6076511395494,593.8399999999999,513.4580755456572,-0.7038631699999492,0.0,17.71884438962877,1574.8907454655778,24.0,4.6387273329760355,3.7102818885315902,0.9284444444444444,1.000000000372231e-06,0.0,4.365037513750214,4.0,4.0,3,0,0,1,4,5,-1.000000013351432e-09,7.999999999,4.399999998000002,-1.9999983891239026e-09,0.9219544457292888,1760.4962129991243,1728.3557832181968,32.140429780927434
2026-06-08,F08_LightGBM,1030.8198750302897,8.881784197001252e-16,0,283.43364584508856,841.3999999999999,1812.6281392991666,8.077000000792713e-05,0.0,190.98666533912726,2746.4750390351282,20.0,2.5739311053521376,2.5739301053521375,0.0,1.0000000000981446e-06,0.0,3.0281530629508566,4.0,4.0,1,0,0,0,4,4,-1.000000082740371e-09,7.999999999,4.399999998000001,-1.9999992773023223e-09,0.9219544457292888,3277.937221768913,3067.122524497655,210.81469727125796
2026-06-09,F08_LightGBM,1413.2866615852035,8.881784197001252e-16,0,847.8862381582471,610.44,168.41226562959238,3.1029999996747494e-05,0.0,16.687884573824444,1610.0505881840152,20.0,0.9690011227475342,0.9690001227475343,0.0,9.99999999895182e-07,0.0,1.1400001444088639,4.0,4.0,0,0,0,0,2,2,0.0,8.000000001,4.400000000000001,8.881784197001252e-16,0.9219544457292888,1922.542552993713,1826.7414777376518,95.80107525606104
2026-06-10,F08_LightGBM,1491.1342989588231,-8.881784197001252e-16,0,331.5770110865278,1153.6799999999998,193.93147174366416,6.713999997030923e-05,0.0,36.732033101945206,1642.4563825882465,24.0,1.0531829122592302,1.0531819122592307,0.0,9.999999995577782e-07,0.0,1.2390375416650825,4.000000000000001,4.000000000000001,0,0,0,0,4,4,-1.0000001660070978e-09,7.999999998999998,4.3999999979999975,-2.000002830016001e-09,1.3469544457292886,1686.0077309749258,1594.5233042402476,91.48442673467821
2026-06-11,F08_LightGBM,1066.9644533466203,1.7763568394002505e-15,0,607.3252908058839,431.52,122.73665475463865,0.00010282000000777249,0.0,25.854339144177146,1135.7275035963455,16.0,0.7020640728174394,0.7020630728174394,0.0,1.0000000000755932e-06,0.0,0.8259565540865066,4.000000000000001,4.000000000000001,1,0,0,0,2,2,-1.0000000012083676e-09,7.999999999,4.399999998000002,-1.9999983891239026e-09,0.9219544457292888,1246.1311423911568,1139.7555468941628,106.37559549699404
2026-06-12,F08_LightGBM,1276.5585119639088,8.881784197001252e-16,0,305.1890701081286,328.92,163.01088083943395,2.8289999991685486e-05,0.0,13.162742656091158,783.9571800014714,12.0,1.2701198246198246,1.270118824619825,0.0,9.99999999706097e-07,0.0,1.4942574396445527,4.0,4.0,0,0,0,0,3,3,0.0,8.0,4.399999999000001,-9.999991945619513e-10,0.9219544457292888,1069.8639577296015,1012.0519859096211,57.811971819980386
2026-06-13,F08_LightGBM,1183.8889500471453,-8.881784197001252e-16,0,254.80684750085996,242.32,889.8670198067633,0.0,0.0,-34.80820380257432,1421.8020711101976,16.0,2.1426376811594205,2.1426376811594205,0.0,0.0,0.0,2.520750212044076,4.0,4.0,0,0,0,0,1,1,0.0,8.0,4.3999999989999985,-1.0000018590972104e-09,1.3368339463074685,1126.4162375595486,1078.3764181923011,48.039819367247446
2026-06-14,F08_LightGBM,1006.3825982215774,0.0,0,-65.63071232164117,285.32,238.7309022222222,0.0,0.0,-34.15774319559616,492.57793309617716,12.0,0.9999420289855072,0.9999420289855072,0.0,0.0,0.0,1.1764023859571207,4.0,4.0,0,0,0,0,2,2,0.0,8.0,4.399999999,-1.000000082740371e-09,1.3368339463074685,1076.903767180045,945.8356694839948,131.06809769605013
2026-06-15,F08_LightGBM,1235.258491683033,-3.552713678800501e-15,0,761.0799420033633,917.76,127.37329285321933,0.00012183000001829719,0.0,5.100424214643381,1801.112688811939,12.0,0.7597375678578686,0.7597365678578685,0.0,1.0000000001501863e-06,0.0,0.8938077258069577,4.0,4.0,1,0,0,1,1,2,0.0,8.0,4.399999998999997,-1.0000036354540498e-09,1.6898795005781801,2158.7848898898924,2040.2373315712493,118.54755831864304
2026-06-16,F08_LightGBM,1514.8750103808015,8.881784197001252e-16,0,530.8693471747142,1417.44,165.0825504152882,0.00010034999999731508,0.0,83.13189458124944,2030.2599026587527,12.0,0.9557668259263272,0.9557658259263273,0.0,9.999999999732445e-07,0.0,1.1244303823580855,4.0,4.0,0,0,0,0,5,5,0.0,8.0,4.399999999000001,-9.999991945619513e-10,0.9219544457292888,2094.417845640778,2012.2053661169632,82.21247952381486
2026-06-17,F08_LightGBM,1455.9727985933437,0.0,0,413.6662104477941,717.68,262.1496578509554,0.00017151999997845114,0.0,135.73970072786,1257.7559960508895,16.0,1.4014211199822122,1.4014201199822123,0.0,9.999999998743653e-07,0.0,1.6487295518355973,4.0,4.0,0,0,0,1,3,4,0.0,8.0,4.399999999,-1.000000082740371e-09,1.3368339463074685,4973.093451984126,4991.8688885829215,-18.77543659879575
2026-06-18,F08_LightGBM,1390.6548566809029,8.881784197001252e-16,0,1037.1706662503343,438.15999999999997,5506.332780130011,0.0009205500001797733,0.0,1326.199406856792,5655.463118973554,16.0,5.231252706579069,5.2312517065790685,0.0,1.0000000001952891e-06,0.0,6.154413771361312,4.0,4.0,1,0,0,1,5,6,0.0,8.0,4.399999999,-1.000000082740371e-09,0.9219544457292888,5238.032952041137,5070.116623565582,167.91632847555502
2026-06-19,F08_LightGBM,1204.4291892997192,8.881784197001252e-16,0,954.623943689271,1107.04,208.2658036861916,0.00020067999998070574,0.0,44.29392917468943,2225.6356175207734,16.0,0.94005772005772,0.9400567200577201,0.0,9.999999999038556e-07,0.0,1.1059490813361947,4.0,4.0,0,0,0,0,1,1,0.0,8.0,4.399999999000001,-9.999991945619513e-10,0.9219544457292888,2220.6982144770795,2138.619162834434,82.07905164264548
2026-06-20,F08_LightGBM,1290.308722361573,8.881784197001252e-16,0,1084.07624187089,1602.48,810.4746602533103,0.00011047000000930895,0.0,347.1838346193019,3149.8469570348984,16.0,2.4254540831657536,2.4254530831657535,0.0,1.0000000000842668e-06,0.0,2.8534742144044696,4.0,4.0,1,0,0,0,6,6,0.0,8.0,4.399999999000001,-9.999991945619513e-10,1.007074945151109,3961.79987586858,3641.1530661569873,320.6468097115926
2026-06-21,F08_LightGBM,1201.3905463799651,-5.329070518200751e-15,0,619.2634900478398,1248.92,349.5217156422222,0.00014839000002897894,0.0,77.03155761114877,2140.673499688913,20.0,2.1746666666666665,2.1746656666666664,0.0,1.0000000001952891e-06,0.0,2.5584301939091203,4.0,4.0,1,0,0,0,7,7,-9.999999994736442e-10,7.999999998999995,4.3999999979999895,-2.0000108236217784e-09,1.7000000000000002,2623.9488183365593,2260.246135399196,363.7026829373631
2026-06-22,F08_LightGBM,1575.8628599172716,8.881784197001252e-16,0,799.3388771872669,444.59999999999997,466.33608316141937,0.00031999999989151817,0.0,126.76015001423363,1583.5144903344526,16.0,1.9294511450260485,1.9294501450260488,0.0,9.999999996609943e-07,0.0,2.269941346004816,4.0,4.0,0,0,0,0,4,4,0.0,8.0,4.399999999,-1.000000082740371e-09,0.9219544457292888,2081.1924425023285,1947.128733410838,134.0637090914904
2026-06-23,F08_LightGBM,1286.3020068572957,0.0,0,1081.4341040003135,354.84000000000003,475.25236563437306,0.0006689099999066787,0.0,367.6994185505383,1543.8263821741484,24.0,1.2365915791502071,1.2365905791502072,0.0,9.999999998604875e-07,0.0,1.4548124428051104,4.0,4.0,0,0,0,0,7,7,-1.9999999989472883e-09,8.0,4.399999997,-3.000000248221113e-09,1.3368339463074688,3694.989379482339,3571.0521467041594,123.93723277817935
2026-06-24,F08_LightGBM,1059.4251642003346,8.881784197001252e-16,0,1373.6955513825167,3423.36,571.2100772365285,0.000642050000036283,0.0,271.5691424750939,5096.695844093951,20.0,1.630853019995877,1.630852019995877,0.0,1.0000000000565112e-06,0.0,1.9186494352892673,4.0,4.0,1,0,0,0,0,0,9.999999162069173e-10,8.000000001,4.400000000000001,8.881784197001252e-16,0.9219544457292888,5616.214328935349,5327.203558674178,289.0107702611713
2026-06-25,F08_LightGBM,1128.2925110693466,8.881784197001252e-16,0,763.1477725038279,723.48,168.71431509593202,0.0002448700000087405,0.0,56.98865679465972,1598.3531859351006,20.0,0.8233357943309163,0.8233347943309162,0.0,1.0000000000356946e-06,0.0,0.9686291676317731,4.0,4.0,1,0,0,0,5,5,-1.000000006412538e-09,7.999999999,4.399999998000001,-1.9999992773023223e-09,0.9219544457292888,1970.007504922624,1771.1017159701064,198.9057889525177
2026-06-26,F08_LightGBM,1509.7425375672724,8.881784197001252e-16,0,865.6631136502191,4229.36,107.97753636172592,0.00034062999999561345,0.0,81.43688491159674,5121.563424470349,12.0,0.5756496444731739,0.575648644473174,0.0,9.999999999871223e-07,0.0,0.6772336993802044,4.0,4.0,0,0,0,0,3,3,0.0,8.000000001,4.400000000000001,8.881784197001252e-16,0.9219544457292888,5488.980404365116,5231.184160423689,257.79624394142684
2026-06-27,F08_LightGBM,1453.2977859936059,-1.7763568394002505e-15,0,846.7952897803125,1273.76,259.19066105021216,4.3620000006891635e-05,0.0,57.65511858120122,2322.0907886293235,24.0,1.2054777885951862,1.205476788595186,0.0,1.0000000001579926e-06,0.0,1.4182079844132642,4.0,4.0,1,0,0,0,3,3,-1.000000009881985e-09,7.999999998999997,4.399999997999996,-2.0000046063728405e-09,1.3469544457292888,2611.0955356954223,2346.5078943349604,264.58764136046193
2026-06-28,F08_LightGBM,1537.4119131413852,8.881784197001252e-16,0,1059.612640091783,589.1199999999999,182.35707401491027,0.00033249000002340365,0.0,54.63982600001039,1776.4495556166828,16.0,0.9507013868434898,0.9507003868434898,0.0,1.000000000070389e-06,0.0,1.1184710422606297,4.0,4.0,1,0,0,0,2,2,0.0,8.0,4.399999999000001,-9.999991945619513e-10,0.9219544457292888,2246.9603409519764,2153.312510139237,93.64783081273936
2026-06-29,F08_LightGBM,1314.1233219202177,8.881784197001252e-16,0,502.7134394100899,1186.76,363.8277055917148,2.509999999514845e-05,0.0,32.16001408080254,2021.1411058210022,12.0,1.199151480365428,1.1991504803654278,0.0,9.99999999806711e-07,0.0,1.410765269933498,4.0,4.0,0,0,0,0,4,4,0.0,8.0,4.399999999000001,-9.999991945619513e-10,0.9219544457292888,3109.337047710514,3038.061533458935,71.2755142515789
2026-06-30,F08_LightGBM,1124.9740969658499,8.881784197001252e-16,0,787.9831755177953,1447.44,285.64191816274626,0.00014100000000796808,0.0,96.76141843904355,2424.303534241498,16.0,0.9670120545073375,0.9670110545073374,0.0,1.0000000000565112e-06,0.0,1.1376600630416274,4.0,4.0,1,0,0,1,4,5,0.0,8.0,4.399999999000001,-9.999991945619513e-10,0.9219544457292888,3492.0155755322576,3318.0140036013654,174.00157193089217
2026-07-01,F08_LightGBM,1138.3141055456401,8.881784197001252e-16,0,410.14840103462245,1220.44,84.38310638414443,0.00018442000000018442,0.0,34.8247698363614,1680.1465531624056,12.0,0.5343545576310976,0.5343535576310976,0.0,1.000000000001e-06,0.0,0.6286512431872273,4.0,4.0,1,0,0,0,2,2,0.0,8.0,4.399999999000001,-9.999991945619513e-10,1.0070749451511087,2661.7187983055487,2571.078183795739,90.6406145098099
2026-07-02,F08_LightGBM,1293.748537607268,8.881784197001252e-16,0,255.10731277281545,36.959999999999994,173.44267961444444,0.0001248299999966601,0.0,33.602754404740715,431.9071131525192,20.0,1.0742222222222222,1.0742212222222223,0.0,9.999999999732445e-07,0.0,1.2637896710333094,4.0,4.0,0,0,0,0,3,3,-9.999999994736442e-10,7.999999999,4.399999998000001,-1.9999992773023223e-09,0.9219544457292888,1004.1262640860165,792.7740715282362,211.3521925577803
2026-07-03,F08_LightGBM,1347.3600485604888,-8.881784197001252e-16,0,407.1807568925564,39.04,26.33388,0.0,0.0,-34.992847044310864,507.5474839368673,16.0,1.6008888888888888,1.6008888888888888,0.0,0.0,0.0,1.8833986917258039,4.0,4.0,0,0,0,0,2,2,0.0,8.0,4.3999999989999985,-1.0000018590972104e-09,1.3368339463074685,1090.5453760562423,1051.3848370277742,39.160539028468065
2026-07-04,F08_LightGBM,1050.5761830708987,0.0,0,321.8131760881985,79.03999999999999,1527.1480178711113,0.0001332400000611528,0.0,-21.936723659205178,1949.9377843785148,24.0,2.5235555555555553,2.523554555555555,0.0,1.000000000458967e-06,0.0,2.9688877102489952,4.0,4.0,1,0,0,1,3,4,-9.999999994736442e-10,8.0,4.399999998,-2.000000165480742e-09,1.3368339463074688,2423.562389369166,2300.2997204872026,123.26266888196324
2026-07-05,F08_LightGBM,1089.550248281192,-5.329070518200751e-15,0,484.8975585890656,244.56,290.9204666666667,0.0,0.0,-28.916671372115154,1049.2946966278475,20.0,2.836888888888889,2.836888888888889,0.0,0.0,0.0,3.337516338784622,4.0,4.0,0,0,0,1,3,4,0.0,7.999999999999998,4.39999999899999,-1.0000107408814074e-09,1.7750000000000001,1085.5203093139853,1033.3843804843757,52.13592882960961
2026-07-06,F08_LightGBM,991.5724954172199,-8.881784197001252e-16,0,658.2636176440518,74.80000000000001,1626.6951889233335,0.0009844100000283072,0.0,-22.786961179121192,2382.5447833365065,28.0,1.896,1.895999,0.0,1.0000000000287557e-06,0.0,2.230587058823529,4.0,4.0,1,0,0,1,3,4,-9.999999855958563e-10,8.000000001,4.3999999999999995,-8.881784197001252e-16,1.3368339463074688,2121.8842012859945,1996.8660680873472,125.01813319864732
2026-07-07,F08_LightGBM,974.1660613998596,0.0,0,673.3297463805159,26.52,48.61103896888889,0.0006683599999821177,0.0,26.83617604258137,721.6239409468235,8.0,0.3288888888888889,0.3288878888888889,0.0,9.999999999732445e-07,0.0,0.3869269270199229,4.0,4.0,0,0,0,1,0,1,0.0,8.0,4.399999999,-1.000000082740371e-09,1.3368339463074685,808.3604177323714,732.9853470025375,75.37507072983385
2026-07-08,F08_LightGBM,1088.0689590524673,-8.881784197001252e-16,0,560.2886650500282,27.119999999999997,49.421911800000004,0.0005351099999838263,0.0,31.69826614275812,605.13177559727,12.0,0.3031111111111111,0.30311011111111114,0.0,9.99999999969775e-07,0.0,0.35660012746499836,4.0,4.0,0,0,0,0,4,4,-2.0000000024167353e-09,8.0,4.399999997,-3.000000248221113e-09,1.3439088914585775,1096.6069688045459,1021.5059366723725,75.10103213217337
2026-07-09,F08_LightGBM,994.4998175699797,8.881784197001252e-16,0,884.5306044549885,62.68000000000001,51.616808017777764,0.0002497600000089151,0.0,32.09442902569657,966.7327336870696,8.0,0.3004444444444444,0.3004434444444444,0.0,1.0000000000356946e-06,0.0,0.35346287473234106,4.0,4.0,1,0,0,1,0,1,0.0,8.0,4.399999999000001,-9.999991945619513e-10,0.9290293908803977,1122.2345124255025,1000.2036043721705,122.03090805333204
2026-07-10,F08_LightGBM,871.6962013001724,8.881784197001252e-16,0,791.5401004229716,82.19999999999999,104.81796783333334,0.00011480000000648748,0.0,25.691033359615993,952.866920096689,12.0,0.5946666666666667,0.5946656666666666,0.0,1.0000000000565112e-06,0.0,0.6996066655820143,4.0,4.0,1,0,0,0,1,1,0.0,8.0,4.399999999000001,-9.999991945619513e-10,0.9290293908803976,925.3794473161472,833.5859765687189,91.79347074742827
2026-07-11,F08_LightGBM,886.3027263687961,8.881784197001252e-16,0,1065.7739140132678,345.59999999999997,17.16773840333334,0.00012003999999845417,0.0,10.003872280294107,1418.5376600963068,8.0,0.10711111111111113,0.10711011111111113,0.0,9.999999999871223e-07,0.0,0.12601189434018437,4.0,4.0,0,0,0,0,1,1,0.0,8.0,4.399999999000001,-9.999991945619513e-10,0.9290293908803976,1520.2326012118526,1478.5634073280019,41.66919388385077
2026-07-12,F08_LightGBM,1185.2072618762948,8.881784197001252e-16,0,1045.219659603244,291.56,139.68100202777777,0.00014500000000053804,0.0,77.86960232760217,1398.5909143034196,8.0,0.8928888888888888,0.8928878888888889,0.0,1.0000000000037106e-06,0.0,1.0504563387846286,4.0,4.0,1,0,0,1,5,6,0.0,8.0,4.399999999000001,-9.999991945619513e-10,0.9290293908803977,1418.2559650996047,1379.0598357737524,39.196129325852326
2026-07-13,F08_LightGBM,1281.0164222936228,8.881784197001252e-16,0,752.5792948921838,387.44,17.471009507777776,0.00020000000000193474,0.0,12.301504603820227,1145.1885997961415,8.0,0.10266666666666666,0.10266566666666666,0.0,1.0000000000096737e-06,0.0,0.12078313617024965,4.0,4.0,1,0,0,0,1,1,0.0,8.0,4.399999999000001,-9.999991945619513e-10,0.9290293908803977,1476.6427593260955,1433.855756148079,42.78700317801645
2026-07-14,F08_LightGBM,808.0968054911699,8.881784197001252e-16,0,758.5931147814632,69.6,14.190055721111111,0.00019881999999985393,0.0,10.902633584073913,831.4803380985004,4.0,0.07644444444444445,0.07644344444444445,0.0,9.999999999992654e-07,0.0,0.08993346188298204,4.0,4.0,0,0,0,0,0,0,0.0,8.0,4.399999998,-2.000000165480742e-09,0.9290293908803977,855.5904203971679,802.1953716742082,53.3950487229597
2026-07-15,F08_LightGBM,902.1503545505042,-8.881784197001252e-16,0,844.2961623025458,130.44,89.4059697011111,0.00015238000000438178,0.0,58.50902279234367,1005.6329568313134,8.0,0.4004444444444444,0.40044344444444435,0.0,1.0000000000287557e-06,0.0,0.4711099335558695,4.0,4.0,1,0,0,0,2,2,0.0,8.0,4.3999999989999985,-1.0000018590972104e-09,1.3439088914585775,1258.9928277093657,1195.7683927720175,63.22443493734818
2026-07-16,F08_LightGBM,985.7906710966892,8.881784197001252e-16,0,918.4776778405703,19.32,26.783921983333332,0.00011213000000011213,0.0,17.180229180740046,947.4012585131636,8.0,0.13066666666666665,0.13066566666666665,0.0,1.000000000001e-06,0.0,0.1537243126408379,4.0,4.0,1,0,0,0,0,0,0.0,8.0,4.399999999000001,-9.999991945619513e-10,0.9219544457292888,3731.1849099200485,3681.6727217585603,49.51218816148821
2026-07-17,F08_LightGBM,965.1388334351625,-1.7763568394002505e-15,0,194.31506390309426,452.79999999999995,219.70896954222223,0.00010053999999486828,0.0,113.92445311379807,752.8994797915184,28.0,1.1831111111111112,1.183110111111111,0.0,9.999999999489584e-07,0.0,1.3918942461967068,4.0,4.0,0,0,0,0,4,4,-1.0000000411070076e-09,8.0,4.399999997999997,-2.000003718194421e-09,1.3469544457292888,913.6200700509937,874.2182781964137,39.40179185457998
2026-07-18,F08_LightGBM,785.2198536591821,8.881784197001252e-16,0,838.6637284266668,97.96000000000001,28.24883314222222,0.0002979999999956455,0.0,0.18532848572904648,964.6869350831599,12.0,0.168,0.167999,0.0,9.999999999853876e-07,0.0,0.1976458801836366,4.0,4.0,0,0,0,0,0,0,-9.999999994736442e-10,7.999999999,4.399999998000001,-1.9999992773023223e-09,1.0070749451511087,1294.9420621373906,1271.1383491272532,23.80371301013747
2026-07-19,F08_LightGBM,1217.1964698382496,8.881784197001252e-16,0,1036.041599866073,27.240000000000002,3366.65742672,363.7885510577779,0.0,124.67915559997803,3941.471319928317,12.0,3.445777777777778,3.1462212222222217,0.2995555555555556,1.0000000001952891e-06,0.0,3.7014367309414906,4.0,4.0,3,0,0,1,2,3,0.0,8.0,4.399999999,-1.000000082740371e-09,0.9219544457292888,1195.7719303453484,1178.7169592165606,17.054971128787884
2026-07-20,F08_LightGBM,1096.1770180606995,8.881784197001252e-16,0,1128.6963503934494,78.44,72.47826363333334,0.00026759999999284025,0.0,55.1670867755129,1224.44725965127,12.0,0.364,0.3639990000000001,0.0,9.999999999732445e-07,0.0,0.4282341165624065,4.0,4.0,0,0,0,1,6,7,0.0,8.0,4.399999999000001,-9.999991945619513e-10,0.9290293908803976,1305.765799468562,1179.9459784221974,125.8198210463645
2026-07-21,F08_LightGBM,976.4709971083734,8.881784197001252e-16,0,903.9238055952042,48.2,104.95403363,0.00016478000000416667,0.0,22.380425451272377,1034.6972489939317,20.0,0.5355555555555556,0.5355545555555555,0.0,1.0000000000252862e-06,0.0,0.6300641808372314,4.0,4.0,1,0,0,1,1,2,-1.000000006412538e-09,7.999999999,4.399999998000001,-1.9999992773023223e-09,0.9219544457292888,1223.7129171186755,1171.7462039978416,51.9667131208339
2026-07-22,F08_LightGBM,1134.436721117204,8.881784197001252e-16,0,911.4127264603727,68.48,20.419899063333332,0.0001542700000004888,0.0,3.4413358069740787,996.871135446732,8.0,0.11111111111111112,0.11111011111111112,0.0,1.0000000000031685e-06,0.0,0.13071777669312548,4.0,4.0,1,0,0,0,1,1,0.0,8.0,4.399999999000001,-9.999991945619513e-10,0.9290293908803976,1097.872318819354,1046.1501715280688,51.72214729128518
2026-07-23,F08_LightGBM,1158.032234532622,8.881784197001252e-16,0,1231.688738986536,179.2,22.72061040555556,0.00018566999999825316,0.0,14.823455335893549,1418.785708386198,8.0,0.12266666666666667,0.12266566666666669,0.0,9.999999999905917e-07,0.0,0.1443125479349556,4.0,4.0,0,0,0,0,1,1,0.0,8.0,4.399999999000001,-9.999991945619513e-10,0.9219544457292888,1192.7016450120339,1111.1791215409671,81.52252347106673
2026-07-24,F08_LightGBM,1184.3043928339935,8.881784197001252e-16,0,1102.5298279891344,127.2,21.076855962222222,0.00011396999999991627,0.0,11.682982014491385,1239.1235879668652,8.0,0.10311111111111111,0.10311011111111111,0.0,9.999999999992654e-07,0.0,0.12130601198724311,4.0,4.0,0,0,0,0,0,0,0.0,8.0,4.399999999000001,-9.999991945619513e-10,0.9219544457292888,1404.0789177082313,1288.6840740254806,115.39484368275066
2026-07-25,F08_LightGBM,1092.1439000240746,8.881784197001252e-16,0,1229.0957962998098,112.92,12.184613008888885,0.000529180000008791,0.0,6.684172530006887,1347.5157075986917,8.0,0.0791111111111111,0.0791101111111111,0.0,1.0000000000166126e-06,0.0,0.09307071786959606,4.0,4.0,1,0,0,1,0,1,0.0,8.0,4.399999999000001,-9.999991945619513e-10,0.9219544457292888,1480.7571484105288,1418.8833985518727,61.87374985865608
2026-07-26,F08_LightGBM,1353.6047780805832,-2.6645352591003757e-15,5,1096.4876045501167,128.24,442.28791327111117,7.070999999924274e-05,0.0,87.8148852543721,1579.2005618568558,12.0,1.7133333333333334,1.7133323333333335,0.0,9.999999999892907e-07,0.0,2.015685096954561,4.0,4.0,0,0,0,0,1,6,0.0,7.999999999999998,4.399999998999996,-1.0000045236324695e-09,1.8019790696594031,1398.3095528741715,1318.0400727903684,80.26948008380305
2026-07-27,F08_LightGBM,1198.4959355530932,8.881784197001252e-16,0,952.1300391792503,113.0,60.03130657777777,0.0003344700000012411,0.0,2.457770771324096,1122.7032405157038,8.0,0.3511111111111111,0.3511101111111111,0.0,1.0000000000037106e-06,0.0,0.413070717869596,4.0,4.0,1,0,0,0,0,0,0.0,8.0,4.399999999000001,-9.999991945619513e-10,0.9219544457292888,1462.7353582548099,1380.6732747746414,82.06208348016844
2026-07-28,F08_LightGBM,1098.1935978894494,8.881784197001252e-16,0,1234.2471715899344,292.8,20.86181715888889,0.00032929999999804435,0.0,0.5342904320023815,1547.374369016821,8.0,0.10711111111111113,0.10711011111111113,0.0,9.999999999940612e-07,0.0,0.1260118943401843,4.0,4.0,0,0,0,0,0,0,0.0,8.0,4.399999999000001,-9.999991945619513e-10,0.9219544457292888,1762.390877304256,1641.0426369044444,121.34824039981163
2026-07-29,F08_LightGBM,1345.3634161436305,8.881784197001252e-16,0,1225.7724311010165,197.48000000000002,317.15775163000006,0.00010072999996934674,0.0,100.757915440584,1639.6521665604328,12.0,1.145777777777778,1.1457767777777783,0.0,9.999999996956888e-07,0.0,1.34797267865391,4.0,4.0,0,0,0,0,0,0,0.0,8.0,4.399999999000001,-9.999991945619513e-10,0.9219544457292888,2005.3266513029398,1918.8317983716297,86.4948529313101
2026-07-30,F08_LightGBM,1428.0895527387343,8.881784197001252e-16,0,1082.4310832035665,174.16000000000003,95.42368782666667,8.879999999462026e-05,0.0,25.90565229311727,1326.109029937116,12.0,0.468,0.4679990000000001,0.0,9.999999999394174e-07,0.0,0.5505870588235294,4.0,4.0,0,0,0,0,3,3,0.0,8.000000001,4.400000000000001,8.881784197001252e-16,0.9219544457292888,1446.798837935651,1367.3102528374327,79.48858509821821
2026-07-31,F08_LightGBM,1111.4111284953265,8.881784197001252e-16,0,602.3914221222029,257.64,73.73994130666668,0.00020535999999379302,0.0,50.148620855218034,883.6225372136515,12.0,0.3746666666666667,0.37466566666666673,0.0,9.99999999969775e-07,0.0,0.4407831361702496,4.0,4.0,0,0,0,1,3,4,0.0,8.0,4.399999999000001,-9.999991945619513e-10,0.9219544457292888,967.1278456725806,877.28463241806,89.8432132545206
2026-08-01,F08_LightGBM,945.9616616090478,8.881784197001252e-16,0,1233.2728222473477,160.0,31.47627306555555,0.00021088000000277161,0.0,17.99507568549325,1406.75380874741,8.0,0.14488888888888887,0.14488788888888887,0.0,1.0000000000131432e-06,0.0,0.1704563387846287,4.0,4.0,1,0,0,0,0,0,0.0,8.0,4.399999999000001,-9.999991945619513e-10,0.9219544457292888,1493.7516198659162,1434.2394603125001,59.51215955341604
2026-08-02,F08_LightGBM,1339.6962536606256,8.881784197001252e-16,0,1212.8703669842998,118.8,33.678129051111114,0.00024872999999420804,0.0,18.72832003097707,1346.6199272744336,8.0,0.1497777777777778,0.14977677777777781,0.0,9.99999999976714e-07,0.0,0.1762079727715569,4.0,4.0,0,0,0,1,1,2,0.0,8.0,4.399999999000001,-9.999991945619513e-10,0.9219544457292888,1443.8128628241066,1400.1405356115029,43.672327212603705
2026-08-03,F08_LightGBM,1258.289550239289,8.881784197001252e-16,0,1043.0258547691205,170.4,128.3183400977778,0.00011461000000011462,0.0,47.745677448419684,1293.9984028084787,8.0,0.6017777777777779,0.6017767777777778,0.0,1.000000000001e-06,0.0,0.7079726786539099,4.0,4.0,1,0,0,0,1,1,0.0,8.0,4.399999999000001,-9.999991945619513e-10,0.9219544457292888,1568.236323755767,1487.8105431035906,80.4257806521764
2026-08-04,F08_LightGBM,1058.3336337890696,8.881784197001252e-16,0,694.8725803836896,136.28,246.76623794222223,0.00023335999998080228,0.0,54.323325982563745,1023.595258983348,8.0,0.8164444444444445,0.8164434444444446,0.0,9.999999999177334e-07,0.0,0.9605216982617529,4.0,4.0,0,0,0,1,2,3,0.0,8.0,4.399999999000001,-9.999991945619513e-10,0.9219544457292888,1482.4613939171725,1288.805950611205,193.65544330596754
2026-08-05,F08_LightGBM,1084.2750761171947,8.881784197001252e-16,0,1101.0132288102452,89.76000000000002,545.2680291222223,0.00013449999998893514,0.0,152.5956004476696,1583.445522984798,12.0,1.672888888888889,1.672887888888889,0.0,9.999999999177334e-07,0.0,1.9681033976081581,4.0,4.0,0,0,0,0,6,6,0.0,8.0,4.399999999000001,-9.999991945619513e-10,0.9219544457292888,2145.7134477917907,1959.2982195271709,186.41522826461983
2026-08-06,F08_LightGBM,1291.8978442111722,8.881784197001252e-16,0,854.5059441273936,247.12,60.48533614555558,0.00012873999998717572,0.0,0.5980684804114137,1161.5130830525377,12.0,0.28400000000000003,0.2839990000000001,0.0,9.999999999003861e-07,0.0,0.33411646950358304,4.0,4.0,0,0,0,0,1,1,0.0,8.0,4.399999999000001,-9.999991945619513e-10,0.9219544457292888,1513.6730127156557,1444.4964568878863,69.17655582776933
2026-08-07,F08_LightGBM,1211.7763974442437,-8.881784197001252e-16,0,792.4494417298517,109.36000000000001,144.7891139088889,0.00010108999999729529,0.0,73.60933869106798,972.9891158576727,16.0,0.6733333333333333,0.6733323333333334,0.0,9.999999999732445e-07,0.0,0.7921556851898557,4.0,4.0,0,0,0,1,3,4,0.0,7.999999999999998,4.399999998999998,-1.00000274727563e-09,1.3469544457292888,1228.8876564331872,1185.31027103356,43.577385399627246
2026-08-08,F08_LightGBM,1035.835282528156,8.881784197001252e-16,0,1157.3952509864898,106.96,30.345862054444446,0.0001139199999977425,0.0,17.000425833076722,1277.7005732878577,12.0,0.18533333333333335,0.18533233333333338,0.0,9.999999999801834e-07,0.0,0.21803803813103403,4.0,4.0,0,0,0,1,0,1,0.0,8.0,4.399999999000001,-9.999991945619513e-10,0.9219544457292888,1478.0537401493011,1439.9176928856712,38.13604726362996
2026-08-09,F08_LightGBM,1331.882384371112,8.881784197001252e-16,0,1165.561226825696,78.8,24.82119500666667,0.00019999999999742446,0.0,13.743028594667681,1255.4391932376948,12.0,0.13111111111111112,0.13111011111111115,0.0,9.999999999871223e-07,0.0,0.15424718737317816,4.0,4.0,0,0,0,1,2,3,0.0,8.0,4.399999998,-2.000000165480742e-09,0.9290293908803977,1326.7718838676813,1298.166867530443,28.60501633723834
2026-08-10,F08_LightGBM,1273.9768086065783,-8.881784197001252e-16,0,967.7115731073973,57.2,9.445538203333333,0.00015513000000015514,0.0,3.0243372117222793,1031.3326189690085,4.0,0.060888888888888895,0.060887888888888894,0.0,1.000000000001e-06,0.0,0.07163280937286308,4.0,4.0,1,0,0,0,0,0,0.0,8.0,4.3999999989999985,-1.0000018590972104e-09,1.3439088914585775,1149.8564096241748,1069.7095787731218,80.14683085105298
2026-08-11,F08_LightGBM,1106.9460150324576,-8.881784197001252e-16,0,1012.2013462178519,174.56,180.14250118444448,8.006999999119052e-05,0.0,67.58816715106032,1299.315600181236,16.0,0.7577777777777778,0.757776777777778,0.0,9.999999998899778e-07,0.0,0.8915020904186147,4.0,4.0,0,0,0,0,2,2,0.0,8.0,4.3999999989999985,-1.0000018590972104e-09,1.3368339463074685,1478.8383806553961,1446.9982704251724,31.840110230223672
2026-08-12,F08_LightGBM,1315.536585311368,8.881784197001252e-16,0,1547.9873608858748,47.56,38.447164051111116,0.00017511999999652973,0.0,24.180656984264427,1609.8136928327212,8.0,0.19822222222222224,0.19822122222222222,0.0,9.999999999801834e-07,0.0,0.23320143682384442,4.0,4.0,0,0,0,0,0,0,0.0,8.0,4.399999999000001,-9.999991945619513e-10,0.9290293908803977,1681.7034786622116,1558.1992783436879,123.50420031852377
2026-08-13,F08_LightGBM,1212.8658642825544,8.881784197001252e-16,0,1515.7369386830026,168.92000000000002,40.96006308000001,0.00011344999999578376,0.0,19.951062933331325,1705.6658253796713,8.0,0.15155555555555555,0.15155455555555558,0.0,9.999999999628362e-07,0.0,0.17829947603953078,4.0,4.0,0,0,0,1,0,1,0.0,8.0,4.399999999000001,-9.999991945619513e-10,0.9219544457292888,1684.4630046664338,1538.6421743590101,145.82083030742365
2026-08-14,F08_LightGBM,1199.6934248571097,8.881784197001252e-16,0,1186.829152008455,211.96,16.150627882222217,0.00015000000000067043,0.0,9.166205769083803,1405.7734241215933,12.0,0.06977777777777777,0.06977677777777777,0.0,1.0000000000044695e-06,0.0,0.08209032571273332,4.0,4.0,1,0,0,0,0,0,0.0,8.0,4.399999999000001,-9.999991945619513e-10,1.0070749451511087,1537.7599515495824,1406.8432787779118,130.91667277167062
2026-08-15,F08_LightGBM,1250.9944404148944,8.881784197001252e-16,0,1239.9851974945468,52.519999999999996,221.3339276455556,0.00014109999998839217,0.0,85.3478014933196,1428.4911825467827,16.0,0.9386666666666668,0.9386656666666668,0.0,9.999999999177334e-07,0.0,1.1043125479349558,4.0,4.0,0,0,0,0,2,2,0.0,8.0,4.399999999000001,-9.999991945619513e-10,0.9219544457292888,1363.1029170391294,1304.052869452913,59.05004758621635
2026-08-16,F08_LightGBM,1324.6020612030259,8.881784197001252e-16,0,1020.3116406072098,143.92000000000002,132.0369252611111,0.00022585000000022585,0.0,90.40388242523824,1205.8644575930825,16.0,0.5555555555555556,0.5555545555555556,0.0,1.000000000001e-06,0.0,0.6535935936865894,4.0,4.0,1,0,0,0,2,2,0.0,8.0,4.399999999000001,-9.999991945619513e-10,0.9219544457292888,1430.155837242175,1310.5057579711333,119.6500792710417
2026-08-17,F08_LightGBM,1188.5134656489718,8.881784197001252e-16,0,118.22291670672327,148.60000000000002,231.47010715888888,0.000374610000047001,0.0,139.3694911977009,358.9231580579112,16.0,0.9337777777777778,0.9337767777777777,0.0,1.0000000001254665e-06,0.0,1.0985609139480272,4.0,4.0,1,0,0,1,4,5,0.0,8.0,4.399999999000001,-9.999991945619513e-10,0.9219544457292888,719.1564014836945,665.2088766182031,53.947524865491346
2026-08-18,F08_LightGBM,1004.3808766796076,8.881784197001252e-16,0,193.86722650062882,126.04,327.1293418222223,0.00030535999993250187,0.0,270.97252945152223,376.06373351132885,12.0,1.3755555555555556,1.3755545555555557,0.0,9.999999997789555e-07,0.0,1.6182994760395308,4.0,4.0,0,0,0,0,1,1,0.0,8.0,4.399999999000001,-9.999991945619513e-10,0.9219544457292888,560.6241690609393,484.43415693682266,76.1900121241166
2026-08-19,F08_LightGBM,1042.8446113046584,8.881784197001252e-16,0,279.6138450921409,129.84,185.92172317777778,0.00020505000001727893,0.0,100.64075688494641,494.7346063349722,12.0,0.7631111111111111,0.7631101111111109,0.0,1.0000000000842668e-06,0.0,0.8977766002225371,4.0,4.0,1,0,0,0,0,0,0.0,8.0,4.399999999000001,-9.999991945619513e-10,0.9219544457292888,1410.3290194714664,1302.7387410110737,107.59027846039271
2026-08-20,F08_LightGBM,1084.6470034506285,8.881784197001252e-16,0,622.4520488767575,420.08000000000004,19.928826083333334,0.00018915000000084542,0.0,14.610790025686367,1047.8498957844045,12.0,0.09644444444444446,0.09644344444444444,0.0,1.0000000000044695e-06,0.0,0.11346287473234115,4.0,4.0,1,0,0,0,4,4,0.0,8.0,4.399999999000001,-9.999991945619513e-10,0.9219544457292888,2471.244455225269,2401.614696976544,69.62975824872501
2026-08-21,F08_LightGBM,1099.2848069074023,8.881784197001252e-16,0,190.3140747906951,866.2,71.82775339222223,0.00022882999998157189,0.0,46.75117594997867,1081.5904234029385,12.0,0.396,0.3959990000000001,0.0,9.99999999919468e-07,0.0,0.465881175385936,4.0,4.0,0,0,0,0,0,0,0.0,8.0,4.399999999000001,-9.999991945619513e-10,0.9219544457292888,1611.8182937839174,1541.5608365204353,70.25745726348214
2026-08-22,F08_LightGBM,1141.5840476249145,8.881784197001252e-16,0,1018.7226815093835,205.92,172.02590026000001,0.00014039999999624354,0.0,57.63641139913978,1339.0320299702437,12.0,1.0737777777777777,1.0737767777777778,0.0,9.999999999732445e-07,0.0,1.2632667963009685,4.0,4.0,0,0,0,0,3,3,0.0,8.0,4.399999999000001,-9.999991945619513e-10,0.9219544457292888,1614.170514820396,1584.5021172285644,29.668397591831535
2026-08-23,F08_LightGBM,1143.8019705155077,8.881784197001252e-16,0,958.1151158516915,381.6,87.2543042388889,0.00017839999998408573,0.0,46.46066527507913,1380.508576415501,16.0,0.37422222222222223,0.3742212222222223,0.0,9.999999999107945e-07,0.0,0.4402602603532562,4.0,4.0,0,0,0,1,0,1,0.0,8.0,4.399999999000001,-9.999991945619513e-10,0.9219544457292888,1887.4411114637196,1861.6022714772205,25.838839986499124
2026-08-24,F08_LightGBM,1306.6098802474494,-8.881784197001252e-16,0,937.076966065068,404.0,93.51131072555555,0.00023131999999862624,0.0,69.78904318600073,1364.799002284623,12.0,0.41644444444444445,0.4164434444444445,0.0,9.999999999940612e-07,0.0,0.48993346296763424,4.0,4.0,0,0,0,0,1,1,0.0,8.0,4.3999999989999985,-1.0000018590972104e-09,1.3368339463074685,1665.0409739606887,1524.7580186313526,140.28295532933612
2026-08-27,F08_LightGBM,1001.8724129299255,-8.881784197001252e-16,0,1085.327333394811,259.96,149.25949763888886,1.2390000001044066e-05,0.0,7.884236390482714,1486.6625822532171,12.0,0.8839999999999999,0.8839989999999998,0.0,1.0000000000842668e-06,0.0,1.0399988224447583,4.0,4.0,1,0,0,0,2,2,0.0,8.0,4.3999999989999985,-1.0000018590972104e-09,1.3368339463074685,2443.495163955243,2379.1515256822986,64.34363827294419
2026-08-28,F08_LightGBM,1262.9707127781107,-8.881784197001252e-16,0,313.3215521640942,432.04,41.775999777777784,0.00011043999999704512,0.0,7.756857860308302,779.3805836415638,12.0,0.25022222222222223,0.25022122222222226,0.0,9.999999999732445e-07,0.0,0.29437790741207975,4.0,4.0,0,0,0,0,0,0,0.0,8.0,4.399999998999999,-1.0000009709187907e-09,1.3368339463074685,852.4010839178845,825.8210972219118,26.579986695972707
