strategy,chi,comparator,comparator_chi,metric,status,mean_difference_strategy_minus_comparator,confidence_lower,confidence_upper,dm_statistic,p_value,n_days
B2_FB0_gate,0,B2_FB0,0,total_eur,computed,-15.1652068313,-34.4530797408,5.59612417947,-1.53376033198,0.125088625161,211
B2_FB0_gate,0,B2_FB0,0,undelivered_activation_share,computed,-0.000134326790705,-0.00132170344785,0.00106859652308,-0.224119906809,0.822664003051,211
B2_FB0_gate,0,B2_FB0,0,committed_mw_hours,computed,-6.06150201122e-16,-1.1449503799e-15,-2.02050067041e-16,-2.35787982516,0.0183796419154,211
B3_fb2_plus_weather_s3a,0,B2_FB0,0,total_eur,computed,312.726879761,162.719618713,454.95373013,4.06703758971,4.7614564954e-05,209
B3_fb2_plus_weather_s3a,0,B2_FB0,0,undelivered_activation_share,computed,-0.00563183124073,-0.0173600773516,0.00598389942319,-0.965846426063,0.334121033454,209
B3_fb2_plus_weather_s3a,0,B2_FB0,0,committed_mw_hours,computed,9.53786001295,4.97693638772,14.2914444025,3.9931221447,6.52089558351e-05,209
B3_fb2_plus_weather_s3a,0.5,B2_FB0,0,total_eur,computed,233.473742726,86.0999841895,377.512120793,3.01751834127,0.00254853618215,209
B3_fb2_plus_weather_s3a,0.5,B2_FB0,0,undelivered_activation_share,computed,-0.00936695486682,-0.0208504350807,0.00140379919322,-1.66198448305,0.096515885757,209
B3_fb2_plus_weather_s3a,0.5,B2_FB0,0,committed_mw_hours,computed,4.6888842602,0.0718645369666,9.28158247914,2.03966600024,0.0413836035018,209
B3_fb2_s3a,0,B2_FB0,0,total_eur,computed,430.277714238,277.217776417,588.77160138,5.36984130764,7.88059572448e-08,211
B3_fb2_s3a,0,B2_FB0,0,undelivered_activation_share,computed,-0.00423301970525,-0.0147047848063,0.0068015074366,-0.786607523385,0.431511653787,211
B3_fb2_s3a,0,B2_FB0,0,committed_mw_hours,computed,11.9518591464,8.07879571943,15.9468978306,5.99687113463,2.01155559994e-09,211
B3_fb2_s3a,0.5,B2_FB0,0,total_eur,computed,393.294378723,262.150639771,548.92465761,5.30563228434,1.12283104417e-07,211
B3_fb2_s3a,0.5,B2_FB0,0,undelivered_activation_share,computed,-0.00512552863349,-0.0155009642309,0.00549609992526,-0.993484961936,0.320473675373,211
B3_fb2_s3a,0.5,B2_FB0,0,committed_mw_hours,computed,9.00105364265,5.41545105114,12.7460762825,4.8065986547,1.53519743486e-06,211
B3_hist_independent,0,B2_FB0,0,total_eur,computed,328.658633687,191.473025556,455.554354127,4.70061396882,2.59380443475e-06,211
B3_hist_independent,0,B2_FB0,0,undelivered_activation_share,computed,-0.0129451472682,-0.0239685603703,-0.00256529789844,-2.47996183937,0.0131396444281,211
B3_hist_independent,0,B2_FB0,0,committed_mw_hours,computed,8.83840254065,4.11541941408,13.6829554061,3.61525588344,0.000300051102771,211
B3_hist_independent,0.5,B2_FB0,0,total_eur,computed,280.862860086,161.936669427,401.946735787,4.45707784548,8.30844383395e-06,211
B3_hist_independent,0.5,B2_FB0,0,undelivered_activation_share,computed,-0.0141003037727,-0.0246511060161,-0.00425016129877,-2.76112828891,0.0057602044944,211
B3_hist_independent,0.5,B2_FB0,0,committed_mw_hours,computed,6.64857842453,2.23155948598,11.0649088416,3.0011514987,0.00268960713906,211
B3_hist_paired,0,B2_FB0,0,total_eur,computed,330.645229603,199.625472848,479.19689942,4.27618029898,1.90127262521e-05,211
B3_hist_paired,0,B2_FB0,0,undelivered_activation_share,computed,-0.0146208047817,-0.0262653038864,-0.00449847981073,-2.7606291524,0.00576901427636,211
B3_hist_paired,0,B2_FB0,0,committed_mw_hours,computed,9.28723353609,4.36269618062,14.0435169898,3.76076879628,0.000169391942731,211
B3_hist_paired,0.5,B2_FB0,0,total_eur,computed,305.348943096,180.154099306,447.470504258,4.19619713842,2.71434008961e-05,211
B3_hist_paired,0.5,B2_FB0,0,undelivered_activation_share,computed,-0.0148289440377,-0.0263794379667,-0.00500419049957,-2.82348409639,0.00475047826988,211
B3_hist_paired,0.5,B2_FB0,0,committed_mw_hours,computed,8.83126768229,4.16815882656,13.3789761737,3.66217611303,0.000250081833741,211
B3_hist_paired_shortfall,0,B2_FB0,0,total_eur,computed,551.261864596,371.770180799,714.607298956,6.27226531337,3.55832561543e-10,211
B3_hist_paired_shortfall,0,B2_FB0,0,undelivered_activation_share,computed,0.00863855514445,-0.00200009895935,0.0205176128916,1.53112281927,0.125739041086,211
B3_hist_paired_shortfall,0,B2_FB0,0,committed_mw_hours,computed,23.9174532056,19.0900777504,28.6457325856,9.71734497152,2.54326362134e-22,211
B3_hist_paired_shortfall,0.5,B2_FB0,0,total_eur,computed,511.938187174,349.793109131,664.633043842,6.25642113852,3.93912147783e-10,211
B3_hist_paired_shortfall,0.5,B2_FB0,0,undelivered_activation_share,computed,0.00911218245864,-0.000996520490411,0.0207757266407,1.6560831273,0.0977049857579,211
B3_hist_paired_shortfall,0.5,B2_FB0,0,committed_mw_hours,computed,23.1082094501,18.2919643841,27.767509638,9.33242770039,1.03473195462e-20,211
B3_pooled_empirical,0,B2_FB0,0,total_eur,computed,379.937446408,262.141517765,537.749070325,5.35257807778,8.67098688897e-08,211
B3_pooled_empirical,0,B2_FB0,0,undelivered_activation_share,computed,-0.00886218624597,-0.0220917766586,0.00369781808248,-1.38467424309,0.166152098344,211
B3_pooled_empirical,0,B2_FB0,0,committed_mw_hours,computed,8.25592772308,3.83307659982,13.0791803958,3.55352618952,0.00038010334861,211
B3_pooled_empirical,0.5,B2_FB0,0,total_eur,computed,384.411374245,231.541397227,530.784605794,4.88339214569,1.04276197839e-06,211
B3_pooled_empirical,0.5,B2_FB0,0,undelivered_activation_share,computed,-0.00940640947426,-0.0214861114549,0.00276962381499,-1.5549384373,0.11996073193,211
B3_pooled_empirical,0.5,B2_FB0,0,committed_mw_hours,computed,6.34150666107,2.48348838415,10.1038252919,3.21825249237,0.00128974228299,211
B3_pooled_empirical_analog,0,B2_FB0,0,total_eur,computed,424.135284414,281.706970638,567.630486009,5.61270092489,1.99192706989e-08,211
B3_pooled_empirical_analog,0,B2_FB0,0,undelivered_activation_share,computed,-0.00801296623339,-0.02039645682,0.00427139712894,-1.3008522969,0.193309017135,211
B3_pooled_empirical_analog,0,B2_FB0,0,committed_mw_hours,computed,9.22147707409,4.86129950267,13.5889677835,4.1117475904,3.92675467659e-05,211
B3_pooled_empirical_analog,0.5,B2_FB0,0,total_eur,computed,389.42740909,243.363808956,525.658608131,5.17318777132,2.30133533586e-07,211
B3_pooled_empirical_analog,0.5,B2_FB0,0,undelivered_activation_share,computed,-0.00774235541629,-0.0197646550469,0.00406229345286,-1.31932186337,0.187061531581,211
B3_pooled_empirical_analog,0.5,B2_FB0,0,committed_mw_hours,computed,7.0495173343,2.87206668721,11.1070629041,3.32952437218,0.00086994450151,211
B3_pooled_empirical_directqr,0,B2_FB0,0,total_eur,computed,413.560267623,270.803306969,558.016086534,5.42982055965,5.64107420317e-08,211
B3_pooled_empirical_directqr,0,B2_FB0,0,undelivered_activation_share,computed,-0.00822300312856,-0.0208756945965,0.00406244409768,-1.31869218387,0.187272040884,211
B3_pooled_empirical_directqr,0,B2_FB0,0,committed_mw_hours,computed,8.88312358584,4.60649151902,13.1465366344,4.06826831697,4.73638227903e-05,211
B3_pooled_empirical_directqr,0.5,B2_FB0,0,total_eur,computed,389.558156558,241.497866965,533.16640241,5.05179476827,4.37677838658e-07,211
B3_pooled_empirical_directqr,0.5,B2_FB0,0,undelivered_activation_share,computed,-0.00887832292951,-0.0210472343174,0.003326844553,-1.45644418867,0.145269867535,211
B3_pooled_empirical_directqr,0.5,B2_FB0,0,committed_mw_hours,computed,6.49495639781,2.29092475931,10.5673805894,3.05968839961,0.00221567382323,211
B3_pooled_gaussian,0,B2_FB0,0,total_eur,computed,446.279455595,293.837861421,610.753742054,5.49570654954,3.89149160885e-08,211
B3_pooled_gaussian,0,B2_FB0,0,undelivered_activation_share,computed,-0.00493654239792,-0.015639714321,0.00681132336275,-0.879423734097,0.379171568047,211
B3_pooled_gaussian,0,B2_FB0,0,committed_mw_hours,computed,11.6732990165,7.8137796111,15.7562211972,5.86921082549,4.37874350467e-09,211
B3_pooled_gaussian,0.5,B2_FB0,0,total_eur,computed,398.110780361,266.646520272,553.320684645,5.48373551122,4.16437242449e-08,211
B3_pooled_gaussian,0.5,B2_FB0,0,undelivered_activation_share,computed,-0.0051167096963,-0.0153959107687,0.00615026336171,-0.953748601952,0.340210912034,211
B3_pooled_gaussian,0.5,B2_FB0,0,committed_mw_hours,computed,9.00597048572,5.50236854847,12.7302955193,4.80886770997,1.51787611101e-06,211
B3_pooled_gaussian_directqr,0,B2_FB0,0,total_eur,computed,446.505901475,295.229394599,608.559935092,5.56521177366,2.61834229341e-08,211
B3_pooled_gaussian_directqr,0,B2_FB0,0,undelivered_activation_share,computed,-0.00463461490066,-0.0152346986795,0.00714694102074,-0.827514260497,0.407945642682,211
B3_pooled_gaussian_directqr,0,B2_FB0,0,committed_mw_hours,computed,12.1661807032,8.31826140355,16.2115800388,6.06969199072,1.28155800916e-09,211
B3_pooled_gaussian_directqr,0.5,B2_FB0,0,total_eur,computed,404.034675137,270.061205973,561.244569645,5.38642346594,7.18735131069e-08,211
B3_pooled_gaussian_directqr,0.5,B2_FB0,0,undelivered_activation_share,computed,-0.00486962113636,-0.0151626780289,0.00630706363151,-0.907364509057,0.364214071089,211
B3_pooled_gaussian_directqr,0.5,B2_FB0,0,committed_mw_hours,computed,9.24543148479,5.76129878327,12.9850440332,4.95426129584,7.26055860049e-07,211
B3_pooled_gaussian_gate,0,B2_FB0,0,total_eur,computed,440.608903464,293.861808468,598.3166874,5.53920268749,3.03851814378e-08,211
B3_pooled_gaussian_gate,0,B2_FB0,0,undelivered_activation_share,computed,-0.0049084752006,-0.0154333793617,0.00616278543967,-0.913492237058,0.360983714553,211
B3_pooled_gaussian_gate,0,B2_FB0,0,committed_mw_hours,computed,11.9025253397,8.18554651688,15.6551716078,6.17696603,6.53451258424e-10,211
B3_pooled_gaussian_gate,0.5,B2_FB0,0,total_eur,computed,397.141807446,262.868154895,557.209134682,5.27808255992,1.30542651125e-07,211
B3_pooled_gaussian_gate,0.5,B2_FB0,0,undelivered_activation_share,computed,-0.0048189735351,-0.0153465192695,0.00627451734641,-0.902928242499,0.366563980257,211
B3_pooled_gaussian_gate,0.5,B2_FB0,0,committed_mw_hours,computed,8.49967662476,5.1369782328,12.0750871191,4.79352979499,1.6387210806e-06,211
B3_pooled_gaussian_no_cross,0,B2_FB0,0,total_eur,computed,397.753421254,263.675947232,551.158751633,5.35038661433,8.77665285301e-08,211
B3_pooled_gaussian_no_cross,0,B2_FB0,0,undelivered_activation_share,computed,-0.00670155555755,-0.0173535931806,0.00417913594887,-1.22969453556,0.218811513866,211
B3_pooled_gaussian_no_cross,0,B2_FB0,0,committed_mw_hours,computed,11.7272598622,7.9596792387,15.6634163802,5.94680231453,2.73431298115e-09,211
B3_pooled_gaussian_no_cross,0.5,B2_FB0,0,total_eur,computed,347.753098915,215.09206146,510.149552834,4.51109686559,6.44932590339e-06,211
B3_pooled_gaussian_no_cross,0.5,B2_FB0,0,undelivered_activation_share,computed,-0.00900174366112,-0.0198050957036,0.00172991740841,-1.68108572338,0.0927462650389,211
B3_pooled_gaussian_no_cross,0.5,B2_FB0,0,committed_mw_hours,computed,7.08926963189,3.42592830164,10.9775939271,3.71491883522,0.000203268928629,211
B3_pooled_independent,0,B2_FB0,0,total_eur,computed,414.633709444,264.487746445,579.234031799,5.09353060979,3.51456275981e-07,211
B3_pooled_independent,0,B2_FB0,0,undelivered_activation_share,computed,-0.00802617549496,-0.0193165832032,0.0038624096789,-1.37700907056,0.16850944349,211
B3_pooled_independent,0,B2_FB0,0,committed_mw_hours,computed,10.8796681008,7.28389210602,14.7391104936,5.73074327623,9.99915054932e-09,211
B3_pooled_independent,0.5,B2_FB0,0,total_eur,computed,393.768619075,242.819707967,559.748630488,4.86992292841,1.11641785441e-06,211
B3_pooled_independent,0.5,B2_FB0,0,undelivered_activation_share,computed,-0.00751121139453,-0.0182422398087,0.00330913277402,-1.39203368932,0.163912196461,211
B3_pooled_independent,0.5,B2_FB0,0,committed_mw_hours,computed,8.63857789563,4.78188382349,12.4611438094,4.51072058364,6.46077778446e-06,211
X06_rebuild,0,B2_FB0,0,total_eur,computed,275.905961746,173.103344584,420.737442377,4.11936441016,3.79918904727e-05,211
X06_rebuild,0,B2_FB0,0,undelivered_activation_share,computed,0.0041115905466,-0.00626537707249,0.0151407429842,0.772069953669,0.440072996772,211
X06_rebuild,0,B2_FB0,0,committed_mw_hours,computed,9.1645248512,5.08796107757,13.2598124194,4.25531800154,2.08752109038e-05,211
X09_rebuild,0,B2_FB0,0,total_eur,computed,426.311594783,284.40452848,563.830067503,5.82511898653,5.70719230508e-09,211
X09_rebuild,0,B2_FB0,0,undelivered_activation_share,computed,-0.010379032658,-0.02277033985,0.000788186771953,-1.76465913239,0.077621070899,211
X09_rebuild,0,B2_FB0,0,committed_mw_hours,computed,8.15431611933,4.25311728537,12.100626223,4.00869430124,6.10553919683e-05,211
X14_rebuild,0,B2_FB0,0,total_eur,computed,230.375288806,67.5168564522,369.842239254,2.95698345823,0.00310664783838,211
X14_rebuild,0,B2_FB0,0,undelivered_activation_share,computed,0.00226409806936,-0.00675413366302,0.0112312130356,0.494576964511,0.620898765902,211
X14_rebuild,0,B2_FB0,0,committed_mw_hours,computed,4.2273628524,0.781624163289,7.40704033122,2.3918310714,0.0167645565156,211
X14_rebuild,0.1,B2_FB0,0,total_eur,computed,181.361062662,24.7982592162,316.393681082,2.41827200287,0.0155944148768,211
X14_rebuild,0.1,B2_FB0,0,undelivered_activation_share,computed,-0.00137531662419,-0.0107880787334,0.00733018409542,-0.302548538058,0.76223393795,211
X14_rebuild,0.1,B2_FB0,0,committed_mw_hours,computed,0.778262593449,-2.58801109876,3.92193712976,0.451179609209,0.651860104632,211
X14_rebuild,0.5,B2_FB0,0,total_eur,computed,-207.121722649,-348.643199811,-72.1298343464,-2.93807114316,0.00330261227606,211
X14_rebuild,0.5,B2_FB0,0,undelivered_activation_share,computed,-0.0130446626063,-0.0216573564692,-0.00496017220412,-3.13297435564,0.00173044560353,211
X14_rebuild,0.5,B2_FB0,0,committed_mw_hours,computed,-16.0560652018,-19.6951242175,-12.8263606181,-8.90703716938,5.24144885471e-19,211
B2_FB0_gate,0,X14_rebuild,0,total_eur,computed,-245.540495638,-381.013138894,-85.8289847147,-3.24059008431,0.00119282576036,211
B2_FB0_gate,0,X14_rebuild,0,undelivered_activation_share,computed,-0.00239842486007,-0.0111636516092,0.00641599774133,-0.53037600932,0.595851256182,211
B2_FB0_gate,0,X14_rebuild,0,committed_mw_hours,computed,-4.2273628524,-7.40704033122,-0.781624163289,-2.3918310714,0.0167645565156,211
B3_fb2_plus_weather_s3a,0,X14_rebuild,0,total_eur,computed,79.9024387226,-81.1100752693,223.308454259,1.06801085872,0.285515613638,209
B3_fb2_plus_weather_s3a,0,X14_rebuild,0,undelivered_activation_share,computed,-0.00791759501738,-0.0138226097347,-0.00254003820392,-2.7730218387,0.00555383934382,209
B3_fb2_plus_weather_s3a,0,X14_rebuild,0,committed_mw_hours,computed,5.31224221452,3.42657847542,7.43232929367,4.9725578646,6.60752396884e-07,209
B3_fb2_plus_weather_s3a,0.5,X14_rebuild,0,total_eur,computed,0.649301687327,-167.086229742,158.754880836,0.00799109208432,0.99362409886,209
B3_fb2_plus_weather_s3a,0.5,X14_rebuild,0,undelivered_activation_share,computed,-0.0116527186435,-0.0176988091096,-0.0061390125198,-3.99244980491,6.53941783979e-05,209
B3_fb2_plus_weather_s3a,0.5,X14_rebuild,0,committed_mw_hours,computed,0.46326646177,-1.60937716975,2.76637146361,0.407758490082,0.683450991433,209
B3_fb2_s3a,0,X14_rebuild,0,total_eur,computed,199.902425432,113.451993368,315.077142292,3.8602087993,0.00011329017787,211
B3_fb2_s3a,0,X14_rebuild,0,undelivered_activation_share,computed,-0.00649711777461,-0.0105567476089,-0.00191601245936,-2.95091833239,0.00316830677106,211
B3_fb2_s3a,0,X14_rebuild,0,committed_mw_hours,computed,7.72449629398,5.90610758311,9.93940256915,7.35269833306,1.94244998333e-13,211
B3_fb2_s3a,0.5,X14_rebuild,0,total_eur,computed,162.919089916,77.4945144009,292.519124722,2.86156401813,0.00421556358138,211
B3_fb2_s3a,0.5,X14_rebuild,0,undelivered_activation_share,computed,-0.00738962670285,-0.0118516514383,-0.00283122502321,-3.21311040651,0.00131305804075,211
B3_fb2_s3a,0.5,X14_rebuild,0,committed_mw_hours,computed,4.77369079025,3.09263507508,6.75216489,5.03834981111,4.69562666265e-07,211
B3_hist_independent,0,X14_rebuild,0,total_eur,computed,98.2833448812,26.9151150799,187.060579878,2.39747384458,0.016508559534,211
B3_hist_independent,0,X14_rebuild,0,undelivered_activation_share,computed,-0.0152092453376,-0.0210620403412,-0.00985959827014,-5.43743190183,5.40539990437e-08,211
B3_hist_independent,0,X14_rebuild,0,committed_mw_hours,computed,4.61103968825,2.91907875943,6.5449118405,4.9577310209,7.13212108665e-07,211
B3_hist_independent,0.5,X14_rebuild,0,total_eur,computed,50.4875712796,-42.9003985568,159.978397946,1.00000106044,0.317309994672,211
B3_hist_independent,0.5,X14_rebuild,0,undelivered_activation_share,computed,-0.0163644018421,-0.0224954709559,-0.0107628125702,-5.48611667626,4.10865577514e-08,211
B3_hist_independent,0.5,X14_rebuild,0,committed_mw_hours,computed,2.42121557213,1.04570967634,3.90768130947,3.36700092604,0.000759904331703,211
B3_hist_paired,0,X14_rebuild,0,total_eur,computed,100.269940796,34.4861234128,210.247704462,2.00700739271,0.0447488758272,211
B3_hist_paired,0,X14_rebuild,0,undelivered_activation_share,computed,-0.0168849028511,-0.0233133901942,-0.0112282094043,-5.66394822017,1.47929062679e-08,211
B3_hist_paired,0,X14_rebuild,0,committed_mw_hours,computed,5.05987068369,3.2161472632,6.85628202482,5.58106457551,2.39050862582e-08,211
B3_hist_paired,0.5,X14_rebuild,0,total_eur,computed,74.9736542898,4.29043917032,187.304100973,1.43328900698,0.151775262246,211
B3_hist_paired,0.5,X14_rebuild,0,undelivered_activation_share,computed,-0.0170930421071,-0.0236055646632,-0.0113651546171,-5.56973750805,2.55123398125e-08,211
B3_hist_paired,0.5,X14_rebuild,0,committed_mw_hours,computed,4.60390482989,2.91616233886,6.22844087273,5.53360103969,3.13722122525e-08,211
B3_hist_paired_shortfall,0,X14_rebuild,0,total_eur,computed,320.88657579,240.521696447,419.155265711,7.07081895624,1.54021978529e-12,211
B3_hist_paired_shortfall,0,X14_rebuild,0,undelivered_activation_share,computed,0.00637445707508,0.00183174051277,0.0117528743131,2.58970461286,0.00960583177455,211
B3_hist_paired_shortfall,0,X14_rebuild,0,committed_mw_hours,computed,19.6900903532,17.9002287273,21.5459392883,21.7689494458,4.56984651693e-105,211
B3_hist_paired_shortfall,0.5,X14_rebuild,0,total_eur,computed,281.562898367,196.168953401,381.51878561,5.94394146865,2.78248990148e-09,211
B3_hist_paired_shortfall,0.5,X14_rebuild,0,undelivered_activation_share,computed,0.00684808438928,0.00267187507268,0.0121126280742,2.931697618,0.003371148085,211
B3_hist_paired_shortfall,0.5,X14_rebuild,0,committed_mw_hours,computed,18.8808465977,17.0269280976,20.8611100339,19.8206531309,1.97528469974e-87,211
B3_pooled_empirical,0,X14_rebuild,0,total_eur,computed,149.562157602,80.576310464,281.152063284,2.68206731603,0.0073168734879,211
B3_pooled_empirical,0,X14_rebuild,0,undelivered_activation_share,computed,-0.0111262843153,-0.0169491331012,-0.00499632824827,-3.58909691214,0.000331825477701,211
B3_pooled_empirical,0,X14_rebuild,0,committed_mw_hours,computed,4.02856487068,2.43551858976,6.21128507155,4.16460880977,3.11886858176e-05,211
B3_pooled_empirical,0.5,X14_rebuild,0,total_eur,computed,154.036085439,49.8133638548,280.137938407,2.63924545304,0.00830907963941,211
B3_pooled_empirical,0.5,X14_rebuild,0,undelivered_activation_share,computed,-0.0116705075436,-0.0174911714595,-0.00564484509437,-3.84768925232,0.00011923716085,211
B3_pooled_empirical,0.5,X14_rebuild,0,committed_mw_hours,computed,2.11414380867,0.556795590144,3.64297439675,2.73973620288,0.00614885145234,211
B3_pooled_empirical_analog,0,X14_rebuild,0,total_eur,computed,193.759995607,104.51931708,308.165663781,3.77941739643,0.000157195729739,211
B3_pooled_empirical_analog,0,X14_rebuild,0,undelivered_activation_share,computed,-0.0102770643027,-0.0159556697989,-0.00428508198473,-3.45951531737,0.000541148497612,211
B3_pooled_empirical_analog,0,X14_rebuild,0,committed_mw_hours,computed,4.99411422169,3.49910318368,6.6322990786,6.46387295152,1.02056567705e-10,211
B3_pooled_empirical_analog,0.5,X14_rebuild,0,total_eur,computed,159.052120283,57.741193212,280.969071479,2.87888869741,0.00399079152519,211
B3_pooled_empirical_analog,0.5,X14_rebuild,0,undelivered_activation_share,computed,-0.0100064534856,-0.0154569664101,-0.00402944520434,-3.3965741567,0.000682350655902,211
B3_pooled_empirical_analog,0.5,X14_rebuild,0,committed_mw_hours,computed,2.82215448189,1.24602668538,4.43143374292,3.5655092645,0.000363150332502,211
B3_pooled_empirical_directqr,0,X14_rebuild,0,total_eur,computed,183.184978817,97.5569555723,294.177347871,3.70238577601,0.000213581527369,211
B3_pooled_empirical_directqr,0,X14_rebuild,0,undelivered_activation_share,computed,-0.0104871011979,-0.0163671570178,-0.00473205473805,-3.48515956638,0.000491843642525,211
B3_pooled_empirical_directqr,0,X14_rebuild,0,committed_mw_hours,computed,4.65576073344,3.3069918892,6.2127392652,6.32099930809,2.59877189424e-10,211
B3_pooled_empirical_directqr,0.5,X14_rebuild,0,total_eur,computed,159.182867751,52.9962002224,288.650584681,2.70435518749,0.00684370923883,211
B3_pooled_empirical_directqr,0.5,X14_rebuild,0,undelivered_activation_share,computed,-0.0111424209989,-0.016960408707,-0.00509733616311,-3.72921650949,0.00019207606484,211
B3_pooled_empirical_directqr,0.5,X14_rebuild,0,committed_mw_hours,computed,2.26759354541,0.577589652453,3.90374683632,2.72047529883,0.00651881419936,211
B3_pooled_gaussian,0,X14_rebuild,0,total_eur,computed,215.904166789,132.971514979,335.62429941,4.06092336474,4.88790152177e-05,211
B3_pooled_gaussian,0,X14_rebuild,0,undelivered_activation_share,computed,-0.00720064046729,-0.0115472292866,-0.00155798202564,-2.85962586036,0.00424141075523,211
B3_pooled_gaussian,0,X14_rebuild,0,committed_mw_hours,computed,7.44593616406,5.44931271948,9.75464100675,6.86673579921,6.56875599494e-12,211
B3_pooled_gaussian,0.5,X14_rebuild,0,total_eur,computed,167.735491555,90.4137675923,293.818300553,3.0864638346,0.00202552584775,211
B3_pooled_gaussian,0.5,X14_rebuild,0,undelivered_activation_share,computed,-0.00738080776566,-0.012015833293,-0.00205528898797,-2.91117967145,0.00360066899936,211
B3_pooled_gaussian,0.5,X14_rebuild,0,committed_mw_hours,computed,4.77860763332,2.90516783257,6.89836729095,4.73351683974,2.20662646661e-06,211
B3_pooled_gaussian_directqr,0,X14_rebuild,0,total_eur,computed,216.130612668,133.845041896,334.571987886,4.09670387674,4.19074416539e-05,211
B3_pooled_gaussian_directqr,0,X14_rebuild,0,undelivered_activation_share,computed,-0.00689871297002,-0.0112211464564,-0.00125292407249,-2.74544250889,0.00604293543754,211
B3_pooled_gaussian_directqr,0,X14_rebuild,0,committed_mw_hours,computed,7.93881785075,5.99591210883,10.0605195665,7.74747965951,9.37343425648e-15,211
B3_pooled_gaussian_directqr,0.5,X14_rebuild,0,total_eur,computed,173.659386331,94.2302555624,301.89320207,3.12590889568,0.00177256455911,211
B3_pooled_gaussian_directqr,0.5,X14_rebuild,0,undelivered_activation_share,computed,-0.00713371920573,-0.0116265017339,-0.00183044008839,-2.85154390721,0.00435074771122,211
B3_pooled_gaussian_directqr,0.5,X14_rebuild,0,committed_mw_hours,computed,5.01806863239,3.13186054748,7.11617969442,4.88276747373,1.0460720067e-06,211
B3_pooled_gaussian_gate,0,X14_rebuild,0,total_eur,computed,210.233614657,130.841584844,329.52020744,4.05347092354,5.04632745938e-05,211
B3_pooled_gaussian_gate,0,X14_rebuild,0,undelivered_activation_share,computed,-0.00717257326997,-0.0114377048998,-0.00203893241201,-3.04667951569,0.00231384267453,211
B3_pooled_gaussian_gate,0,X14_rebuild,0,committed_mw_hours,computed,7.67516248725,5.93251716593,9.64783154941,8.07460960044,6.76928742358e-16,211
B3_pooled_gaussian_gate,0.5,X14_rebuild,0,total_eur,computed,166.76651864,85.9635450096,295.918687402,2.98138876277,0.00286944270321,211
B3_pooled_gaussian_gate,0.5,X14_rebuild,0,undelivered_activation_share,computed,-0.00708307160446,-0.0117319572053,-0.00166334866749,-2.76964309231,0.0056117748273,211
B3_pooled_gaussian_gate,0.5,X14_rebuild,0,committed_mw_hours,computed,4.27231377236,2.37210538104,6.39344985097,4.18894683376,2.80252042498e-05,211
B3_pooled_gaussian_no_cross,0,X14_rebuild,0,total_eur,computed,167.378132448,58.3731994669,305.031804765,2.62737048007,0.00860475924179,211
B3_pooled_gaussian_no_cross,0,X14_rebuild,0,undelivered_activation_share,computed,-0.00896565362692,-0.0132167189481,-0.00437838688971,-3.99413809715,6.49300133489e-05,211
B3_pooled_gaussian_no_cross,0,X14_rebuild,0,committed_mw_hours,computed,7.49989700976,5.60382193699,9.75340466127,7.0554411421,1.72053999224e-12,211
B3_pooled_gaussian_no_cross,0.5,X14_rebuild,0,total_eur,computed,117.377810109,28.1498729104,256.216359034,1.92400183268,0.0543543537492,211
B3_pooled_gaussian_no_cross,0.5,X14_rebuild,0,undelivered_activation_share,computed,-0.0112658417305,-0.0165663041592,-0.00619770516571,-4.408730671,1.03978234849e-05,211
B3_pooled_gaussian_no_cross,0.5,X14_rebuild,0,committed_mw_hours,computed,2.86190677949,0.499480270644,5.24134278434,2.42826391882,0.0151712987173,211
B3_pooled_independent,0,X14_rebuild,0,total_eur,computed,184.258420638,84.1041126502,316.085133088,3.109258737,0.00187557392982,211
B3_pooled_independent,0,X14_rebuild,0,undelivered_activation_share,computed,-0.0102902735643,-0.016436646879,-0.00415595034685,-3.33263171541,0.000860287380065,211
B3_pooled_independent,0,X14_rebuild,0,committed_mw_hours,computed,6.6523052484,4.69551875704,8.87213938227,6.0574938819,1.38258598799e-09,211
B3_pooled_independent,0.5,X14_rebuild,0,total_eur,computed,163.393330268,85.1313007813,280.52965062,3.15675331397,0.00159536249886,211
B3_pooled_independent,0.5,X14_rebuild,0,undelivered_activation_share,computed,-0.0097753094639,-0.0144228810778,-0.00482174436485,-3.99579356573,6.44779017648e-05,211
B3_pooled_independent,0.5,X14_rebuild,0,committed_mw_hours,computed,4.41121504323,2.20308107189,6.61973902942,4.00077874004,6.31343700789e-05,211
X06_rebuild,0,X14_rebuild,0,total_eur,computed,45.5306729396,-52.3699716119,199.113191925,0.693224486127,0.488168683931,211
X06_rebuild,0,X14_rebuild,0,undelivered_activation_share,computed,0.00184749247724,-0.00212522309865,0.0068576403229,0.791455451753,0.428678262279,211
X06_rebuild,0,X14_rebuild,0,committed_mw_hours,computed,4.9371619988,3.52740900684,6.53941965148,6.29636023866,3.04715764932e-10,211
X09_rebuild,0,X14_rebuild,0,total_eur,computed,195.936305976,102.763635834,307.708291303,3.74632445017,0.000179444475796,211
X09_rebuild,0,X14_rebuild,0,undelivered_activation_share,computed,-0.0126431307273,-0.0179184060049,-0.00772366080374,-4.92500881378,8.43565518999e-07,211
X09_rebuild,0,X14_rebuild,0,committed_mw_hours,computed,3.92695326693,2.20699693178,5.62299734534,4.55784321501,5.16815930271e-06,211
X14_rebuild,0.1,X14_rebuild,0,total_eur,computed,-49.0142261439,-76.8427006365,-25.1154199874,-3.56521547283,0.000363557380239,211
X14_rebuild,0.1,X14_rebuild,0,undelivered_activation_share,computed,-0.00363941469355,-0.00582848243955,-0.00154836019973,-3.42804975491,0.000607934029902,211
X14_rebuild,0.1,X14_rebuild,0,committed_mw_hours,computed,-3.44910025895,-3.67652061158,-3.20549178906,-29.3729999835,1.21530564939e-189,211
X14_rebuild,0.5,X14_rebuild,0,total_eur,computed,-437.497011456,-553.712131173,-321.651400079,-7.29831869327,2.91385808153e-13,211
X14_rebuild,0.5,X14_rebuild,0,undelivered_activation_share,computed,-0.0153087606757,-0.0222534766391,-0.00882606619105,-4.72199910547,2.33537709961e-06,211
X14_rebuild,0.5,X14_rebuild,0,committed_mw_hours,computed,-20.2834280542,-21.2871637983,-19.2426800392,-38.6085396323,0,211
B3_hist_paired,0,B3_hist_independent,0,total_eur,computed,1.98659591526,-26.6380365277,58.0364636622,0.0751801214316,0.940071400387,211
B3_hist_paired,0,B3_hist_independent,0,undelivered_activation_share,computed,-0.00167565751346,-0.00517394270066,0.00180179481156,-0.949476545882,0.342378295267,211
B3_hist_paired,0,B3_hist_independent,0,committed_mw_hours,computed,0.448830995438,-0.389726209005,1.14059045877,1.0626516385,0.287939960027,211
B3_pooled_gaussian,0,B3_pooled_independent,0,total_eur,computed,31.645746151,-18.998372051,92.1615103709,1.12176781973,0.261961172088,211
B3_pooled_gaussian,0,B3_pooled_independent,0,undelivered_activation_share,computed,0.00308963309704,-8.45888020938e-05,0.00812945021706,1.46527367628,0.142846265432,211
B3_pooled_gaussian,0,B3_pooled_independent,0,committed_mw_hours,computed,0.793630915661,-0.304791111436,1.91103022023,1.44648066559,0.148042431104,211
B3_pooled_empirical,0,B3_pooled_independent,0,total_eur,computed,-34.6962630359,-90.1682930357,40.6525932052,-1.01089186717,0.312068186974,211
B3_pooled_empirical,0,B3_pooled_independent,0,undelivered_activation_share,computed,-0.00083601075101,-0.0053322629277,0.00426805466793,-0.353498979431,0.72371439374,211
B3_pooled_empirical,0,B3_pooled_independent,0,committed_mw_hours,computed,-2.62374037772,-4.9113574169,-0.198342156264,-2.22499704119,0.026081436777,211
B3_pooled_gaussian,0,B3_pooled_gaussian_no_cross,0,total_eur,computed,48.5260343409,-6.89481359115,124.262312832,1.40307851673,0.160593426661,211
B3_pooled_gaussian,0,B3_pooled_gaussian_no_cross,0,undelivered_activation_share,computed,0.00176501315963,-0.00140519612169,0.00602430078338,0.899586460036,0.368340365416,211
B3_pooled_gaussian,0,B3_pooled_gaussian_no_cross,0,committed_mw_hours,computed,-0.0539608456962,-1.36559353386,1.25272726976,-0.0808189249683,0.935585957353,211
B3_pooled_gaussian,0,B3_pooled_empirical,0,total_eur,computed,66.3420091869,4.92552881507,106.667910213,2.32301354914,0.0201784245799,211
B3_pooled_gaussian,0,B3_pooled_empirical,0,undelivered_activation_share,computed,0.00392564384805,0.00082673119797,0.00808549566159,2.11274328894,0.0346227459821,211
B3_pooled_gaussian,0,B3_pooled_empirical,0,committed_mw_hours,computed,3.41737129339,1.00490294337,5.54058064722,3.06208759078,0.00219799124381,211
B3_pooled_gaussian_gate,0,B3_pooled_gaussian,0,total_eur,computed,-5.67055213118,-25.9248279671,9.70142067187,-0.621401935743,0.534335198734,211
B3_pooled_gaussian_gate,0,B3_pooled_gaussian,0,undelivered_activation_share,computed,2.80671973209e-05,-0.00156979040137,0.001255713616,0.0388655904867,0.968997550644,211
B3_pooled_gaussian_gate,0,B3_pooled_gaussian,0,committed_mw_hours,computed,0.229226323186,-0.795467572713,1.27130658078,0.42563430362,0.670374340067,211
B3_pooled_gaussian_directqr,0,B3_pooled_gaussian,0,total_eur,computed,0.226445879685,-4.44357409071,6.8502342745,0.0732363960972,0.941618004241,211
B3_pooled_gaussian_directqr,0,B3_pooled_gaussian,0,undelivered_activation_share,computed,0.000301927497267,7.94793500302e-05,0.000608224500059,2.18107359097,0.0291779738095,211
B3_pooled_gaussian_directqr,0,B3_pooled_gaussian,0,committed_mw_hours,computed,0.492881686692,-0,1.23548627002,1.41863461397,0.156005568986,211
B3_pooled_empirical_analog,0,B3_pooled_empirical,0,total_eur,computed,44.1978380057,2.50058417146,59.6145826601,1.66610682259,0.0956921398936,211
B3_pooled_empirical_analog,0,B3_pooled_empirical,0,undelivered_activation_share,computed,0.000849220012589,-0.000842531749128,0.00237047956831,1.03871282529,0.298938314603,211
B3_pooled_empirical_analog,0,B3_pooled_empirical,0,committed_mw_hours,computed,0.965549351014,-0.358941227193,1.96069576153,1.48322020068,0.138015915835,211
B3_pooled_empirical_directqr,0,B3_pooled_empirical,0,total_eur,computed,33.6228212154,-9.53055348614,50.0546272962,1.25061571844,0.21107471306,211
B3_pooled_empirical_directqr,0,B3_pooled_empirical,0,undelivered_activation_share,computed,0.000639183117415,-0.000301375542229,0.00167735414421,1.11175425619,0.266243824757,211
B3_pooled_empirical_directqr,0,B3_pooled_empirical,0,committed_mw_hours,computed,0.627195862759,-0.706445477986,1.63398385559,0.940219306475,0.347105080641,211
B3_pooled_gaussian,0,B3_fb2_s3a,0,total_eur,computed,16.0017413569,2.40798708272,36.4921729837,1.74204532349,0.0815005137889,211
B3_pooled_gaussian,0,B3_fb2_s3a,0,undelivered_activation_share,computed,-0.000703522692675,-0.00244786165242,0.00141415764284,-0.717266560929,0.473209635995,211
B3_pooled_gaussian,0,B3_fb2_s3a,0,committed_mw_hours,computed,-0.278560129922,-1.20618117742,0.653879837819,-0.605485168501,0.544856676453,211
B3_fb2_plus_weather_s3a,0,B3_fb2_s3a,0,total_eur,computed,-118.870701392,-255.448162765,-36.9387787998,-2.16249596957,0.0305799674221,209
B3_fb2_plus_weather_s3a,0,B3_fb2_s3a,0,undelivered_activation_share,computed,-0.00135830423919,-0.00623648147137,0.00225400705183,-0.634520925264,0.525740915111,209
B3_fb2_plus_weather_s3a,0,B3_fb2_s3a,0,committed_mw_hours,computed,-2.35388835578,-4.43924632017,-0.301817237283,-2.20498871258,0.0274548866049,209
B3_hist_paired,0,B3_hist_paired_shortfall,0,total_eur,computed,-220.616634994,-298.05301466,-120.657075676,-4.42637686609,9.58290430272e-06,211
B3_hist_paired,0,B3_hist_paired_shortfall,0,undelivered_activation_share,computed,-0.0232593599261,-0.0299271523511,-0.0175148637694,-7.22312720619,5.08054475727e-13,211
B3_hist_paired,0,B3_hist_paired_shortfall,0,committed_mw_hours,computed,-14.6302196695,-16.1630036253,-13.3890759127,-20.9185228391,3.63190170221e-97,211
B3_hist_paired,0.5,B3_hist_independent,0.5,total_eur,computed,24.4860830101,-15.4734111984,87.9304426574,0.84091779128,0.400393990694,211
B3_hist_paired,0.5,B3_hist_independent,0.5,undelivered_activation_share,computed,-0.000728640264967,-0.00443459887206,0.00286281573962,-0.397368524239,0.691095722853,211
B3_hist_paired,0.5,B3_hist_independent,0.5,committed_mw_hours,computed,2.18268925776,1.34873749001,2.91370575722,5.28600547474,1.25016153731e-07,211
B3_pooled_gaussian,0.5,B3_pooled_independent,0.5,total_eur,computed,4.34216128625,-35.0990202439,46.6887118334,0.194585008146,0.845717840483,211
B3_pooled_gaussian,0.5,B3_pooled_independent,0.5,undelivered_activation_share,computed,0.00239450169823,2.83404782673e-05,0.00537469943831,1.73281723124,0.0831281591795,211
B3_pooled_gaussian,0.5,B3_pooled_independent,0.5,committed_mw_hours,computed,0.367392590097,-0.45598741487,1.3016798139,0.794070597577,0.427154333391,211
B3_pooled_empirical,0.5,B3_pooled_independent,0.5,total_eur,computed,-9.35724482927,-78.8621126832,34.3911955399,-0.294193508791,0.768610040524,211
B3_pooled_empirical,0.5,B3_pooled_independent,0.5,undelivered_activation_share,computed,-0.00189519807973,-0.00517658629414,0.00125269529283,-1.1578659191,0.246918757418,211
B3_pooled_empirical,0.5,B3_pooled_independent,0.5,committed_mw_hours,computed,-2.29707123456,-4.00479129401,-0.848788699325,-2.81285133787,0.00491043472923,211
B3_pooled_gaussian,0.5,B3_pooled_gaussian_no_cross,0.5,total_eur,computed,50.3576814461,6.95143119213,89.8736317318,2.38643470602,0.0170126280893,211
B3_pooled_gaussian,0.5,B3_pooled_gaussian_no_cross,0.5,undelivered_activation_share,computed,0.00388503396482,0.000768700046099,0.00782051472303,2.14721399976,0.0317762486718,211
B3_pooled_gaussian,0.5,B3_pooled_gaussian_no_cross,0.5,committed_mw_hours,computed,1.91670085384,0.960244548884,3.11891308578,3.50397152704,0.000458374364783,211
B3_pooled_gaussian,0.5,B3_pooled_empirical,0.5,total_eur,computed,13.6994061155,-22.8414280046,78.5120585565,0.454397496077,0.649542754243,211
B3_pooled_gaussian,0.5,B3_pooled_empirical,0.5,undelivered_activation_share,computed,0.00428969977796,0.00161348892273,0.00783592005188,2.57760458834,0.00994877690982,211
B3_pooled_gaussian,0.5,B3_pooled_empirical,0.5,committed_mw_hours,computed,2.66446382466,1.54653642608,4.25295500572,3.60905401091,0.000307315627106,211
B3_pooled_gaussian_gate,0.5,B3_pooled_gaussian,0.5,total_eur,computed,-0.968972914622,-16.6126895603,20.067794154,-0.0996579070772,0.920615919401,211
B3_pooled_gaussian_gate,0.5,B3_pooled_gaussian,0.5,undelivered_activation_share,computed,0.000297736161203,-0.000614874694859,0.000961431780451,0.723496085465,0.469375158207,211
B3_pooled_gaussian_gate,0.5,B3_pooled_gaussian,0.5,committed_mw_hours,computed,-0.506293860968,-1.46303752332,0.345377953446,-1.09755907974,0.272397069481,211
B3_pooled_gaussian_directqr,0.5,B3_pooled_gaussian,0.5,total_eur,computed,5.9238947765,-6.23664401995,26.6191448994,0.624458890411,0.532326260234,211
B3_pooled_gaussian_directqr,0.5,B3_pooled_gaussian,0.5,undelivered_activation_share,computed,0.000247088559937,4.26884785613e-05,0.000466571596506,2.3460358273,0.0189742834942,211
B3_pooled_gaussian_directqr,0.5,B3_pooled_gaussian,0.5,committed_mw_hours,computed,0.239460999062,-0,0.718382997186,1.01720122688,0.309057712515,211
B3_pooled_empirical_analog,0.5,B3_pooled_empirical,0.5,total_eur,computed,5.01603484424,-16.0786560515,30.4204698968,0.431945538892,0.665780995989,211
B3_pooled_empirical_analog,0.5,B3_pooled_empirical,0.5,undelivered_activation_share,computed,0.00166405405797,-5.01827441295e-05,0.00333912060681,1.87842169813,0.0603234995114,211
B3_pooled_empirical_analog,0.5,B3_pooled_empirical,0.5,committed_mw_hours,computed,0.708010673227,-0.448864256912,2.13506968919,1.09012112716,0.275659790887,211
B3_pooled_empirical_directqr,0.5,B3_pooled_empirical,0.5,total_eur,computed,5.14678231228,-13.3692984531,28.1436343967,0.508398190505,0.61117412153,211
B3_pooled_empirical_directqr,0.5,B3_pooled_empirical,0.5,undelivered_activation_share,computed,0.000528086544747,-0.000345109461762,0.00161319169003,1.06797600183,0.285531337109,211
B3_pooled_empirical_directqr,0.5,B3_pooled_empirical,0.5,committed_mw_hours,computed,0.153449736745,-1.1587267157,1.54903450657,0.2248593077,0.822088726384,211
B3_pooled_gaussian,0.5,B3_fb2_s3a,0.5,total_eur,computed,4.81640163816,-27.6208288485,35.2452835833,0.294807752907,0.76814074356,211
B3_pooled_gaussian,0.5,B3_fb2_s3a,0.5,undelivered_activation_share,computed,8.81893718775e-06,-0.00210189805684,0.00244827629051,0.00762807885887,0.993913732674,211
B3_pooled_gaussian,0.5,B3_fb2_s3a,0.5,committed_mw_hours,computed,0.00491684307131,-0.790644130022,0.776541540742,0.0120513049078,0.990384682622,211
B3_fb2_plus_weather_s3a,0.5,B3_fb2_s3a,0.5,total_eur,computed,-161.920596317,-296.548034971,-84.5500624585,-2.88622001726,0.00389899485324,209
B3_fb2_plus_weather_s3a,0.5,B3_fb2_s3a,0.5,undelivered_activation_share,computed,-0.00419237797803,-0.00925115674395,4.68494282767e-05,-1.87210375538,0.0611922505606,209
B3_fb2_plus_weather_s3a,0.5,B3_fb2_s3a,0.5,committed_mw_hours,computed,-4.29730974135,-6.63526454548,-2.14813115636,-3.67406123581,0.000238725480339,209
B3_hist_paired,0.5,B3_hist_paired_shortfall,0.5,total_eur,computed,-206.589244077,-302.587355072,-95.4092251924,-3.54228504034,0.000396676581029,211
B3_hist_paired,0.5,B3_hist_paired_shortfall,0.5,undelivered_activation_share,computed,-0.0239411264963,-0.0309099996233,-0.0178898653471,-7.16380579291,7.84675464328e-13,211
B3_hist_paired,0.5,B3_hist_paired_shortfall,0.5,committed_mw_hours,computed,-14.2769417678,-15.8920919074,-12.9381598639,-19.0810085058,3.63183073687e-81,211
B3_fb2_plus_weather_s3a,0.5,B3_fb2_plus_weather_s3a,0,total_eur,computed,-79.2531370353,-127.549904449,-32.4120467721,-3.30578583972,0.000947104466719,209
B3_fb2_plus_weather_s3a,0.5,B3_fb2_plus_weather_s3a,0,undelivered_activation_share,computed,-0.00373512362609,-0.00626051706852,-0.00174441195023,-3.21372062023,0.00131027094971,209
B3_fb2_plus_weather_s3a,0.5,B3_fb2_plus_weather_s3a,0,committed_mw_hours,computed,-4.84897575275,-6.10683151626,-3.79774316139,-8.43639797397,3.27267098192e-17,209
B3_fb2_s3a,0.5,B3_fb2_s3a,0,total_eur,computed,-36.9833355151,-54.862627327,-3.90120078083,-2.37802121027,0.0174058246912,211
B3_fb2_s3a,0.5,B3_fb2_s3a,0,undelivered_activation_share,computed,-0.000892508928239,-0.00242720800675,0.000342226307936,-1.29907429828,0.19391843251,211
B3_fb2_s3a,0.5,B3_fb2_s3a,0,committed_mw_hours,computed,-2.95080550373,-4.06960103577,-1.96322936829,-5.57451583603,2.48219226925e-08,211
B3_hist_independent,0.5,B3_hist_independent,0,total_eur,computed,-47.7957736016,-87.9544556331,-12.6658396842,-2.54976777531,0.0107794694728,211
B3_hist_independent,0.5,B3_hist_independent,0,undelivered_activation_share,computed,-0.0011551565045,-0.00239834885758,0.000299199175091,-1.73504135031,0.0827334813314,211
B3_hist_independent,0.5,B3_hist_independent,0,committed_mw_hours,computed,-2.18982411612,-2.86073824916,-1.51059299898,-5.6349831259,1.75075478952e-08,211
B3_hist_paired,0.5,B3_hist_paired,0,total_eur,computed,-25.2962865067,-59.127741496,3.05435647464,-1.50019311461,0.133564386303,211
B3_hist_paired,0.5,B3_hist_paired,0,undelivered_activation_share,computed,-0.000208139256013,-0.00107720679286,0.000438812427521,-0.539925597687,0.589248343976,211
B3_hist_paired,0.5,B3_hist_paired,0,committed_mw_hours,computed,-0.455965853792,-0.806727780445,-0.0175284891589,-2.32696696873,0.0199670233555,211
B3_hist_paired_shortfall,0.5,B3_hist_paired_shortfall,0,total_eur,computed,-39.3236774228,-69.3682500863,-13.983117329,-2.78643680238,0.00532910082342,211
B3_hist_paired_shortfall,0.5,B3_hist_paired_shortfall,0,undelivered_activation_share,computed,0.000473627314194,-0.00019949308218,0.00138303818836,1.2190651058,0.222819482631,211
B3_hist_paired_shortfall,0.5,B3_hist_paired_shortfall,0,committed_mw_hours,computed,-0.809243755448,-1.14921762842,-0.420979164918,-4.34169006548,1.41390891021e-05,211
B3_pooled_empirical,0.5,B3_pooled_empirical,0,total_eur,computed,4.47392783747,-61.3551341348,27.5681325869,0.137996113176,0.890243489395,211
B3_pooled_empirical,0.5,B3_pooled_empirical,0,undelivered_activation_share,computed,-0.000544223228285,-0.00277899409368,0.00146953460773,-0.514853511011,0.606655389025,211
B3_pooled_empirical,0.5,B3_pooled_empirical,0,committed_mw_hours,computed,-1.91442106201,-4.08780506684,-0.422760511414,-2.03453240593,0.0418979447039,211
B3_pooled_empirical_analog,0.5,B3_pooled_empirical_analog,0,total_eur,computed,-34.707875324,-60.4675282264,-16.1663507255,-3.01597859564,0.00256151341232,211
B3_pooled_empirical_analog,0.5,B3_pooled_empirical_analog,0,undelivered_activation_share,computed,0.0002706108171,-0.00144029942564,0.00195840118829,0.305150920748,0.760251210282,211
B3_pooled_empirical_analog,0.5,B3_pooled_empirical_analog,0,committed_mw_hours,computed,-2.1719597398,-3.30137944284,-1.09382450205,-3.90927999681,9.25716183e-05,211
B3_pooled_empirical_directqr,0.5,B3_pooled_empirical_directqr,0,total_eur,computed,-24.0021110656,-58.3944043278,6.53845575088,-1.4668077745,0.142428354193,211
B3_pooled_empirical_directqr,0.5,B3_pooled_empirical_directqr,0,undelivered_activation_share,computed,-0.000655319800953,-0.00202773872573,0.000628635954843,-0.967440941338,0.333323651582,211
B3_pooled_empirical_directqr,0.5,B3_pooled_empirical_directqr,0,committed_mw_hours,computed,-2.38816718802,-3.94972235947,-0.978630477523,-3.09135947077,0.00199242267645,211
B3_pooled_gaussian,0.5,B3_pooled_gaussian,0,total_eur,computed,-48.1686752339,-76.4110089722,-8.35202213746,-2.52988859952,0.0114098746834,211
B3_pooled_gaussian,0.5,B3_pooled_gaussian,0,undelivered_activation_share,computed,-0.000180167298376,-0.00191220766306,0.00126397117091,-0.231029957866,0.817291528501,211
B3_pooled_gaussian,0.5,B3_pooled_gaussian,0,committed_mw_hours,computed,-2.66732853074,-3.65727244091,-1.59968391992,-5.30367449755,1.13494610624e-07,211
B3_pooled_gaussian_directqr,0.5,B3_pooled_gaussian_directqr,0,total_eur,computed,-42.4712263371,-62.4678830497,-12.2823912844,-2.99804285942,0.00271719457993,211
B3_pooled_gaussian_directqr,0.5,B3_pooled_gaussian_directqr,0,undelivered_activation_share,computed,-0.000235006235705,-0.00196174725126,0.00115910219514,-0.307919915561,0.758143271167,211
B3_pooled_gaussian_directqr,0.5,B3_pooled_gaussian_directqr,0,committed_mw_hours,computed,-2.92074921837,-3.69531848784,-2.22874020928,-7.7260335474,1.10949401554e-14,211
B3_pooled_gaussian_gate,0.5,B3_pooled_gaussian_gate,0,total_eur,computed,-43.4670960173,-69.6274894317,-5.63637985296,-2.46745043514,0.0136079059067,211
B3_pooled_gaussian_gate,0.5,B3_pooled_gaussian_gate,0,undelivered_activation_share,computed,8.95016655056e-05,-0.00156902844832,0.0015768081624,0.115419300161,0.908112781876,211
B3_pooled_gaussian_gate,0.5,B3_pooled_gaussian_gate,0,committed_mw_hours,computed,-3.40284871489,-4.66944497172,-2.18906795157,-5.34326501625,9.12871463992e-08,211
B3_pooled_gaussian_no_cross,0.5,B3_pooled_gaussian_no_cross,0,total_eur,computed,-50.0003223391,-113.08058696,36.4318306238,-1.30428712436,0.192135703682,211
B3_pooled_gaussian_no_cross,0.5,B3_pooled_gaussian_no_cross,0,undelivered_activation_share,computed,-0.00230018810357,-0.00603370260175,0.00119562008719,-1.21975974159,0.22255596692,211
B3_pooled_gaussian_no_cross,0.5,B3_pooled_gaussian_no_cross,0,committed_mw_hours,computed,-4.63799023027,-6.21568923977,-3.13715529298,-6.17450519504,6.63709991873e-10,211
B3_pooled_independent,0.5,B3_pooled_independent,0,total_eur,computed,-20.8650903692,-64.3867012329,40.4667641076,-0.750873414208,0.452728841652,211
B3_pooled_independent,0.5,B3_pooled_independent,0,undelivered_activation_share,computed,0.000514964100433,-0.0025961126152,0.00471078318006,0.284876109902,0.77573905948,211
B3_pooled_independent,0.5,B3_pooled_independent,0,committed_mw_hours,computed,-2.24109020518,-3.3795489202,-1.17622479807,-3.89048229665,0.000100045176111,211
